data,temp_max,temp_min,umidade_media,vento_max,evapotranspiracao,pressao_media
1997-01-01,26.6,19.6,90,11.5,2.87,917.8
1997-01-02,22.2,19.7,94,14.0,1.17,917.8
1997-01-03,21.6,19.1,96,9.1,0.98,918.2
1997-01-04,22.0,19.1,96,15.5,0.86,918.5
1997-01-05,22.6,19.0,95,12.1,1.23,918.9
1997-01-06,25.7,19.1,91,11.7,2.63,921.5
1997-01-07,28.5,17.4,83,9.7,4.95,923.3
1997-01-08,28.1,19.3,73,13.2,5.68,923.7
1997-01-09,27.2,17.3,76,8.2,4.99,922.8
1997-01-10,27.4,18.1,76,9.8,5.04,921.3
1997-01-11,27.6,18.6,80,12.5,4.92,921.7
1997-01-12,27.8,18.7,80,11.0,4.52,921.7
1997-01-13,26.8,19.7,84,8.7,4.01,921.7
1997-01-14,26.3,19.8,86,13.8,3.78,921.9
1997-01-15,28.3,19.0,80,9.4,4.95,921.9
1997-01-16,28.5,18.5,78,9.2,4.75,921.7
1997-01-17,27.7,19.3,85,8.8,3.66,920.0
1997-01-18,25.0,17.8,84,8.6,3.44,919.8
1997-01-19,26.3,18.8,86,8.6,3.55,920.6
1997-01-20,26.6,18.6,85,11.6,4.36,921.1
1997-01-21,27.2,18.8,84,10.8,4.63,921.6
1997-01-22,27.3,18.6,81,11.7,4.77,921.5
1997-01-23,26.2,18.9,75,9.8,4.56,921.9
1997-01-24,26.8,19.0,74,10.9,4.75,921.9
1997-01-25,26.5,20.0,82,11.7,3.9,921.9
1997-01-26,25.6,19.5,79,14.0,3.92,921.5
1997-01-27,24.8,19.6,83,14.6,3.3,921.4
1997-01-28,25.2,19.1,75,15.7,3.83,922.0
1997-01-29,25.1,19.6,83,11.3,3.19,922.7
1997-01-30,26.3,19.3,84,10.3,4.3,922.9
1997-01-31,26.9,18.9,82,10.6,4.6,922.1
1997-02-01,27.1,18.6,80,12.2,4.65,921.5
1997-02-02,26.9,18.5,83,10.0,3.95,923.2
1997-02-03,26.3,18.4,83,11.1,4.19,922.8
1997-02-04,26.6,18.3,71,16.9,5.06,924.4
1997-02-05,25.3,18.1,75,14.2,4.67,925.0
1997-02-06,25.9,17.5,74,14.7,4.99,925.2
1997-02-07,26.7,17.3,76,12.8,4.79,925.4
1997-02-08,26.5,18.3,73,12.4,5.22,925.5
1997-02-09,26.9,18.7,72,12.3,5.12,925.5
1997-02-10,26.9,18.2,73,13.5,5.02,925.6
1997-02-11,26.2,17.7,73,15.0,4.99,925.0
1997-02-12,26.0,17.6,76,12.1,4.65,924.4
1997-02-13,26.7,18.0,70,12.6,5.23,924.8
1997-02-14,27.1,17.5,68,11.6,5.23,924.4
1997-02-15,27.0,18.2,69,12.5,5.18,924.0
1997-02-16,27.4,18.6,72,11.8,4.87,923.3
1997-02-17,27.9,19.5,73,10.5,4.73,923.6
1997-02-18,27.7,19.4,71,11.2,4.78,924.0
1997-02-19,27.0,19.5,72,10.2,4.03,923.8
1997-02-20,28.8,19.5,68,8.9,5.08,923.1
1997-02-21,30.1,18.0,63,9.7,5.87,924.2
1997-02-22,29.6,18.8,64,12.8,5.36,925.4
1997-02-23,29.0,17.9,66,7.2,5.0,924.6
1997-02-24,29.5,20.2,72,7.1,4.49,922.1
1997-02-25,25.0,19.9,88,11.8,2.66,920.5
1997-02-26,25.9,19.7,88,8.7,3.21,920.5
1997-02-27,25.3,19.4,91,11.3,2.28,920.4
1997-02-28,22.1,19.1,94,7.7,1.45,917.8
1997-03-01,24.0,19.1,93,9.3,1.9,915.6
1997-03-02,20.5,18.7,96,12.1,0.82,916.1
1997-03-03,24.6,18.7,90,11.6,2.48,918.8
1997-03-04,24.4,19.0,91,10.6,2.21,921.6
1997-03-05,24.9,18.2,92,10.0,2.46,922.8
1997-03-06,24.8,18.9,89,9.7,2.59,922.4
1997-03-07,24.3,18.3,83,9.6,3.14,923.1
1997-03-08,25.2,16.5,77,9.4,4.03,923.9
1997-03-09,26.2,18.4,81,13.2,4.15,924.7
1997-03-10,25.5,17.3,73,13.3,4.99,925.2
1997-03-11,26.1,15.2,73,12.3,4.61,924.3
1997-03-12,25.3,17.1,82,9.4,3.8,924.2
1997-03-13,26.5,17.3,82,8.7,4.23,924.0
1997-03-14,26.9,17.0,83,6.3,4.21,923.7
1997-03-15,26.4,18.5,87,9.6,3.49,921.5
1997-03-16,24.9,18.8,91,10.9,2.46,918.5
1997-03-17,24.9,18.1,85,11.3,3.03,918.7
1997-03-18,24.0,17.4,79,15.4,3.25,920.5
1997-03-19,24.0,17.5,77,14.5,3.65,921.4
1997-03-20,24.5,17.0,82,11.2,3.23,921.2
1997-03-21,25.0,15.5,80,9.6,3.78,920.8
1997-03-22,25.5,14.1,76,7.4,4.07,920.1
1997-03-23,26.8,14.7,76,6.2,4.39,920.6
1997-03-24,27.3,15.3,76,6.3,4.49,919.8
1997-03-25,25.8,18.0,84,10.2,3.52,921.2
1997-03-26,24.5,17.1,75,15.5,3.69,922.0
1997-03-27,24.0,15.7,73,11.6,3.68,923.0
1997-03-28,22.9,15.2,73,13.6,3.35,924.7
1997-03-29,19.7,15.5,89,11.3,1.82,925.2
1997-03-30,21.5,14.9,83,15.9,2.35,924.8
1997-03-31,23.1,16.7,88,16.3,1.83,924.1
1997-04-01,23.9,18.4,92,11.6,1.76,924.1
1997-04-02,24.9,17.5,87,10.4,2.99,924.8
1997-04-03,26.4,18.8,85,11.4,3.36,923.1
1997-04-04,26.7,18.0,88,13.5,3.61,922.6
1997-04-05,27.1,17.3,81,9.4,3.92,922.9
1997-04-06,24.6,18.9,85,11.6,3.03,925.7
1997-04-07,22.7,17.1,82,16.4,2.5,927.3
1997-04-08,22.2,15.1,75,15.8,2.93,926.6
1997-04-09,22.3,14.2,76,12.1,3.1,926.1
1997-04-10,22.3,11.1,71,9.4,3.82,925.3
1997-04-11,22.4,11.6,74,6.7,3.2,924.3
1997-04-12,23.4,14.9,70,13.0,3.15,921.8
1997-04-13,25.1,14.7,69,9.2,3.72,921.1
1997-04-14,25.8,14.0,75,6.1,3.64,922.4
1997-04-15,25.4,16.2,76,10.4,3.52,923.9
1997-04-16,25.3,15.5,78,10.9,3.43,924.9
1997-04-17,24.3,15.7,79,10.0,3.03,924.4
1997-04-18,24.8,12.5,75,8.7,3.96,923.2
1997-04-19,24.2,14.0,80,10.8,3.35,922.7
1997-04-20,23.8,17.1,87,9.0,2.26,922.7
1997-04-21,24.5,16.0,88,8.0,2.38,922.7
1997-04-22,23.9,17.1,87,7.9,2.54,922.7
1997-04-23,22.3,17.6,90,8.4,2.0,922.7
1997-04-24,24.0,16.1,87,6.9,2.9,921.7
1997-04-25,25.4,15.6,77,13.4,3.84,921.1
1997-04-26,25.9,17.5,71,11.9,3.69,920.5
1997-04-27,26.2,15.9,83,7.7,3.5,922.4
1997-04-28,24.7,17.5,86,9.2,2.92,924.4
1997-04-29,25.0,16.9,83,12.8,3.17,924.4
1997-04-30,25.3,16.2,86,7.2,3.09,924.6
1997-05-01,24.8,17.3,83,10.5,3.09,925.1
1997-05-02,25.0,16.2,80,9.2,3.25,926.3
1997-05-03,25.0,14.8,80,9.7,3.29,927.5
1997-05-04,24.3,14.6,77,14.4,3.29,927.5
1997-05-05,23.2,13.3,79,14.8,2.63,927.0
1997-05-06,23.2,13.7,80,7.1,2.45,926.8
1997-05-07,22.9,14.9,76,8.6,2.88,927.0
1997-05-08,22.1,13.8,76,6.9,2.6,927.3
1997-05-09,22.9,13.9,73,6.0,3.02,927.0
1997-05-10,23.5,13.8,70,6.4,3.08,926.4
1997-05-11,22.7,14.4,76,7.4,2.65,926.8
1997-05-12,22.8,15.8,75,5.6,2.58,925.0
1997-05-13,24.2,15.7,66,14.1,3.19,922.8
1997-05-14,22.3,13.6,72,10.3,2.8,924.0
1997-05-15,17.6,14.1,82,14.4,1.33,925.3
1997-05-16,16.3,12.8,88,17.1,1.12,926.6
1997-05-17,19.6,11.6,81,14.4,1.93,927.5
1997-05-18,21.3,13.9,81,13.4,2.52,927.0
1997-05-19,21.1,13.6,82,13.3,2.18,926.2
1997-05-20,22.4,11.9,81,9.3,2.65,924.9
1997-05-21,22.2,13.1,82,13.4,2.54,923.8
1997-05-22,24.1,12.7,80,11.8,3.03,924.7
1997-05-23,24.3,15.3,84,9.4,2.44,926.7
1997-05-24,22.4,17.0,84,14.9,1.94,927.2
1997-05-25,23.1,16.3,84,12.4,2.52,925.3
1997-05-26,21.5,14.9,80,6.5,2.35,924.9
1997-05-27,21.5,12.6,79,10.0,2.29,926.0
1997-05-28,22.6,11.6,79,15.8,2.84,924.1
1997-05-29,21.2,14.0,85,17.2,1.95,922.6
1997-05-30,21.9,13.9,75,7.8,2.7,924.4
1997-05-31,20.5,10.8,69,9.0,2.86,925.5
1997-06-01,19.5,9.1,70,8.5,2.94,925.4
1997-06-02,19.7,7.0,74,7.1,2.89,925.0
1997-06-03,21.6,7.8,72,7.7,2.89,923.5
1997-06-04,23.0,10.9,79,15.8,2.66,921.9
1997-06-05,24.3,14.0,80,21.1,2.82,919.3
1997-06-06,21.4,15.8,89,26.8,1.53,917.5
1997-06-07,21.5,15.6,83,13.6,2.07,917.5
1997-06-08,19.7,9.3,68,21.8,3.15,917.5
1997-06-09,18.7,6.2,63,8.2,2.81,922.2
1997-06-10,20.3,5.9,73,7.8,2.91,925.3
1997-06-11,22.2,9.0,81,11.0,2.52,925.1
1997-06-12,18.5,12.4,95,10.6,0.91,924.3
1997-06-13,22.5,12.9,87,6.9,1.92,924.9
1997-06-14,24.0,11.3,82,13.3,2.9,923.0
1997-06-15,23.0,15.1,88,13.5,2.0,922.2
1997-06-16,19.4,16.4,97,17.3,0.84,921.0
1997-06-17,22.7,14.3,86,10.8,2.62,924.0
1997-06-18,24.0,12.8,77,7.6,2.68,925.2
1997-06-19,22.4,14.4,81,14.1,2.3,925.4
1997-06-20,23.9,12.6,80,11.2,2.88,923.9
1997-06-21,24.9,13.4,77,6.6,2.88,924.0
1997-06-22,24.5,13.4,77,8.7,2.86,924.1
1997-06-23,24.5,12.7,74,8.9,3.1,923.3
1997-06-24,23.9,13.4,71,9.3,3.08,922.8
1997-06-25,23.6,12.3,71,7.9,3.07,922.0
1997-06-26,23.3,12.7,70,12.0,3.08,921.6
1997-06-27,23.5,15.2,70,12.4,3.09,921.9
1997-06-28,24.0,15.1,66,9.3,3.05,923.8
1997-06-29,24.6,13.5,66,9.2,3.23,924.6
1997-06-30,23.9,14.6,64,12.4,3.04,924.9
1997-07-01,22.9,11.5,73,9.4,2.5,925.1
1997-07-02,22.9,14.1,77,13.6,2.68,925.6
1997-07-03,24.2,12.9,72,11.3,2.87,924.9
1997-07-04,25.1,14.5,64,10.8,3.32,926.1
1997-07-05,24.0,12.6,71,17.0,2.98,927.1
1997-07-06,22.2,12.3,74,12.9,2.9,928.2
1997-07-07,23.0,12.3,74,7.9,2.64,927.3
1997-07-08,22.8,11.2,73,13.9,2.81,927.0
1997-07-09,22.2,11.5,73,11.8,2.99,927.2
1997-07-10,22.1,8.9,73,10.1,3.1,927.5
1997-07-11,23.6,10.7,69,6.1,3.12,927.3
1997-07-12,23.8,11.1,69,7.4,3.09,926.0
1997-07-13,24.2,11.1,67,7.7,3.13,926.2
1997-07-14,24.3,12.5,66,6.5,3.14,926.7
1997-07-15,24.2,11.0,73,7.3,3.18,926.4
1997-07-16,24.4,10.4,69,7.3,3.25,926.4
1997-07-17,23.4,10.1,69,9.2,3.27,927.1
1997-07-18,22.8,11.2,77,14.2,2.52,928.9
1997-07-19,21.6,11.0,82,15.7,2.21,930.1
1997-07-20,22.4,12.9,76,10.9,2.7,929.5
1997-07-21,23.9,11.9,67,11.2,3.39,927.3
1997-07-22,22.7,13.3,75,8.2,2.47,928.1
1997-07-23,23.5,11.8,70,10.4,3.05,929.3
1997-07-24,22.1,14.0,74,13.6,2.58,930.9
1997-07-25,22.2,12.5,70,12.2,3.05,930.6
1997-07-26,21.7,9.4,68,10.1,3.26,929.0
1997-07-27,21.4,8.5,69,8.5,3.2,927.8
1997-07-28,22.3,8.7,65,8.8,3.44,926.9
1997-07-29,23.3,8.7,62,7.1,3.51,926.9
1997-07-30,24.5,9.7,67,5.8,3.23,927.3
1997-07-31,25.7,10.7,64,6.2,3.27,927.3
1997-08-01,27.1,11.1,59,7.3,3.71,926.7
1997-08-02,27.3,11.5,62,8.3,3.82,926.3
1997-08-03,26.1,11.1,62,9.9,3.95,925.9
1997-08-04,26.9,13.3,58,7.5,3.78,927.2
1997-08-05,25.8,12.3,63,12.6,3.93,929.3
1997-08-06,24.0,15.1,68,17.9,3.03,931.3
1997-08-07,23.5,15.1,72,13.2,2.65,930.0
1997-08-08,25.7,13.4,66,13.6,3.77,926.5
1997-08-09,17.5,11.9,72,15.9,1.92,928.1
1997-08-10,19.1,7.7,62,11.4,3.43,928.3
1997-08-11,20.9,6.7,67,8.0,3.52,927.1
1997-08-12,23.3,8.2,64,6.8,3.64,925.7
1997-08-13,24.4,9.7,63,11.9,4.03,926.8
1997-08-14,23.6,10.3,66,11.1,3.86,927.5
1997-08-15,23.2,9.8,65,11.1,3.89,927.8
1997-08-16,23.0,9.1,65,10.4,3.85,927.7
1997-08-17,22.5,10.0,68,12.6,3.63,927.8
1997-08-18,22.8,10.2,67,13.7,3.78,927.8
1997-08-19,23.3,11.2,69,12.7,3.79,927.6
1997-08-20,24.4,10.3,65,9.9,4.0,926.3
1997-08-21,26.5,11.6,58,8.0,4.2,926.2
1997-08-22,27.0,11.9,58,8.3,4.36,925.8
1997-08-23,27.2,12.1,56,7.6,4.41,924.0
1997-08-24,28.2,12.6,51,12.9,4.81,922.4
1997-08-25,27.4,13.9,59,9.6,3.9,924.3
1997-08-26,24.6,16.4,73,14.3,2.79,928.5
1997-08-27,25.8,14.5,66,11.9,4.23,929.3
1997-08-28,26.2,12.3,60,11.9,4.59,928.3
1997-08-29,26.5,11.6,57,11.7,4.73,926.7
1997-08-30,27.2,11.6,56,11.7,4.84,926.0
1997-08-31,26.5,11.6,55,9.8,4.68,925.5
1997-09-01,26.5,12.0,54,8.3,4.6,924.8
1997-09-02,26.9,12.3,52,8.3,4.51,923.6
1997-09-03,27.6,12.8,51,8.6,4.62,922.6
1997-09-04,28.6,13.0,52,8.2,4.4,922.1
1997-09-05,30.4,15.2,51,7.7,4.6,922.4
1997-09-06,29.6,16.0,55,12.7,4.55,921.4
1997-09-07,28.7,16.6,63,8.7,4.29,920.1
1997-09-08,30.7,17.2,56,9.7,5.15,919.7
1997-09-09,33.8,17.5,44,16.9,6.13,919.5
1997-09-10,34.6,22.8,35,14.2,6.38,919.7
1997-09-11,29.9,19.2,70,11.9,4.0,921.3
1997-09-12,23.2,17.5,78,14.1,2.45,923.7
1997-09-13,29.4,16.6,67,12.4,4.79,923.3
1997-09-14,32.0,16.2,59,14.4,5.63,923.6
1997-09-15,31.7,18.9,58,13.8,4.9,923.8
1997-09-16,28.0,18.0,82,13.5,3.2,923.6
1997-09-17,26.6,17.5,81,10.7,2.87,922.7
1997-09-18,28.6,16.3,78,11.3,4.38,921.0
1997-09-19,23.9,18.1,80,11.7,2.73,922.3
1997-09-20,26.5,17.7,77,12.2,3.33,921.3
1997-09-21,26.7,18.3,86,17.9,3.09,920.5
1997-09-22,25.6,17.3,82,8.8,3.26,921.6
1997-09-23,24.2,18.3,83,11.0,2.68,922.9
1997-09-24,25.7,18.6,78,11.5,3.22,923.7
1997-09-25,28.0,16.8,78,12.1,4.18,924.9
1997-09-26,28.9,18.0,80,12.6,4.32,926.3
1997-09-27,21.5,17.4,83,15.9,2.26,927.9
1997-09-28,24.4,17.4,76,11.3,3.19,926.9
1997-09-29,27.7,15.5,73,9.6,3.98,924.0
1997-09-30,27.4,18.6,75,8.9,3.3,923.5
1997-10-01,29.1,19.1,79,11.7,4.23,923.0
1997-10-02,29.6,18.5,74,21.0,5.0,920.4
1997-10-03,28.4,17.4,66,16.1,5.22,921.8
1997-10-04,23.2,16.2,71,15.0,3.37,925.2
1997-10-05,28.2,15.6,68,11.9,4.88,925.9
1997-10-06,30.4,15.1,66,8.6,5.43,925.5
1997-10-07,28.6,18.6,64,15.0,5.55,926.6
1997-10-08,26.7,18.2,64,18.1,5.12,927.2
1997-10-09,25.5,16.3,63,16.1,5.16,926.8
1997-10-10,27.7,14.3,58,11.5,5.65,924.5
1997-10-11,29.7,14.9,62,7.4,5.53,921.9
1997-10-12,32.0,17.0,59,6.9,5.41,920.4
1997-10-13,31.9,19.8,60,9.7,5.43,920.8
1997-10-14,31.8,21.3,57,11.9,6.04,921.6
1997-10-15,31.5,19.6,57,12.7,5.7,920.2
1997-10-16,34.4,20.9,56,13.4,5.88,919.0
1997-10-17,25.2,17.4,89,15.5,2.11,920.5
1997-10-18,20.1,15.9,81,13.4,1.89,922.4
1997-10-19,20.7,16.0,78,15.3,2.27,924.1
1997-10-20,22.5,16.2,78,16.4,2.88,925.0
1997-10-21,24.8,17.6,83,13.5,2.42,923.5
1997-10-22,24.5,17.8,90,14.8,1.96,921.0
1997-10-23,28.1,17.1,71,14.5,5.46,920.4
1997-10-24,28.4,17.0,66,10.4,5.37,919.7
1997-10-25,30.5,16.6,63,12.3,5.45,918.7
1997-10-26,27.6,20.0,81,10.0,3.08,918.7
1997-10-27,28.4,19.5,75,11.1,4.64,919.6
1997-10-28,29.0,17.0,69,8.8,5.62,921.0
1997-10-29,30.4,16.8,67,10.2,5.58,920.7
1997-10-30,31.2,18.3,65,9.7,5.73,921.7
1997-10-31,30.7,20.9,64,14.2,5.77,924.8
1997-11-01,31.4,17.9,60,8.0,5.99,924.9
1997-11-02,30.0,19.2,62,12.1,5.55,925.2
1997-11-03,32.2,18.9,58,6.5,5.57,924.5
1997-11-04,31.8,20.8,61,11.1,5.65,924.2
1997-11-05,29.9,21.2,75,15.9,4.38,926.5
1997-11-06,29.4,20.7,78,14.1,4.14,927.7
1997-11-07,29.3,20.3,79,8.9,4.62,925.4
1997-11-08,28.9,20.0,79,10.0,4.05,922.9
1997-11-09,29.6,19.7,77,10.2,4.48,921.4
1997-11-10,31.6,20.1,67,9.7,5.91,920.7
1997-11-11,31.7,19.2,63,7.2,5.78,920.0
1997-11-12,32.0,20.8,60,9.0,5.6,919.2
1997-11-13,31.5,21.5,64,11.5,5.55,920.0
1997-11-14,29.8,20.4,78,10.3,4.5,921.2
1997-11-15,29.3,20.0,76,8.1,4.65,923.2
1997-11-16,29.6,19.5,65,14.0,6.16,924.7
1997-11-17,29.5,19.9,58,13.5,6.54,924.1
1997-11-18,30.1,19.1,60,10.1,5.56,922.0
1997-11-19,28.4,19.3,72,12.9,3.97,921.4
1997-11-20,27.1,18.7,78,9.7,3.83,922.0
1997-11-21,27.7,20.4,74,13.1,3.95,922.1
1997-11-22,29.3,19.7,77,7.9,4.28,922.5
1997-11-23,29.9,20.0,73,9.5,4.96,921.8
1997-11-24,30.5,21.2,64,11.1,5.29,920.2
1997-11-25,29.7,20.6,74,9.8,4.03,920.3
1997-11-26,25.6,20.3,84,8.4,2.66,920.1
1997-11-27,23.8,20.2,90,11.1,1.56,919.9
1997-11-28,26.8,19.6,89,11.7,2.79,919.1
1997-11-29,20.8,18.4,94,8.0,1.37,917.9
1997-11-30,20.3,18.2,97,9.1,1.01,917.5
1997-12-01,25.1,18.7,92,12.6,2.25,917.8
1997-12-02,26.3,19.4,92,16.4,2.52,917.5
1997-12-03,25.6,19.3,87,16.7,3.36,918.2
1997-12-04,27.5,19.8,87,16.4,3.76,918.2
1997-12-05,27.1,20.1,78,14.8,4.23,919.8
1997-12-06,27.4,19.8,76,11.9,4.67,923.3
1997-12-07,24.0,19.8,91,10.0,1.77,924.2
1997-12-08,27.7,19.3,85,14.7,4.15,922.2
1997-12-09,26.6,20.1,91,10.0,3.2,921.5
1997-12-10,24.4,19.5,90,7.2,2.67,921.3
1997-12-11,24.0,19.0,91,10.1,2.3,922.1
1997-12-12,27.0,19.1,82,10.8,4.57,923.1
1997-12-13,27.9,19.4,81,11.2,4.89,922.9
1997-12-14,26.7,19.0,89,10.8,3.75,922.3
1997-12-15,24.8,19.3,93,15.9,2.3,921.8
1997-12-16,23.2,20.1,93,8.9,1.44,921.8
1997-12-17,21.7,19.3,93,10.4,1.09,923.9
1997-12-18,24.8,18.8,85,16.2,3.22,926.9
1997-12-19,26.3,18.5,86,13.8,4.04,927.8
1997-12-20,27.3,18.5,79,13.0,5.18,926.3
1997-12-21,27.8,18.1,76,11.7,5.39,925.2
1997-12-22,28.3,19.4,75,13.5,5.41,925.8
1997-12-23,29.7,17.8,72,7.2,5.85,924.3
1997-12-24,30.4,19.8,75,7.7,5.57,923.1
1997-12-25,28.2,20.6,84,6.9,4.08,923.2
1997-12-26,27.4,20.4,86,9.7,3.94,921.4
1997-12-27,29.0,19.7,79,11.1,5.55,920.5
1997-12-28,28.9,20.4,79,10.8,5.21,920.9
1997-12-29,29.3,19.4,82,7.0,5.29,922.4
1997-12-30,29.5,19.9,77,8.4,5.47,923.3
1997-12-31,29.8,19.6,75,6.5,5.68,922.9
1998-01-01,29.3,20.2,74,10.2,5.62,922.9
1998-01-02,29.5,19.0,72,6.9,5.6,922.2
1998-01-03,30.5,20.2,65,10.6,5.6,921.3
1998-01-04,31.1,20.6,69,9.9,5.84,921.1
1998-01-05,30.2,21.8,75,10.9,4.96,921.0
1998-01-06,31.1,21.4,73,9.2,5.23,920.5
1998-01-07,29.3,21.9,78,14.5,4.83,919.9
1998-01-08,26.8,20.7,89,13.7,3.03,919.0
1998-01-09,22.0,19.3,92,10.2,1.43,920.2
1998-01-10,22.7,18.6,92,7.6,1.97,922.0
1998-01-11,27.2,19.1,86,10.5,3.92,923.4
1998-01-12,28.2,18.8,82,10.0,4.85,924.0
1998-01-13,28.9,19.4,81,8.0,5.13,923.4
1998-01-14,28.1,20.0,82,7.7,4.32,922.1
1998-01-15,29.1,19.4,75,8.7,5.55,921.3
1998-01-16,26.5,19.9,85,12.1,3.44,920.4
1998-01-17,26.5,19.6,89,12.6,3.18,920.4
1998-01-18,27.6,19.3,87,9.1,3.83,920.7
1998-01-19,24.5,20.0,91,10.3,2.53,922.8
1998-01-20,26.7,19.5,79,15.3,4.36,923.8
1998-01-21,25.8,19.5,83,12.6,3.68,923.6
1998-01-22,27.3,19.2,77,10.8,4.69,922.8
1998-01-23,27.6,19.3,79,11.5,4.83,922.4
1998-01-24,27.7,19.2,81,9.6,4.78,921.8
1998-01-25,28.2,19.2,80,11.0,4.91,921.4
1998-01-26,27.5,20.5,86,9.4,3.77,923.2
1998-01-27,28.4,20.3,81,12.0,4.71,924.9
1998-01-28,28.7,21.0,81,9.6,4.76,925.3
1998-01-29,28.4,19.7,75,10.3,5.15,924.6
1998-01-30,28.7,17.9,70,12.2,6.05,924.4
1998-01-31,28.9,19.5,76,10.8,5.1,925.0
1998-02-01,29.7,19.9,74,9.4,5.34,924.7
1998-02-02,29.1,19.4,74,6.2,4.92,924.2
1998-02-03,30.1,19.2,70,10.9,5.82,923.6
1998-02-04,30.2,18.9,70,9.9,5.71,922.6
1998-02-05,31.6,18.8,67,6.8,5.85,922.4
1998-02-06,30.8,20.9,69,6.0,5.27,923.6
1998-02-07,31.4,21.4,71,9.7,5.64,923.9
1998-02-08,31.9,21.7,69,13.2,5.36,922.9
1998-02-09,31.4,22.2,73,10.5,5.22,922.5
1998-02-10,30.9,22.5,77,12.0,4.67,922.4
1998-02-11,30.2,21.6,83,7.4,4.36,922.3
1998-02-12,23.4,20.2,84,18.4,2.25,924.1
1998-02-13,26.6,19.2,75,15.7,3.79,925.5
1998-02-14,27.3,19.5,77,12.8,3.96,926.3
1998-02-15,26.0,20.1,81,9.5,2.78,925.5
1998-02-16,23.2,19.7,93,8.6,1.32,923.4
1998-02-17,24.4,19.2,89,16.1,2.66,921.2
1998-02-18,25.7,19.3,87,9.7,2.84,921.5
1998-02-19,25.9,19.5,88,11.8,3.26,922.8
1998-02-20,27.1,19.1,86,9.3,4.14,922.5
1998-02-21,28.5,18.6,77,12.3,5.22,922.2
1998-02-22,29.0,19.3,76,10.5,5.14,923.0
1998-02-23,29.0,19.8,82,8.4,4.66,924.0
1998-02-24,28.6,20.4,84,10.7,4.45,924.1
1998-02-25,28.4,19.9,76,11.8,4.7,922.6
1998-02-26,29.0,19.0,74,10.6,5.18,922.2
1998-02-27,29.3,19.7,75,8.6,5.04,922.4
1998-02-28,29.2,19.5,78,9.0,4.86,921.7
1998-03-01,29.8,19.6,73,7.1,5.21,921.8
1998-03-02,30.8,19.6,71,6.9,5.66,922.7
1998-03-03,30.0,19.4,71,9.1,5.31,924.6
1998-03-04,28.6,20.5,75,12.3,4.58,925.3
1998-03-05,28.8,18.5,69,11.8,5.5,924.8
1998-03-06,28.1,20.0,69,12.9,4.9,923.8
1998-03-07,28.0,18.8,76,16.6,4.53,923.5
1998-03-08,28.4,20.5,73,13.6,4.82,924.4
1998-03-09,29.2,18.8,71,12.2,5.16,923.8
1998-03-10,29.1,19.4,72,10.2,4.97,922.5
1998-03-11,30.1,19.0,65,7.1,4.92,922.3
1998-03-12,30.5,19.4,72,9.6,4.98,924.5
1998-03-13,28.2,20.4,80,10.4,4.05,924.3
1998-03-14,29.8,20.7,78,11.5,4.55,921.6
1998-03-15,29.3,21.2,80,10.5,4.24,921.2
1998-03-16,25.7,19.9,80,14.3,3.11,923.5
1998-03-17,23.4,18.4,76,14.8,2.91,925.2
1998-03-18,24.9,18.0,73,15.8,3.19,925.4
1998-03-19,26.3,19.3,76,13.8,2.86,924.9
1998-03-20,26.9,20.0,81,8.0,3.05,924.2
1998-03-21,29.2,18.9,82,6.4,4.24,923.0
1998-03-22,28.2,19.7,84,7.9,3.87,922.1
1998-03-23,28.9,19.6,83,11.2,3.99,921.9
1998-03-24,29.0,18.8,75,6.4,4.49,921.8
1998-03-25,30.0,21.0,77,12.9,4.29,921.4
1998-03-26,25.3,19.6,85,12.9,2.66,922.7
1998-03-27,22.7,18.6,79,15.5,2.37,925.7
1998-03-28,26.8,18.3,78,15.4,3.47,926.5
1998-03-29,27.9,18.8,78,10.5,3.83,924.7
1998-03-30,27.9,20.6,82,8.9,3.59,923.2
1998-03-31,28.1,18.9,80,9.0,3.94,922.3
1998-04-01,29.7,20.3,76,14.3,4.35,923.1
1998-04-02,26.6,19.8,77,16.8,3.7,924.9
1998-04-03,22.6,17.4,76,16.3,2.75,927.4
1998-04-04,22.6,14.3,66,14.2,4.17,926.9
1998-04-05,22.9,14.3,74,10.9,3.06,926.2
1998-04-06,23.7,13.8,75,12.1,3.2,925.8
1998-04-07,27.2,15.2,73,10.0,3.91,925.1
1998-04-08,28.4,16.2,74,5.7,3.99,924.1
1998-04-09,28.7,18.2,81,7.4,3.95,923.1
1998-04-10,28.0,18.0,83,7.1,3.59,922.1
1998-04-11,26.8,19.6,81,10.7,3.31,923.2
1998-04-12,27.4,19.9,78,12.7,3.21,924.9
1998-04-13,26.7,19.7,82,11.4,3.29,925.0
1998-04-14,26.6,19.9,81,11.1,3.19,923.6
1998-04-15,28.3,20.1,80,8.4,3.76,922.0
1998-04-16,28.6,19.2,78,7.6,3.77,921.7
1998-04-17,29.4,19.8,76,10.2,3.88,922.8
1998-04-18,30.2,20.8,74,13.6,4.11,922.1
1998-04-19,28.4,20.8,78,11.6,3.74,922.1
1998-04-20,28.4,18.8,79,11.0,3.47,923.7
1998-04-21,27.4,20.8,79,13.5,3.39,926.1
1998-04-22,27.5,18.9,75,14.8,3.94,927.1
1998-04-23,27.4,18.7,75,15.1,3.94,925.7
1998-04-24,28.5,18.3,71,7.7,3.82,923.6
1998-04-25,29.2,19.7,68,9.0,3.82,922.0
1998-04-26,27.0,18.7,80,10.4,3.12,922.2
1998-04-27,25.4,18.4,78,10.5,2.4,922.4
1998-04-28,27.6,18.3,75,10.7,3.22,922.4
1998-04-29,27.5,18.9,83,14.7,2.97,922.4
1998-04-30,25.8,19.1,84,17.1,2.57,920.6
1998-05-01,25.4,16.5,73,13.0,3.83,919.9
1998-05-02,26.7,14.8,63,10.2,3.98,920.8
1998-05-03,26.6,14.9,74,9.9,3.41,922.7
1998-05-04,26.7,18.9,78,13.7,3.21,922.9
1998-05-05,25.4,17.5,86,12.7,2.21,923.6
1998-05-06,21.4,16.0,75,13.5,2.19,925.5
1998-05-07,19.6,15.6,80,10.0,1.55,925.8
1998-05-08,20.9,14.5,74,14.0,2.52,928.3
1998-05-09,21.6,12.6,72,8.5,3.04,929.4
1998-05-10,23.1,9.7,70,8.4,3.58,927.7
1998-05-11,23.9,11.0,70,10.7,3.63,925.9
1998-05-12,25.8,12.5,74,11.3,3.46,926.1
1998-05-13,26.6,15.1,80,9.4,2.9,926.4
1998-05-14,25.8,17.6,79,16.2,2.88,925.0
1998-05-15,27.7,15.8,67,8.3,3.63,923.4
1998-05-16,28.0,15.5,67,9.1,3.71,922.4
1998-05-17,25.9,16.8,71,6.2,2.74,924.2
1998-05-18,21.1,17.0,77,13.0,1.85,928.1
1998-05-19,21.6,15.8,77,14.1,1.84,929.4
1998-05-20,23.4,15.5,77,7.3,2.16,928.2
1998-05-21,24.7,14.0,77,6.8,2.89,927.0
1998-05-22,25.4,15.3,75,10.0,2.85,927.3
1998-05-23,26.2,14.2,71,7.2,3.15,926.9
1998-05-24,26.6,14.5,68,5.9,3.18,926.6
1998-05-25,25.4,16.3,69,10.1,3.32,925.7
1998-05-26,25.9,15.5,70,13.0,3.19,924.3
1998-05-27,24.2,18.1,74,11.3,1.84,923.6
1998-05-28,25.7,16.4,85,10.1,2.55,924.7
1998-05-29,21.1,16.6,89,13.8,1.24,925.8
1998-05-30,22.4,17.4,92,13.3,1.4,924.0
1998-05-31,22.7,12.4,76,8.2,3.06,924.4
1998-06-01,21.9,10.9,79,9.8,2.42,927.1
1998-06-02,20.1,15.8,86,12.5,1.25,928.2
1998-06-03,20.5,16.0,88,8.9,1.16,928.8
1998-06-04,20.9,15.5,89,7.8,1.7,928.7
1998-06-05,18.3,14.7,84,11.0,1.32,929.2
1998-06-06,20.0,11.5,78,10.7,2.56,930.3
1998-06-07,20.2,8.6,78,8.0,2.85,928.2
1998-06-08,20.6,7.6,77,7.4,2.88,926.1
1998-06-09,21.9,8.2,72,7.7,3.01,925.3
1998-06-10,24.1,11.1,70,11.8,3.17,925.1
1998-06-11,25.2,14.9,60,13.0,3.29,925.3
1998-06-12,22.8,13.5,74,13.4,2.62,926.7
1998-06-13,19.1,14.2,82,12.2,1.4,929.8
1998-06-14,18.8,14.4,81,12.1,1.42,930.1
1998-06-15,18.6,11.1,79,12.7,1.73,929.0
1998-06-16,19.5,10.0,79,14.8,2.25,926.0
1998-06-17,24.4,11.6,73,14.9,3.07,923.8
1998-06-18,26.1,15.8,68,7.4,2.8,924.8
1998-06-19,25.8,14.6,65,16.4,3.43,923.7
1998-06-20,26.8,16.7,59,8.5,2.96,925.2
1998-06-21,23.0,16.4,83,9.1,1.76,927.5
1998-06-22,20.9,15.6,86,8.9,1.49,927.4
1998-06-23,21.7,14.9,80,9.2,1.87,926.1
1998-06-24,24.5,12.5,74,15.2,3.14,924.7
1998-06-25,22.8,12.7,73,16.6,2.04,925.8
1998-06-26,14.4,12.0,83,11.2,0.84,927.9
1998-06-27,21.6,11.0,82,6.9,2.13,928.3
1998-06-28,21.7,12.2,81,10.9,2.3,929.0
1998-06-29,22.1,11.8,79,11.2,2.41,929.1
1998-06-30,21.3,11.8,78,12.7,2.36,929.0
1998-07-01,21.5,10.6,76,13.0,2.71,928.0
1998-07-02,23.9,10.7,72,6.9,3.03,927.2
1998-07-03,23.8,11.6,77,11.0,2.81,926.9
1998-07-04,21.9,15.1,79,13.4,2.01,928.1
1998-07-05,22.4,14.0,81,10.9,2.33,927.3
1998-07-06,22.8,12.2,76,6.4,2.51,925.2
1998-07-07,24.0,11.1,70,8.0,3.16,923.4
1998-07-08,25.3,12.3,62,8.3,3.31,923.5
1998-07-09,26.2,13.3,58,12.6,3.54,924.1
1998-07-10,23.5,13.0,71,11.4,2.62,926.6
1998-07-11,18.8,13.2,74,11.1,1.89,930.4
1998-07-12,20.5,11.8,66,11.5,3.05,930.5
1998-07-13,20.0,7.4,71,10.6,2.91,928.9
1998-07-14,20.6,7.4,70,9.2,3.02,927.1
1998-07-15,22.1,9.2,71,10.7,2.92,926.8
1998-07-16,23.7,10.1,71,7.3,3.09,926.5
1998-07-17,24.0,11.0,70,8.3,3.16,925.4
1998-07-18,24.6,12.4,66,12.0,3.06,925.3
1998-07-19,24.7,13.4,70,9.2,2.75,926.3
1998-07-20,24.5,15.3,69,14.1,3.11,927.3
1998-07-21,25.3,14.0,72,7.6,3.2,926.5
1998-07-22,27.0,13.1,65,7.3,3.39,925.1
1998-07-23,25.3,14.4,71,10.8,3.16,926.3
1998-07-24,24.1,13.4,76,11.2,2.83,927.9
1998-07-25,20.8,13.8,80,10.5,1.82,927.2
1998-07-26,23.9,10.7,71,6.9,3.28,925.3
1998-07-27,25.3,10.6,66,8.3,3.59,926.1
1998-07-28,24.6,10.6,65,9.0,3.64,926.8
1998-07-29,25.7,11.0,63,7.6,3.6,926.1
1998-07-30,23.5,15.2,68,14.2,3.21,927.8
1998-07-31,22.5,13.7,72,14.6,2.91,929.1
1998-08-01,21.9,11.9,69,12.2,3.26,927.6
1998-08-02,24.6,11.6,69,13.3,3.18,925.3
1998-08-03,24.8,14.0,69,9.8,2.74,925.5
1998-08-04,24.4,14.6,71,14.8,3.26,926.3
1998-08-05,24.8,16.1,67,19.7,3.29,925.1
1998-08-06,21.4,16.2,87,8.4,1.48,924.7
1998-08-07,23.6,16.4,87,8.7,2.28,925.7
1998-08-08,22.8,17.0,88,10.2,2.08,926.9
1998-08-09,23.4,16.8,85,11.9,2.37,926.3
1998-08-10,24.2,16.8,86,12.0,2.45,924.9
1998-08-11,25.9,13.9,84,9.4,3.35,924.3
1998-08-12,26.4,15.2,81,6.2,3.43,925.5
1998-08-13,26.5,16.4,77,11.4,3.57,926.4
1998-08-14,25.9,14.8,73,12.2,3.7,926.0
1998-08-15,26.8,16.3,73,11.5,3.63,926.4
1998-08-16,27.1,14.6,73,12.7,3.94,926.7
1998-08-17,24.1,15.0,72,14.3,3.45,926.2
1998-08-18,25.2,13.1,71,10.1,3.61,923.6
1998-08-19,27.0,13.5,68,10.9,4.06,922.7
1998-08-20,28.7,14.6,66,7.3,3.91,924.8
1998-08-21,27.1,16.1,68,11.4,3.92,926.6
1998-08-22,27.0,15.2,66,9.5,4.0,926.9
1998-08-23,24.9,17.4,77,14.6,2.88,927.0
1998-08-24,25.9,17.0,68,14.3,3.74,926.1
1998-08-25,26.5,13.5,66,8.0,4.2,925.1
1998-08-26,27.5,13.5,64,8.9,4.43,923.9
1998-08-27,28.7,14.0,60,8.7,4.53,922.9
1998-08-28,28.1,15.9,60,7.5,4.14,923.9
1998-08-29,26.9,16.5,64,14.1,4.14,926.3
1998-08-30,25.9,16.0,66,14.8,3.91,927.8
1998-08-31,20.9,15.4,80,13.2,2.09,930.0
1998-09-01,22.0,14.7,79,13.6,2.7,928.8
1998-09-02,23.2,15.1,69,15.0,3.51,927.6
1998-09-03,25.3,12.9,65,13.8,4.01,926.6
1998-09-04,27.0,13.8,63,8.7,4.39,925.2
1998-09-05,29.0,13.5,57,8.5,4.7,923.5
1998-09-06,30.0,15.1,57,12.2,5.02,923.8
1998-09-07,27.9,18.3,66,18.7,4.52,924.3
1998-09-08,30.1,17.1,58,12.1,5.02,922.8
1998-09-09,30.7,16.7,54,10.4,4.83,924.4
1998-09-10,27.8,18.9,65,17.6,4.7,926.8
1998-09-11,27.0,17.7,63,19.7,4.48,927.2
1998-09-12,27.4,16.1,59,14.3,5.1,925.2
1998-09-13,29.7,15.5,59,8.3,5.03,924.8
1998-09-14,29.5,16.6,55,12.6,5.47,925.5
1998-09-15,30.5,16.0,52,9.5,5.09,924.7
1998-09-16,30.6,18.4,49,11.3,5.16,924.4
1998-09-17,27.9,18.2,67,18.3,4.43,925.3
1998-09-18,30.6,16.7,58,10.9,5.18,924.4
1998-09-19,31.6,17.4,53,11.5,5.34,924.5
1998-09-20,31.6,18.3,51,9.6,5.66,924.6
1998-09-21,31.0,18.0,52,13.5,5.81,923.0
1998-09-22,25.4,17.6,68,16.4,3.7,924.5
1998-09-23,22.7,16.0,67,14.1,3.21,927.3
1998-09-24,24.8,14.9,67,14.1,4.06,927.8
1998-09-25,27.1,15.1,61,11.5,4.63,926.0
1998-09-26,28.7,16.5,57,7.9,5.02,924.2
1998-09-27,29.4,17.1,57,14.3,5.49,923.1
1998-09-28,30.0,17.9,57,9.8,4.95,924.1
1998-09-29,29.3,18.8,62,12.1,4.67,926.2
1998-09-30,27.9,19.4,75,12.8,3.85,926.7
1998-10-01,26.4,18.7,79,12.0,3.1,925.9
1998-10-02,23.0,17.1,80,12.7,2.43,925.3
1998-10-03,25.3,16.8,70,15.8,3.81,925.1
1998-10-04,28.5,16.8,61,13.5,5.16,924.2
1998-10-05,30.8,17.4,57,10.0,5.39,922.6
1998-10-06,31.3,19.9,61,11.2,5.12,922.6
1998-10-07,30.4,20.1,68,11.6,4.87,923.7
1998-10-08,26.6,19.2,80,11.3,2.82,925.3
1998-10-09,29.1,16.7,80,11.2,4.53,924.0
1998-10-10,26.5,17.9,75,9.7,3.83,923.6
1998-10-11,26.7,19.2,79,12.2,3.41,921.9
1998-10-12,27.7,17.6,80,10.2,3.96,921.5
1998-10-13,25.6,18.5,87,9.8,3.09,923.1
1998-10-14,25.2,19.0,84,9.5,3.15,924.7
1998-10-15,25.5,18.6,79,14.2,3.25,924.2
1998-10-16,25.1,18.5,85,10.7,2.73,921.1
1998-10-17,27.4,19.1,85,19.1,3.67,917.7
1998-10-18,26.3,18.4,75,14.8,3.82,921.1
1998-10-19,22.9,16.8,75,15.5,3.09,925.8
1998-10-20,20.2,16.4,79,15.1,1.93,927.1
1998-10-21,23.0,15.9,70,12.3,3.29,927.3
1998-10-22,24.8,13.8,65,12.5,5.26,927.8
1998-10-23,25.6,15.7,72,13.3,4.38,927.5
1998-10-24,27.1,15.3,70,8.9,5.38,926.1
1998-10-25,26.6,17.3,70,14.5,4.82,925.2
1998-10-26,26.0,17.4,68,16.3,4.5,924.0
1998-10-27,27.7,18.7,81,13.2,3.94,925.2
1998-10-28,26.8,19.2,81,7.3,3.43,924.2
1998-10-29,26.9,18.7,84,9.1,3.79,924.3
1998-10-30,24.7,17.3,87,13.2,2.89,922.8
1998-10-31,18.3,15.3,94,11.2,1.24,921.1
1998-11-01,22.1,15.2,88,9.9,1.79,919.7
1998-11-02,21.1,17.3,89,10.7,1.41,921.5
1998-11-03,21.5,17.3,88,15.3,1.7,922.0
1998-11-04,21.0,17.0,95,8.3,1.16,919.8
1998-11-05,25.7,18.1,87,7.2,3.57,921.0
1998-11-06,25.5,17.3,83,9.8,3.94,923.2
1998-11-07,25.8,18.6,77,12.4,4.12,923.0
1998-11-08,26.9,18.5,79,14.7,4.67,920.7
1998-11-09,27.3,18.2,82,9.2,4.71,920.7
1998-11-10,22.5,18.3,85,13.0,2.61,921.5
1998-11-11,21.2,16.8,91,16.5,1.48,919.9
1998-11-12,21.2,15.7,80,18.7,2.62,922.7
1998-11-13,22.7,16.9,78,15.1,2.91,923.7
1998-11-14,19.0,15.8,87,9.0,1.66,922.1
1998-11-15,22.9,14.0,83,9.4,3.32,921.1
1998-11-16,24.5,17.2,80,15.6,3.39,921.2
1998-11-17,26.8,17.5,83,11.0,4.52,921.4
1998-11-18,28.1,19.1,82,14.3,4.44,919.4
1998-11-19,26.6,19.6,87,11.5,3.81,919.2
1998-11-20,24.7,18.4,84,11.0,2.96,920.5
1998-11-21,25.3,18.9,83,8.9,3.56,921.1
1998-11-22,23.7,17.9,85,12.2,3.05,921.3
1998-11-23,23.4,16.1,81,10.9,3.42,920.7
1998-11-24,25.2,17.8,73,9.5,4.47,920.6
1998-11-25,26.7,16.6,76,11.5,4.72,921.7
1998-11-26,27.8,17.2,82,10.2,4.64,921.7
1998-11-27,26.4,19.0,88,7.4,3.19,921.0
1998-11-28,24.6,18.9,85,10.8,2.7,920.8
1998-11-29,26.0,18.3,83,13.6,4.03,919.6
1998-11-30,26.3,18.4,88,6.8,3.76,917.9
1998-12-01,25.9,18.1,80,12.3,4.01,917.8
1998-12-02,24.5,19.1,85,8.9,2.52,918.7
1998-12-03,27.8,18.3,82,6.9,4.86,920.7
1998-12-04,27.5,19.6,74,11.5,5.03,921.4
1998-12-05,25.6,19.5,86,14.6,3.08,919.8
1998-12-06,25.8,19.8,91,18.1,2.85,918.6
1998-12-07,26.1,19.8,91,9.4,2.88,921.2
1998-12-08,23.6,19.4,94,7.2,1.21,921.8
1998-12-09,27.9,19.4,82,11.3,4.84,921.8
1998-12-10,28.6,18.2,72,10.2,5.64,921.4
1998-12-11,28.1,18.7,70,15.1,5.0,922.1
1998-12-12,28.9,18.0,71,10.9,5.24,922.9
1998-12-13,29.5,18.9,79,10.3,4.84,922.5
1998-12-14,27.4,19.6,84,6.7,4.16,922.5
1998-12-15,27.5,19.9,86,9.6,3.94,921.4
1998-12-16,24.1,19.2,91,8.7,2.22,919.7
1998-12-17,24.8,19.2,91,14.8,2.63,918.1
1998-12-18,24.3,19.2,94,17.3,2.3,917.7
1998-12-19,24.1,19.0,90,13.4,2.52,919.5
1998-12-20,25.7,18.0,86,7.4,3.7,920.1
1998-12-21,27.0,19.7,85,12.9,4.39,920.2
1998-12-22,27.1,19.7,81,12.4,4.64,920.7
1998-12-23,26.9,17.9,76,10.5,4.83,922.1
1998-12-24,27.0,19.4,85,9.7,3.95,924.7
1998-12-25,26.5,19.0,73,13.0,4.63,925.5
1998-12-26,25.6,18.6,79,11.2,3.99,925.1
1998-12-27,26.2,18.3,71,12.8,5.45,923.4
1998-12-28,26.7,17.5,73,12.1,4.82,921.2
1998-12-29,27.0,18.5,80,14.0,4.87,920.5
1998-12-30,27.5,18.9,86,12.3,3.95,920.8
1998-12-31,27.0,18.5,86,9.5,3.99,920.5
1999-01-01,23.5,19.4,95,6.9,1.97,920.0
1999-01-02,23.9,18.9,92,8.1,1.52,918.6
1999-01-03,24.4,19.0,90,12.2,2.45,918.1
1999-01-04,25.6,19.4,91,10.0,3.0,918.6
1999-01-05,25.4,20.2,89,13.5,2.93,918.3
1999-01-06,23.9,19.8,90,14.4,2.41,919.6
1999-01-07,27.1,18.7,86,9.7,3.55,920.6
1999-01-08,28.2,19.6,83,8.7,4.63,921.2
1999-01-09,28.2,18.4,73,11.6,5.47,921.9
1999-01-10,27.4,18.9,69,14.4,5.85,922.7
1999-01-11,27.0,18.7,69,13.3,5.34,922.4
1999-01-12,26.4,16.5,69,9.7,4.81,922.0
1999-01-13,26.8,17.3,71,8.7,4.81,921.9
1999-01-14,27.0,17.7,78,11.1,4.65,921.2
1999-01-15,26.8,19.0,88,14.2,3.39,920.8
1999-01-16,27.4,19.9,81,12.0,4.15,922.2
1999-01-17,29.4,19.2,75,12.1,5.63,923.4
1999-01-18,28.8,17.8,71,9.8,6.28,924.5
1999-01-19,30.1,16.2,68,8.7,6.31,923.7
1999-01-20,30.8,18.0,68,6.9,5.98,922.5
1999-01-21,30.7,19.3,72,7.5,5.72,922.8
1999-01-22,30.0,19.0,72,8.8,5.74,923.6
1999-01-23,29.0,20.0,73,11.2,5.38,923.4
1999-01-24,28.1,19.6,78,11.3,4.77,922.6
1999-01-25,27.8,20.0,76,12.8,4.64,922.1
1999-01-26,27.9,20.2,77,10.4,4.46,920.9
1999-01-27,25.9,19.7,87,12.7,3.53,920.3
1999-01-28,23.1,19.4,95,9.5,1.6,919.7
1999-01-29,28.5,20.2,81,18.4,4.69,920.4
1999-01-30,28.5,19.8,80,14.5,4.43,921.0
1999-01-31,29.0,19.2,83,9.6,4.77,921.4
1999-02-01,28.3,19.9,75,10.2,5.41,920.8
1999-02-02,28.9,16.9,62,8.9,6.26,921.2
1999-02-03,28.1,18.2,74,10.8,5.08,922.0
1999-02-04,28.5,18.4,71,9.7,5.68,922.4
1999-02-05,27.9,19.8,74,10.3,4.55,922.2
1999-02-06,28.6,18.4,71,9.9,5.38,922.7
1999-02-07,28.1,19.3,70,13.0,5.05,924.7
1999-02-08,29.2,18.1,63,9.8,5.76,925.3
1999-02-09,30.1,18.3,63,13.7,5.82,923.9
1999-02-10,29.6,20.7,72,11.5,4.95,921.5
1999-02-11,30.3,21.5,75,12.1,5.29,920.8
1999-02-12,27.3,20.5,85,9.7,3.43,921.8
1999-02-13,27.9,20.3,75,18.3,4.85,923.4
1999-02-14,28.8,19.4,71,13.1,5.67,924.4
1999-02-15,28.8,17.1,69,10.5,5.52,923.9
1999-02-16,28.9,17.4,67,9.8,5.63,923.0
1999-02-17,28.1,17.8,72,11.8,4.93,922.5
1999-02-18,28.0,19.5,72,12.5,5.07,922.2
1999-02-19,28.4,19.7,63,14.6,5.65,922.5
1999-02-20,28.6,18.6,62,13.2,5.88,923.7
1999-02-21,26.8,18.9,69,11.8,4.24,923.5
1999-02-22,27.5,19.2,72,11.8,4.54,922.8
1999-02-23,27.0,19.9,78,11.8,3.51,921.9
1999-02-24,22.7,18.9,94,7.7,1.43,921.0
1999-02-25,25.4,18.8,89,10.6,2.72,920.5
1999-02-26,23.8,19.4,94,10.6,1.65,921.7
1999-02-27,23.9,19.3,91,12.5,2.13,922.1
1999-02-28,23.0,19.3,91,8.9,1.43,920.2
1999-03-01,22.5,19.1,90,11.2,1.54,919.3
1999-03-02,21.0,18.5,95,7.2,0.72,919.1
1999-03-03,25.1,18.7,90,10.0,3.17,919.1
1999-03-04,26.0,18.1,86,5.7,3.62,917.9
1999-03-05,25.5,18.7,87,8.9,3.35,917.3
1999-03-06,25.7,19.6,90,6.8,2.51,917.8
1999-03-07,21.6,18.8,96,9.2,1.12,920.0
1999-03-08,26.8,18.9,79,13.2,4.3,921.6
1999-03-09,27.2,16.9,78,5.5,4.5,921.1
1999-03-10,26.5,19.0,84,9.2,3.78,920.5
1999-03-11,26.1,18.5,89,11.5,3.16,920.8
1999-03-12,26.2,19.1,88,11.3,2.77,920.4
1999-03-13,24.8,18.7,88,13.0,3.12,920.1
1999-03-14,24.7,17.8,75,14.5,3.71,921.6
1999-03-15,25.0,16.9,76,13.1,3.79,922.5
1999-03-16,24.8,17.4,78,10.5,3.6,922.3
1999-03-17,25.4,17.8,79,10.3,3.91,922.0
1999-03-18,25.4,17.3,77,14.0,4.34,921.3
1999-03-19,25.8,15.5,74,10.5,4.92,921.6
1999-03-20,25.3,17.2,79,12.3,3.86,922.2
1999-03-21,26.8,17.1,79,8.8,4.39,923.0
1999-03-22,26.9,17.4,80,8.9,4.26,923.6
1999-03-23,26.6,19.2,76,10.7,4.01,923.6
1999-03-24,26.1,17.6,77,8.7,4.0,922.6
1999-03-25,27.2,18.8,78,10.8,4.13,922.8
1999-03-26,27.8,17.7,83,7.0,4.05,923.0
1999-03-27,27.6,19.7,84,9.1,3.96,923.2
1999-03-28,28.0,19.5,83,9.7,3.98,921.4
1999-03-29,28.8,20.9,79,9.9,4.22,920.9
1999-03-30,28.8,19.5,83,9.0,3.87,921.7
1999-03-31,27.9,18.8,74,10.3,4.61,924.1
1999-04-01,26.5,16.6,73,12.8,4.24,924.9
1999-04-02,26.4,15.4,74,13.7,3.91,925.1
1999-04-03,28.0,15.6,75,8.4,4.51,924.8
1999-04-04,28.0,17.6,74,10.1,4.25,924.5
1999-04-05,26.8,19.0,81,8.3,3.38,924.5
1999-04-06,27.2,19.5,79,7.1,3.62,924.2
1999-04-07,26.2,17.8,80,6.3,3.45,923.9
1999-04-08,27.6,17.8,72,7.7,4.23,923.4
1999-04-09,26.6,18.9,75,15.3,3.92,923.8
1999-04-10,24.1,18.0,78,15.8,3.13,925.6
1999-04-11,23.9,15.1,69,14.3,4.15,927.2
1999-04-12,25.4,14.6,72,15.3,3.84,926.6
1999-04-13,26.6,15.7,75,7.7,3.71,924.4
1999-04-14,28.1,16.3,73,5.4,4.21,923.0
1999-04-15,28.1,18.4,76,8.0,4.08,922.8
1999-04-16,28.5,18.1,78,10.5,3.99,922.0
1999-04-17,26.0,18.5,87,12.7,3.05,922.6
1999-04-18,24.1,18.3,87,6.4,2.27,924.4
1999-04-19,25.5,18.4,84,10.5,2.68,925.7
1999-04-20,25.6,18.9,84,8.2,2.97,925.0
1999-04-21,26.0,18.9,83,7.8,3.29,924.6
1999-04-22,25.8,17.6,84,8.5,3.28,925.8
1999-04-23,24.3,17.5,81,9.9,3.02,926.4
1999-04-24,23.4,16.8,81,7.9,2.73,924.8
1999-04-25,24.1,15.2,77,9.0,2.61,923.7
1999-04-26,24.5,17.5,75,7.0,2.67,924.2
1999-04-27,24.2,15.8,69,11.9,3.92,924.6
1999-04-28,21.8,15.5,78,12.6,2.47,925.3
1999-04-29,22.7,14.8,72,11.5,2.84,925.1
1999-04-30,24.0,13.7,76,10.6,3.19,925.2
1999-05-01,24.7,15.6,78,7.1,3.22,926.5
1999-05-02,24.3,15.6,74,12.3,3.2,927.1
1999-05-03,24.4,14.2,70,10.1,3.82,926.5
1999-05-04,24.5,12.8,73,9.3,3.6,924.9
1999-05-05,25.4,13.0,71,10.2,3.79,923.8
1999-05-06,26.6,14.7,70,14.0,3.67,921.8
1999-05-07,26.3,17.6,78,15.7,2.85,921.9
1999-05-08,24.4,14.2,81,12.9,2.89,923.0
1999-05-09,21.4,15.6,78,14.9,2.26,925.6
1999-05-10,22.6,14.0,74,13.5,2.93,926.4
1999-05-11,24.0,14.2,74,10.2,2.82,925.4
1999-05-12,25.0,15.6,76,12.3,3.14,923.3
1999-05-13,24.4,16.3,75,15.6,3.14,922.8
1999-05-14,21.1,13.2,67,17.6,3.24,926.2
1999-05-15,20.2,12.0,65,15.3,3.26,927.7
1999-05-16,20.3,11.0,71,11.2,2.7,926.4
1999-05-17,21.0,10.8,72,11.2,2.45,925.1
1999-05-18,23.1,11.7,68,9.7,3.16,924.3
1999-05-19,24.8,13.0,60,11.2,3.77,923.5
1999-05-20,24.1,14.2,59,25.3,3.97,921.2
1999-05-21,21.1,9.2,51,7.4,3.49,922.0
1999-05-22,22.1,7.4,65,6.8,3.28,923.1
1999-05-23,22.8,9.2,74,8.7,3.12,924.0
1999-05-24,25.0,11.1,71,11.4,3.41,924.9
1999-05-25,25.2,12.3,70,7.8,2.99,925.2
1999-05-26,22.6,14.2,72,15.5,3.05,925.3
1999-05-27,25.6,12.5,67,10.6,3.35,925.7
1999-05-28,25.7,12.8,73,14.5,3.3,926.8
1999-05-29,24.7,14.7,73,12.3,3.18,925.9
1999-05-30,25.9,16.8,66,22.0,3.25,920.7
1999-05-31,20.3,11.3,63,10.7,3.11,921.7
1999-06-01,20.5,11.0,74,13.4,2.18,925.3
1999-06-02,23.0,13.4,76,8.3,2.32,926.0
1999-06-03,23.8,12.0,73,7.8,2.96,925.2
1999-06-04,25.5,12.1,68,7.6,3.22,923.8
1999-06-05,24.4,12.3,70,10.0,3.22,924.1
1999-06-06,25.1,12.7,70,6.7,2.87,924.3
1999-06-07,20.6,15.7,84,10.7,1.54,926.3
1999-06-08,22.1,14.8,80,14.5,2.24,928.4
1999-06-09,21.2,15.5,76,19.2,2.13,929.4
1999-06-10,22.4,14.1,76,12.0,2.63,927.5
1999-06-11,25.0,12.3,74,8.2,2.85,925.3
1999-06-12,22.9,14.9,79,13.0,2.31,927.0
1999-06-13,23.0,13.9,78,7.2,2.06,926.5
1999-06-14,22.2,13.8,79,10.1,2.07,925.2
1999-06-15,22.3,14.4,81,9.2,2.07,924.3
1999-06-16,22.1,12.5,79,8.7,2.4,924.2
1999-06-17,24.1,12.8,68,7.8,3.04,924.0
1999-06-18,24.2,11.2,71,9.7,2.65,923.0
1999-06-19,24.8,12.8,69,6.3,2.86,922.3
1999-06-20,24.0,14.1,75,15.1,2.69,922.6
1999-06-21,24.5,16.2,77,13.6,2.55,922.8
1999-06-22,23.9,14.5,69,13.0,3.23,922.2
1999-06-23,24.7,11.5,64,10.5,3.29,922.5
1999-06-24,24.7,10.9,66,9.5,3.0,923.1
1999-06-25,25.2,11.2,65,6.6,3.1,923.9
1999-06-26,24.9,11.9,71,12.2,3.14,925.9
1999-06-27,23.4,13.2,73,12.5,2.91,926.2
1999-06-28,23.6,11.7,70,11.2,2.97,924.1
1999-06-29,25.8,12.6,59,16.5,3.61,922.8
1999-06-30,26.5,17.4,55,12.0,3.15,923.9
1999-07-01,21.2,15.1,82,9.8,1.66,926.7
1999-07-02,22.4,14.9,75,13.6,2.42,926.6
1999-07-03,24.1,12.2,73,10.8,3.07,925.5
1999-07-04,26.0,13.2,71,8.9,3.11,925.4
1999-07-05,24.3,14.2,79,11.9,2.47,927.4
1999-07-06,20.8,15.2,77,14.5,1.97,930.0
1999-07-07,23.6,13.5,72,10.1,3.03,929.3
1999-07-08,24.4,11.5,72,6.5,3.02,927.8
1999-07-09,24.8,12.2,74,5.9,2.91,926.9
1999-07-10,21.5,15.0,83,12.1,2.07,927.8
1999-07-11,20.9,12.6,72,14.2,2.54,929.4
1999-07-12,20.4,11.2,69,15.2,2.92,930.5
1999-07-13,19.0,11.7,77,19.5,1.9,930.4
1999-07-14,21.3,11.2,70,15.5,2.98,929.2
1999-07-15,20.9,12.7,81,17.4,2.07,928.3
1999-07-16,21.8,16.4,83,17.6,1.83,927.7
1999-07-17,23.7,15.6,78,5.8,2.37,928.0
1999-07-18,23.5,13.6,77,14.4,2.56,928.3
1999-07-19,22.8,15.6,77,13.8,2.26,928.4
1999-07-20,23.8,13.5,70,12.7,2.92,927.4
1999-07-21,26.2,12.1,63,9.8,3.54,925.8
1999-07-22,26.2,13.2,64,6.9,2.94,926.4
1999-07-23,23.8,15.9,68,15.6,2.83,927.8
1999-07-24,23.9,14.7,67,12.2,2.86,928.4
1999-07-25,24.5,12.8,68,7.6,3.15,928.0
1999-07-26,24.0,13.9,69,12.4,3.16,927.9
1999-07-27,24.3,13.2,68,10.0,3.17,927.9
1999-07-28,27.0,12.7,65,8.7,3.6,927.8
1999-07-29,23.6,15.3,71,12.4,2.73,928.0
1999-07-30,24.6,13.1,67,8.2,3.07,927.2
1999-07-31,25.5,12.5,64,15.3,3.49,925.9
1999-08-01,23.2,13.1,67,11.3,3.11,928.3
1999-08-02,24.5,11.2,64,8.0,3.62,927.9
1999-08-03,25.3,10.6,62,10.5,3.84,926.9
1999-08-04,22.6,11.9,67,11.5,3.53,927.2
1999-08-05,20.5,10.5,71,11.5,2.91,927.0
1999-08-06,21.8,9.3,65,13.6,3.54,927.3
1999-08-07,23.2,9.8,65,8.4,3.47,927.2
1999-08-08,26.9,11.2,57,9.3,3.99,925.6
1999-08-09,24.5,14.2,67,11.1,3.11,927.1
1999-08-10,26.1,12.0,64,7.6,3.92,926.5
1999-08-11,27.1,11.8,56,8.0,4.17,925.6
1999-08-12,26.6,11.3,53,8.4,4.27,924.0
1999-08-13,27.2,11.7,51,6.6,4.09,922.3
1999-08-14,28.8,14.1,46,13.5,4.67,922.0
1999-08-15,18.6,10.5,74,16.1,1.9,926.1
1999-08-16,11.8,9.5,74,21.2,1.27,930.4
1999-08-17,16.0,10.5,72,19.1,2.02,930.9
1999-08-18,21.3,11.3,61,13.4,3.09,929.2
1999-08-19,22.4,11.9,63,12.2,3.27,929.3
1999-08-20,21.3,12.3,71,18.8,2.84,931.1
1999-08-21,22.0,14.3,66,17.7,3.45,930.8
1999-08-22,23.5,12.0,62,12.0,4.23,929.1
1999-08-23,23.6,9.8,64,10.7,3.9,927.7
1999-08-24,23.8,9.3,57,14.5,4.44,928.3
1999-08-25,24.7,10.5,58,11.9,4.33,929.6
1999-08-26,25.3,11.8,65,8.7,3.55,927.4
1999-08-27,27.5,12.9,52,7.6,4.39,925.5
1999-08-28,28.2,13.4,48,8.7,4.58,925.2
1999-08-29,28.7,14.9,50,7.6,4.29,925.7
1999-08-30,29.0,15.5,50,13.4,5.28,926.9
1999-08-31,26.3,13.2,50,13.4,5.08,927.3
1999-09-01,26.4,11.2,49,12.0,5.07,926.1
1999-09-02,27.0,11.4,48,10.0,5.07,924.6
1999-09-03,28.3,12.0,48,8.8,5.1,923.9
1999-09-04,28.4,12.5,45,8.0,5.18,923.9
1999-09-05,27.1,13.5,51,14.5,5.22,923.8
1999-09-06,27.2,15.9,60,15.2,4.66,923.9
1999-09-07,29.2,15.2,56,10.7,5.08,923.0
1999-09-08,29.9,14.9,53,8.2,5.21,921.9
1999-09-09,30.1,15.7,50,15.1,5.37,922.4
1999-09-10,27.3,16.4,61,14.0,4.72,923.6
1999-09-11,24.4,16.4,71,16.2,3.36,925.2
1999-09-12,24.1,16.1,70,18.4,2.84,923.9
1999-09-13,25.8,16.4,69,8.7,3.4,922.3
1999-09-14,27.3,16.1,65,9.9,4.17,921.1
1999-09-15,27.9,17.8,66,14.3,4.1,922.9
1999-09-16,26.7,16.7,71,14.3,3.91,925.1
1999-09-17,23.3,16.5,74,14.8,2.8,926.9
1999-09-18,23.7,15.6,71,17.6,3.4,926.9
1999-09-19,24.6,15.6,69,14.9,3.48,925.6
1999-09-20,24.8,15.7,63,14.3,3.97,926.3
1999-09-21,25.9,15.9,60,14.5,4.27,925.4
1999-09-22,26.6,15.6,69,12.5,3.65,923.1
1999-09-23,19.4,12.4,68,18.1,2.44,923.6
1999-09-24,20.3,9.7,56,16.9,4.84,925.2
1999-09-25,21.6,8.8,59,9.7,4.72,924.7
1999-09-26,24.9,10.5,57,9.2,4.89,924.1
1999-09-27,28.2,11.3,56,7.5,5.28,923.8
1999-09-28,27.2,15.7,57,17.8,4.8,924.3
1999-09-29,30.2,14.3,53,13.3,5.69,921.9
1999-09-30,28.4,18.3,60,13.7,4.97,922.6
1999-10-01,29.4,16.7,64,12.1,5.05,922.3
1999-10-02,32.4,18.3,61,21.1,5.5,921.2
1999-10-03,23.8,16.7,80,16.2,2.54,924.9
1999-10-04,18.0,15.0,78,14.0,1.73,927.8
1999-10-05,17.9,13.5,76,17.9,2.27,928.7
1999-10-06,19.5,13.6,71,12.6,2.38,928.1
1999-10-07,24.0,13.3,68,13.7,3.92,927.0
1999-10-08,26.9,13.1,65,9.1,4.5,924.5
1999-10-09,26.9,15.4,66,16.8,3.87,921.3
1999-10-10,26.1,16.3,71,14.9,4.32,923.3
1999-10-11,25.5,16.6,70,15.7,3.55,926.1
1999-10-12,24.9,16.3,65,15.3,3.99,927.1
1999-10-13,26.2,15.8,65,14.5,4.96,927.1
1999-10-14,27.6,14.8,60,11.7,5.61,925.4
1999-10-15,29.2,13.5,49,8.7,6.08,923.8
1999-10-16,32.4,15.0,44,9.2,6.39,920.9
1999-10-17,33.8,17.0,46,13.4,6.41,919.1
1999-10-18,31.1,19.9,66,9.3,4.8,921.5
1999-10-19,24.6,19.0,85,15.1,2.54,923.8
1999-10-20,23.3,17.5,83,15.4,2.54,923.1
1999-10-21,26.0,17.5,77,10.2,3.6,920.9
1999-10-22,25.5,18.5,84,10.9,2.85,920.4
1999-10-23,26.0,17.1,69,14.8,4.73,923.9
1999-10-24,25.2,14.5,64,13.7,5.44,924.7
1999-10-25,24.3,13.4,64,13.9,4.44,923.9
1999-10-26,18.1,14.7,84,10.5,1.41,922.4
1999-10-27,19.8,13.7,80,13.2,1.9,921.4
1999-10-28,22.7,13.8,79,12.7,2.94,922.2
1999-10-29,24.1,16.3,74,13.0,3.47,923.8
1999-10-30,23.9,16.8,78,13.8,3.46,925.2
1999-10-31,22.0,14.7,69,16.4,3.31,925.3
1999-11-01,21.6,14.3,69,14.9,3.36,924.5
1999-11-02,23.8,12.7,62,15.3,4.88,924.8
1999-11-03,25.5,14.2,63,12.0,4.97,924.4
1999-11-04,27.8,14.7,59,9.0,5.6,922.5
1999-11-05,29.4,15.7,60,21.5,5.19,919.1
1999-11-06,24.2,18.6,91,7.0,1.9,918.3
1999-11-07,21.9,17.4,92,15.4,1.87,921.1
1999-11-08,22.7,17.4,84,14.4,1.88,923.5
1999-11-09,23.6,17.2,83,6.2,2.22,924.1
1999-11-10,19.9,14.5,88,18.2,1.95,924.2
1999-11-11,16.9,13.7,82,15.5,1.53,924.4
1999-11-12,22.3,14.7,80,13.8,2.8,923.7
1999-11-13,19.9,16.5,93,8.0,1.31,922.9
1999-11-14,24.3,16.6,88,13.4,3.08,920.7
1999-11-15,24.3,14.9,74,16.5,4.49,921.1
1999-11-16,21.4,13.9,74,13.7,3.54,922.9
1999-11-17,21.6,14.0,77,10.2,3.35,923.9
1999-11-18,23.4,16.3,78,10.2,3.05,922.5
1999-11-19,23.6,17.2,82,11.5,3.22,920.3
1999-11-20,23.2,17.5,90,8.2,2.27,919.1
1999-11-21,19.6,17.3,95,11.5,0.95,918.8
1999-11-22,23.4,17.5,93,6.8,1.89,919.1
1999-11-23,26.5,15.7,83,10.8,4.74,919.1
1999-11-24,26.2,16.6,83,11.1,4.58,919.2
1999-11-25,26.4,18.1,81,14.1,4.43,919.7
1999-11-26,27.7,17.1,78,12.0,5.24,919.1
1999-11-27,26.4,17.9,85,12.6,3.88,918.5
1999-11-28,26.4,18.1,85,10.5,3.97,918.4
1999-11-29,24.8,17.5,82,10.2,3.73,920.4
1999-11-30,25.0,17.9,82,11.0,3.79,922.8
1999-12-01,24.6,18.2,77,18.5,4.3,924.0
1999-12-02,23.6,17.7,78,19.0,3.96,923.9
1999-12-03,25.0,17.3,72,15.5,4.88,923.0
1999-12-04,25.7,18.6,84,15.6,3.77,921.5
1999-12-05,20.7,18.1,95,11.4,1.15,920.9
1999-12-06,24.7,18.2,87,13.3,2.57,921.2
1999-12-07,25.9,17.1,87,11.4,4.03,922.9
1999-12-08,26.4,18.5,86,9.4,3.94,924.5
1999-12-09,25.2,18.9,76,8.9,3.7,924.5
1999-12-10,26.5,19.3,70,13.4,4.6,923.8
1999-12-11,26.5,18.6,77,9.8,4.37,922.5
1999-12-12,23.6,18.6,90,9.0,1.78,922.0
1999-12-13,23.0,18.3,90,10.6,1.93,920.9
1999-12-14,26.1,18.5,89,17.1,2.53,918.0
1999-12-15,24.8,19.0,91,15.7,2.78,916.2
1999-12-16,27.0,19.2,75,17.1,5.31,915.7
1999-12-17,27.9,18.5,68,13.3,5.43,917.0
1999-12-18,26.9,17.0,77,9.0,4.89,918.8
1999-12-19,27.2,18.1,81,7.6,4.8,919.8
1999-12-20,27.4,17.8,79,8.7,4.88,919.3
1999-12-21,27.2,18.7,78,11.6,4.78,920.3
1999-12-22,26.6,19.0,80,12.4,4.79,920.6
1999-12-23,25.8,17.6,85,10.4,3.66,920.2
1999-12-24,23.2,18.0,84,14.0,2.4,923.0
1999-12-25,25.7,18.1,80,15.5,4.12,925.1
1999-12-26,26.3,18.3,77,10.4,4.69,925.5
1999-12-27,26.5,17.4,81,9.0,4.42,922.8
1999-12-28,26.3,16.3,78,8.3,4.79,920.9
1999-12-29,27.7,17.5,77,8.7,5.5,920.3
1999-12-30,26.7,19.1,80,12.7,4.72,919.7
1999-12-31,27.4,18.7,84,10.2,4.3,918.1
2000-01-01,23.5,19.0,94,13.6,1.53,916.8
2000-01-02,21.3,19.2,94,14.8,1.08,917.0
2000-01-03,24.0,19.0,87,18.0,1.95,917.2
2000-01-04,25.2,19.2,86,12.2,3.2,920.0
2000-01-05,26.6,18.6,77,13.5,4.61,921.1
2000-01-06,27.3,18.5,75,9.7,5.11,921.6
2000-01-07,26.8,16.3,69,10.8,5.83,921.1
2000-01-08,25.5,18.0,75,15.8,4.51,922.1
2000-01-09,26.2,17.5,75,13.5,5.13,923.8
2000-01-10,26.8,17.9,73,12.7,5.6,923.3
2000-01-11,27.3,18.5,69,9.7,5.86,922.2
2000-01-12,27.8,15.6,69,8.7,5.67,920.6
2000-01-13,29.1,16.8,70,8.4,5.73,920.8
2000-01-14,29.6,18.5,71,7.6,5.71,920.1
2000-01-15,30.4,19.1,69,9.3,5.65,919.0
2000-01-16,29.3,20.3,78,8.8,3.77,919.4
2000-01-17,26.3,20.6,87,7.2,2.76,920.3
2000-01-18,28.6,19.8,84,9.2,4.29,921.2
2000-01-19,28.0,19.8,87,8.8,4.08,919.8
2000-01-20,24.8,19.8,90,12.0,2.45,918.4
2000-01-21,25.2,18.4,85,8.6,3.45,918.2
2000-01-22,26.7,19.5,81,10.5,3.96,919.4
2000-01-23,26.1,19.6,85,8.7,3.76,919.3
2000-01-24,26.5,19.9,86,10.0,3.9,919.8
2000-01-25,26.4,19.9,86,11.8,4.18,920.0
2000-01-26,25.7,19.7,91,17.7,2.56,920.2
2000-01-27,23.8,19.6,95,14.7,1.7,919.9
2000-01-28,19.3,16.8,97,9.7,0.74,920.7
2000-01-29,21.6,16.7,96,6.7,1.28,921.7
2000-01-30,27.1,19.0,86,8.6,3.52,923.5
2000-01-31,26.9,19.0,86,13.0,3.9,924.6
2000-02-01,24.9,19.4,92,12.8,2.61,921.9
2000-02-02,25.7,19.4,91,15.0,2.81,918.3
2000-02-03,27.6,19.8,85,17.8,4.47,917.7
2000-02-04,28.1,19.5,83,13.4,4.56,918.6
2000-02-05,25.9,20.8,89,9.8,2.82,920.8
2000-02-06,26.2,19.7,89,11.0,3.0,921.9
2000-02-07,25.1,19.3,91,8.7,2.7,922.2
2000-02-08,24.2,19.3,91,8.0,2.08,922.4
2000-02-09,26.6,19.3,88,8.7,3.32,922.7
2000-02-10,26.9,18.6,76,14.1,4.48,922.2
2000-02-11,27.4,19.0,75,12.3,4.66,922.5
2000-02-12,26.9,19.8,76,13.0,4.52,922.6
2000-02-13,26.5,18.5,75,12.7,4.82,923.6
2000-02-14,26.9,20.0,75,16.8,4.79,925.2
2000-02-15,27.6,18.5,73,10.0,5.39,923.6
2000-02-16,28.2,16.2,71,6.1,5.44,922.1
2000-02-17,27.3,18.1,75,14.6,4.83,922.1
2000-02-18,25.4,17.7,81,13.2,3.85,923.5
2000-02-19,24.9,18.2,82,14.5,3.47,925.2
2000-02-20,25.5,18.0,79,14.3,4.05,925.4
2000-02-21,26.0,18.7,76,12.7,4.18,924.7
2000-02-22,26.6,17.9,75,12.0,4.75,924.1
2000-02-23,26.3,16.2,76,9.5,4.75,923.6
2000-02-24,27.0,17.2,79,6.7,4.52,922.2
2000-02-25,28.5,17.1,72,6.2,5.24,921.6
2000-02-26,27.9,18.9,70,11.0,4.88,922.5
2000-02-27,26.9,18.5,76,12.0,4.32,922.6
2000-02-28,27.2,19.0,79,12.0,4.42,922.4
2000-02-29,26.8,18.9,79,12.4,4.58,923.6
2000-03-01,26.3,18.4,78,14.0,4.36,924.5
2000-03-02,26.0,18.0,78,14.2,4.16,924.1
2000-03-03,26.4,18.1,75,13.1,4.41,923.4
2000-03-04,26.5,18.7,81,14.7,4.2,924.4
2000-03-05,26.5,18.3,77,15.1,4.62,925.2
2000-03-06,28.1,18.1,72,9.8,5.25,924.3
2000-03-07,28.0,17.6,75,7.6,4.75,921.3
2000-03-08,26.3,18.5,84,11.9,3.47,921.2
2000-03-09,24.6,17.9,86,10.8,2.94,922.9
2000-03-10,24.4,18.5,87,13.0,2.49,923.1
2000-03-11,20.9,18.5,94,5.9,1.04,921.2
2000-03-12,21.3,18.4,96,8.0,1.04,918.0
2000-03-13,23.6,18.5,90,10.8,2.27,917.2
2000-03-14,22.3,17.9,88,9.2,1.62,918.8
2000-03-15,23.4,18.8,89,10.2,2.16,921.0
2000-03-16,24.7,19.2,92,6.8,2.1,921.3
2000-03-17,26.6,19.1,88,11.9,3.14,920.0
2000-03-18,26.0,18.2,88,12.5,3.5,919.0
2000-03-19,27.3,18.9,79,9.8,3.99,919.9
2000-03-20,26.0,19.3,81,12.4,4.03,922.9
2000-03-21,25.7,18.5,78,12.8,3.5,923.4
2000-03-22,26.4,18.4,78,11.6,3.9,923.4
2000-03-23,26.0,18.6,82,14.5,3.73,923.4
2000-03-24,26.4,19.0,81,9.3,3.32,924.3
2000-03-25,27.2,16.8,79,7.9,4.16,923.2
2000-03-26,26.3,19.6,79,12.4,3.72,922.6
2000-03-27,26.6,18.3,80,10.5,3.82,922.1
2000-03-28,26.5,18.0,80,8.2,4.01,922.6
2000-03-29,25.9,18.2,80,12.2,3.48,922.7
2000-03-30,25.4,18.3,78,14.0,3.61,922.9
2000-03-31,25.4,18.1,78,13.3,3.8,923.8
2000-04-01,26.4,16.9,77,9.2,4.05,924.1
2000-04-02,25.4,18.0,82,14.3,3.56,924.7
2000-04-03,23.8,17.8,78,17.6,3.26,926.0
2000-04-04,23.5,14.8,73,17.1,3.57,926.7
2000-04-05,24.2,14.6,75,17.3,3.59,927.3
2000-04-06,24.3,16.5,81,16.7,2.94,926.2
2000-04-07,24.9,17.0,78,11.7,3.54,924.3
2000-04-08,25.8,18.0,80,12.0,3.27,924.5
2000-04-09,25.6,18.1,79,9.7,3.56,923.9
2000-04-10,25.5,17.8,83,12.1,3.06,923.2
2000-04-11,25.9,17.8,80,6.9,3.49,922.7
2000-04-12,26.7,16.5,79,7.2,3.99,921.5
2000-04-13,27.4,17.2,84,7.8,3.84,921.8
2000-04-14,27.2,17.3,84,5.8,3.75,923.0
2000-04-15,26.2,17.1,80,8.2,3.48,923.9
2000-04-16,25.6,18.7,79,6.5,3.35,923.7
2000-04-17,24.5,17.6,82,7.2,2.89,922.3
2000-04-18,25.3,17.8,79,8.9,3.12,922.3
2000-04-19,26.8,16.7,80,11.5,3.69,921.7
2000-04-20,25.3,19.4,87,12.9,2.75,920.6
2000-04-21,25.2,18.0,74,13.4,4.03,919.7
2000-04-22,25.0,11.6,66,7.4,4.04,920.8
2000-04-23,24.4,12.0,72,8.2,3.88,922.8
2000-04-24,25.0,12.3,72,6.6,3.81,923.2
2000-04-25,24.4,11.6,72,9.1,3.99,923.6
2000-04-26,23.4,12.2,72,10.6,3.83,924.8
2000-04-27,24.0,11.8,70,11.4,3.77,925.7
2000-04-28,24.6,13.8,75,13.0,3.28,926.3
2000-04-29,25.0,12.8,75,9.6,3.55,925.8
2000-04-30,24.8,16.1,82,15.0,2.86,925.8
2000-05-01,24.8,17.9,75,16.5,3.2,925.9
2000-05-02,25.3,16.2,77,15.3,3.31,925.3
2000-05-03,25.3,17.0,77,12.3,3.41,925.5
2000-05-04,25.2,16.6,74,11.4,3.74,924.9
2000-05-05,25.4,14.1,75,10.7,3.52,923.8
2000-05-06,26.0,14.3,70,15.2,3.5,922.0
2000-05-07,26.1,18.4,67,10.4,3.03,922.3
2000-05-08,24.9,17.7,82,10.9,2.63,924.2
2000-05-09,25.8,17.6,78,15.9,3.11,923.6
2000-05-10,24.8,15.5,73,8.9,3.02,924.4
2000-05-11,22.1,12.5,67,16.1,3.4,925.4
2000-05-12,21.0,11.9,70,13.2,3.22,925.8
2000-05-13,21.9,12.1,72,9.6,2.96,925.7
2000-05-14,22.4,10.2,73,8.5,3.17,924.9
2000-05-15,24.3,11.5,68,7.1,3.49,922.6
2000-05-16,25.6,13.8,64,12.1,3.71,921.3
2000-05-17,26.0,17.0,58,16.2,3.86,921.3
2000-05-18,23.5,15.5,67,18.0,2.68,920.4
2000-05-19,23.8,11.9,63,9.9,3.49,922.0
2000-05-20,23.4,10.4,73,9.3,2.68,924.4
2000-05-21,18.9,15.3,81,10.5,1.41,926.8
2000-05-22,18.8,14.3,81,11.6,1.54,928.6
2000-05-23,22.3,12.1,74,9.0,2.62,928.6
2000-05-24,21.1,10.4,75,10.9,2.73,927.4
2000-05-25,21.4,9.8,72,14.8,3.06,925.9
2000-05-26,23.8,11.1,69,12.3,3.34,924.3
2000-05-27,25.6,15.2,58,12.0,3.51,922.3
2000-05-28,23.8,15.1,75,14.2,2.54,920.8
2000-05-29,23.7,12.7,76,6.9,2.76,920.8
2000-05-30,25.0,13.2,74,14.4,3.12,921.9
2000-05-31,25.0,16.6,69,18.1,3.08,921.3
2000-06-01,25.6,16.1,72,12.3,3.0,922.6
2000-06-02,24.0,15.4,81,8.1,2.26,925.1
2000-06-03,22.1,14.9,80,13.2,2.09,927.9
2000-06-04,22.3,14.3,76,12.0,2.42,929.1
2000-06-05,19.9,12.9,74,13.0,2.33,928.9
2000-06-06,21.2,10.6,74,15.7,2.69,928.9
2000-06-07,21.5,12.7,76,12.8,2.78,928.1
2000-06-08,22.7,11.1,76,9.7,2.45,927.3
2000-06-09,23.3,12.2,74,7.2,2.5,926.7
2000-06-10,23.5,11.2,70,10.5,2.93,926.1
2000-06-11,23.3,11.2,67,7.8,3.04,925.0
2000-06-12,24.1,11.4,68,7.9,2.76,924.5
2000-06-13,24.4,12.6,73,5.8,2.55,924.6
2000-06-14,24.3,13.3,75,10.1,2.73,925.0
2000-06-15,23.1,13.6,76,12.8,2.36,925.6
2000-06-16,23.2,11.0,76,7.2,2.44,924.6
2000-06-17,23.6,11.2,74,10.5,2.8,924.5
2000-06-18,23.7,12.2,76,12.9,2.56,924.7
2000-06-19,24.3,13.2,75,6.1,2.68,924.8
2000-06-20,25.4,12.5,73,7.9,3.12,923.8
2000-06-21,24.8,15.0,74,19.9,2.95,923.8
2000-06-22,22.5,9.8,68,7.5,3.07,925.0
2000-06-23,21.6,9.3,67,9.8,2.98,926.4
2000-06-24,22.9,8.1,66,9.7,3.3,925.7
2000-06-25,24.3,8.5,58,7.4,3.23,924.5
2000-06-26,25.4,10.4,53,6.1,3.16,923.6
2000-06-27,25.3,11.3,54,8.6,3.32,924.1
2000-06-28,23.3,8.8,62,15.8,3.44,924.4
2000-06-29,23.4,9.3,71,8.8,3.08,923.5
2000-06-30,24.6,11.9,61,16.9,3.47,923.8
2000-07-01,25.2,12.2,64,8.7,3.14,924.3
2000-07-02,23.6,13.2,72,10.7,2.94,925.3
2000-07-03,24.7,12.3,71,11.4,2.98,926.7
2000-07-04,22.5,15.2,72,18.1,2.74,928.5
2000-07-05,22.3,15.0,73,17.0,2.51,927.9
2000-07-06,22.0,13.4,71,16.0,2.82,927.0
2000-07-07,22.5,10.9,73,12.6,2.85,926.5
2000-07-08,22.1,13.0,79,15.3,2.15,925.7
2000-07-09,23.3,10.5,70,10.4,3.2,924.9
2000-07-10,24.1,12.7,74,13.5,2.99,924.7
2000-07-11,24.6,13.1,77,9.8,2.73,925.5
2000-07-12,25.3,12.5,70,7.0,2.95,925.8
2000-07-13,22.6,15.3,70,12.1,2.5,927.6
2000-07-14,20.0,13.7,80,11.9,1.99,927.7
2000-07-15,22.9,12.8,74,11.8,2.55,925.1
2000-07-16,20.8,12.9,83,17.4,2.01,920.4
2000-07-17,17.9,7.8,61,11.7,2.89,921.4
2000-07-18,20.4,5.4,66,10.5,2.99,923.0
2000-07-19,23.7,8.4,68,15.3,3.21,923.3
2000-07-20,23.0,11.5,61,11.2,3.12,922.7
2000-07-21,22.3,11.7,78,14.8,2.48,923.3
2000-07-22,25.2,14.7,75,12.0,3.2,923.6
2000-07-23,26.3,13.2,70,18.7,3.58,922.8
2000-07-24,21.5,15.6,81,9.7,1.79,923.8
2000-07-25,18.3,14.1,85,11.9,1.23,926.0
2000-07-26,21.5,15.1,83,6.5,1.33,925.9
2000-07-27,22.1,14.5,73,12.3,2.72,926.8
2000-07-28,21.6,12.2,73,9.0,3.05,926.9
2000-07-29,20.8,8.4,70,10.7,3.2,924.6
2000-07-30,21.2,7.9,68,8.6,3.28,924.0
2000-07-31,22.3,8.3,64,10.2,3.6,924.6
2000-08-01,21.8,10.4,71,17.7,2.74,926.1
2000-08-02,22.2,13.8,76,16.1,2.52,926.8
2000-08-03,23.9,14.5,71,8.3,2.95,925.9
2000-08-04,22.2,13.4,75,17.3,2.64,925.3
2000-08-05,19.2,10.9,70,14.0,2.96,927.1
2000-08-06,21.9,9.7,66,8.9,3.46,926.2
2000-08-07,24.2,9.6,62,8.0,3.62,925.4
2000-08-08,26.0,11.6,61,8.0,3.72,925.2
2000-08-09,26.5,12.3,61,10.0,3.78,925.3
2000-08-10,27.8,12.8,64,7.2,3.61,925.9
2000-08-11,27.5,15.3,67,15.0,3.68,925.5
2000-08-12,21.1,12.0,67,15.0,2.87,926.0
2000-08-13,20.3,9.0,61,11.8,3.51,927.1
2000-08-14,22.3,10.6,62,10.0,3.67,927.8
2000-08-15,23.5,10.0,61,8.7,3.87,926.7
2000-08-16,26.2,10.5,60,12.6,4.0,925.7
2000-08-17,22.1,15.7,71,16.8,2.49,927.3
2000-08-18,25.5,12.2,70,8.2,3.63,925.9
2000-08-19,23.8,14.2,66,10.9,3.27,926.5
2000-08-20,24.6,14.5,67,13.8,3.63,927.7
2000-08-21,24.9,11.8,63,11.2,4.04,927.6
2000-08-22,25.5,12.5,62,8.9,4.24,926.4
2000-08-23,26.0,12.3,60,8.2,4.0,925.1
2000-08-24,27.4,12.9,59,8.2,4.28,924.9
2000-08-25,28.1,15.2,57,10.6,4.19,924.0
2000-08-26,30.5,16.1,50,10.0,4.69,922.4
2000-08-27,30.3,17.1,58,12.6,4.56,920.3
2000-08-28,30.6,18.9,51,18.9,4.44,919.2
2000-08-29,21.6,17.5,88,7.8,1.48,922.9
2000-08-30,24.0,16.8,83,10.4,2.75,925.7
2000-08-31,24.1,17.8,78,15.9,2.88,925.4
2000-09-01,25.6,16.2,77,6.9,3.24,923.0
2000-09-02,22.8,17.4,86,7.3,1.84,922.1
2000-09-03,21.4,15.6,90,11.8,1.58,922.7
2000-09-04,18.1,13.5,83,17.4,1.73,924.9
2000-09-05,18.3,13.3,80,12.3,1.56,924.9
2000-09-06,20.1,14.4,84,12.6,1.67,922.6
2000-09-07,17.3,13.5,91,10.2,1.31,922.4
2000-09-08,21.3,13.9,78,13.6,2.87,923.1
2000-09-09,17.7,14.4,86,15.0,1.13,924.0
2000-09-10,21.4,13.4,82,12.9,2.46,924.1
2000-09-11,23.1,15.1,77,15.0,2.98,923.8
2000-09-12,23.7,15.5,76,13.6,3.38,923.6
2000-09-13,23.9,15.4,77,12.4,3.13,924.7
2000-09-14,25.2,15.9,78,12.9,3.61,925.5
2000-09-15,24.3,16.8,76,13.6,3.51,925.6
2000-09-16,25.4,17.3,77,9.8,3.73,925.7
2000-09-17,24.4,17.9,81,11.8,3.07,926.7
2000-09-18,23.3,17.5,81,15.1,2.56,928.1
2000-09-19,24.9,17.9,77,10.7,3.25,927.7
2000-09-20,24.3,15.1,74,15.3,3.88,926.4
2000-09-21,24.2,14.3,70,15.0,4.33,925.3
2000-09-22,26.5,13.6,70,9.6,4.5,924.9
2000-09-23,25.8,13.8,67,13.4,4.55,923.7
2000-09-24,27.3,13.3,61,10.4,5.11,922.0
2000-09-25,28.7,14.9,64,15.6,4.64,923.1
2000-09-26,17.8,14.2,83,20.3,1.78,927.6
2000-09-27,17.6,13.2,84,16.3,1.68,928.9
2000-09-28,21.0,13.1,77,16.6,2.7,928.1
2000-09-29,23.8,13.8,71,13.4,4.1,926.9
2000-09-30,24.7,14.5,68,11.6,4.17,926.1
2000-10-01,25.7,15.8,70,12.0,4.31,925.9
2000-10-02,26.7,15.9,71,6.9,4.39,924.8
2000-10-03,27.9,15.6,68,8.0,4.41,922.6
2000-10-04,29.1,17.6,66,5.9,4.36,921.3
2000-10-05,30.3,18.5,70,11.3,4.62,921.0
2000-10-06,27.9,18.1,82,11.1,4.05,921.4
2000-10-07,25.0,18.0,86,7.4,2.57,923.2
2000-10-08,24.8,18.1,83,10.4,3.43,925.0
2000-10-09,26.2,17.7,74,13.7,4.14,926.3
2000-10-10,27.7,15.4,70,11.0,5.24,925.0
2000-10-11,28.2,15.3,64,12.3,5.68,924.6
2000-10-12,29.4,15.2,59,9.7,5.86,924.2
2000-10-13,30.7,16.0,58,10.9,6.16,925.5
2000-10-14,30.0,16.2,58,10.5,6.0,926.3
2000-10-15,28.3,17.3,62,16.0,5.31,925.7
2000-10-16,28.0,18.3,63,17.7,5.38,927.2
2000-10-17,28.5,18.1,64,13.7,5.31,927.5
2000-10-18,29.3,17.6,61,9.2,5.41,927.3
2000-10-19,29.2,17.5,61,12.4,5.14,925.3
2000-10-20,30.5,17.0,56,8.4,5.56,923.1
2000-10-21,31.4,17.9,54,12.2,5.51,921.1
2000-10-22,30.1,19.2,61,13.7,5.29,921.6
2000-10-23,30.5,19.1,59,10.0,5.46,922.7
2000-10-24,30.9,19.0,51,13.2,6.31,922.9
2000-10-25,30.6,18.5,55,14.1,6.24,923.1
2000-10-26,29.3,18.9,53,15.0,6.09,923.5
2000-10-27,30.6,17.2,47,14.8,6.48,922.1
2000-10-28,30.4,19.2,49,10.3,4.2,921.5
2000-10-29,25.3,16.6,75,17.3,3.06,923.6
2000-10-30,20.0,15.7,87,12.8,1.83,924.3
2000-10-31,23.1,16.5,79,10.1,2.67,923.3
2000-11-01,25.8,17.5,69,11.9,4.1,923.0
2000-11-02,27.3,17.3,64,10.8,4.52,922.2
2000-11-03,29.3,16.9,64,7.3,5.49,919.0
2000-11-04,29.3,19.6,62,8.1,4.8,918.1
2000-11-05,22.4,18.2,92,10.8,1.6,918.3
2000-11-06,20.8,17.4,93,13.0,1.5,918.9
2000-11-07,20.2,17.1,92,15.5,1.08,918.7
2000-11-08,21.7,16.1,81,16.1,2.31,918.7
2000-11-09,23.0,15.4,77,14.1,3.39,919.3
2000-11-10,25.2,16.2,77,12.0,4.3,919.0
2000-11-11,26.9,15.7,76,8.2,4.93,918.1
2000-11-12,27.9,18.9,80,9.0,4.57,918.2
2000-11-13,25.5,19.6,87,12.1,2.92,917.5
2000-11-14,25.8,19.4,93,18.9,2.29,916.7
2000-11-15,21.8,17.5,91,11.4,1.72,919.8
2000-11-16,21.3,16.4,84,12.8,2.2,922.8
2000-11-17,21.8,16.7,89,11.5,1.93,924.5
2000-11-18,25.3,17.6,83,15.5,3.74,923.6
2000-11-19,26.7,18.2,80,11.1,4.68,922.6
2000-11-20,26.8,16.7,79,8.5,4.77,923.4
2000-11-21,27.2,18.4,79,12.5,4.7,924.0
2000-11-22,27.0,17.6,69,9.0,5.11,925.1
2000-11-23,27.3,18.4,72,11.6,5.01,925.2
2000-11-24,27.3,18.5,68,11.0,5.47,924.0
2000-11-25,27.1,17.0,75,10.8,4.88,923.0
2000-11-26,27.6,17.9,78,7.4,4.75,922.6
2000-11-27,22.7,17.8,92,10.5,1.92,923.8
2000-11-28,24.5,17.8,86,12.0,3.08,924.1
2000-11-29,26.6,18.1,81,12.4,4.24,923.6
2000-11-30,25.8,18.1,89,14.9,2.99,921.2
2000-12-01,25.1,18.9,91,13.4,2.6,919.9
2000-12-02,24.2,17.7,86,9.2,2.97,920.7
2000-12-03,24.9,19.6,87,10.0,2.69,920.6
2000-12-04,26.6,19.4,85,10.7,3.02,919.8
2000-12-05,26.5,19.2,87,14.3,3.38,918.2
2000-12-06,26.7,19.8,89,9.8,3.84,919.0
2000-12-07,23.9,18.4,81,16.0,3.4,923.1
2000-12-08,26.1,17.4,75,11.7,4.79,924.4
2000-12-09,27.9,18.6,73,9.0,4.75,923.2
2000-12-10,27.6,18.0,80,9.9,4.59,920.4
2000-12-11,26.2,18.5,80,13.4,4.5,919.9
2000-12-12,26.7,18.7,75,12.8,4.82,920.5
2000-12-13,27.3,18.7,72,11.6,5.14,919.9
2000-12-14,26.3,19.8,75,12.8,4.42,918.0
2000-12-15,26.2,19.0,78,17.9,3.98,916.2
2000-12-16,25.2,19.1,79,15.5,3.3,915.1
2000-12-17,25.4,19.7,87,12.6,2.75,915.6
2000-12-18,20.5,17.1,93,18.4,1.05,917.9
2000-12-19,25.2,18.6,83,16.9,3.93,919.7
2000-12-20,27.0,18.4,74,17.0,5.18,921.4
2000-12-21,27.4,16.8,76,7.4,4.87,922.8
2000-12-22,27.8,18.4,83,11.8,4.64,922.9
2000-12-23,27.7,18.8,84,6.6,4.35,923.0
2000-12-24,27.5,20.3,83,10.5,4.47,923.3
2000-12-25,27.1,19.7,76,9.8,4.71,924.1
2000-12-26,27.5,17.9,71,7.9,5.0,923.7
2000-12-27,27.7,20.0,75,8.7,4.68,923.3
2000-12-28,28.1,19.1,74,9.3,4.63,922.6
2000-12-29,28.0,18.5,80,14.9,4.74,921.5
2000-12-30,25.0,19.5,88,15.5,2.81,921.0
2000-12-31,26.0,19.6,90,11.3,3.03,920.5
2001-01-01,23.1,19.5,92,7.6,2.01,920.6
2001-01-02,26.2,19.0,86,13.3,3.58,922.0
2001-01-03,25.1,19.6,87,6.9,2.5,923.5
2001-01-04,27.0,18.9,77,10.4,4.43,925.2
2001-01-05,27.4,16.0,72,11.3,5.92,924.6
2001-01-06,28.0,15.3,70,7.8,6.21,922.9
2001-01-07,28.5,16.4,69,7.4,5.7,922.1
2001-01-08,27.1,17.5,76,7.4,4.75,921.9
2001-01-09,26.4,18.0,81,9.4,4.57,922.3
2001-01-10,27.9,17.5,75,12.2,5.39,923.3
2001-01-11,27.8,17.5,73,10.0,5.53,924.0
2001-01-12,27.3,17.2,70,11.2,5.25,923.4
2001-01-13,26.9,18.9,71,14.0,5.27,925.0
2001-01-14,26.4,18.3,73,13.2,5.21,926.4
2001-01-15,26.5,18.0,71,13.9,5.27,925.5
2001-01-16,27.8,17.8,68,12.9,5.71,925.3
2001-01-17,26.4,18.1,70,11.2,4.94,925.4
2001-01-18,27.0,18.5,75,12.0,4.9,925.2
2001-01-19,27.2,18.5,71,10.4,4.84,924.8
2001-01-20,28.2,17.9,73,8.1,4.81,923.8
2001-01-21,27.6,18.6,81,8.4,4.19,922.4
2001-01-22,26.0,18.9,85,7.8,3.21,923.0
2001-01-23,26.7,19.1,83,11.7,4.02,923.8
2001-01-24,27.2,18.7,83,9.8,4.26,924.1
2001-01-25,26.7,18.5,72,12.8,4.56,924.0
2001-01-26,28.7,16.9,69,10.0,5.04,923.3
2001-01-27,28.3,19.2,70,6.1,4.63,922.4
2001-01-28,28.7,20.7,75,6.6,4.31,922.2
2001-01-29,27.3,19.8,81,9.6,3.88,921.1
2001-01-30,28.7,19.7,78,10.4,4.88,920.4
2001-01-31,29.5,19.1,74,7.7,5.32,920.5
2001-02-01,29.3,19.9,72,10.2,5.19,919.5
2001-02-02,30.3,19.5,65,10.8,5.52,919.5
2001-02-03,31.7,19.4,62,8.2,5.89,920.2
2001-02-04,32.4,19.7,59,6.8,5.55,921.9
2001-02-05,30.8,19.9,65,7.2,5.17,921.4
2001-02-06,31.6,20.6,67,12.1,5.22,921.3
2001-02-07,29.6,21.1,75,8.3,4.15,921.3
2001-02-08,28.1,20.4,82,8.2,3.6,921.5
2001-02-09,29.3,20.7,71,10.5,4.8,921.7
2001-02-10,29.6,19.7,61,12.9,5.73,921.8
2001-02-11,30.7,18.5,58,10.8,6.07,922.4
2001-02-12,29.0,19.1,70,7.4,4.48,922.8
2001-02-13,28.7,18.0,75,5.9,4.75,921.9
2001-02-14,28.1,18.8,71,11.3,4.93,920.9
2001-02-15,28.2,19.2,68,13.1,4.89,921.2
2001-02-16,29.9,19.9,68,9.1,5.24,922.7
2001-02-17,30.5,19.2,66,11.0,5.9,924.3
2001-02-18,29.8,19.0,61,11.8,6.0,925.1
2001-02-19,30.2,18.5,59,11.5,5.97,924.0
2001-02-20,29.6,18.3,65,8.0,5.0,923.1
2001-02-21,28.6,18.6,66,9.1,4.79,922.8
2001-02-22,29.8,19.1,61,10.8,5.39,923.0
2001-02-23,29.3,19.5,63,10.1,4.99,923.7
2001-02-24,29.3,19.6,68,10.0,4.94,923.7
2001-02-25,28.7,19.5,66,13.3,5.27,923.0
2001-02-26,28.3,19.3,67,12.6,5.01,922.5
2001-02-27,28.7,19.7,66,14.8,5.05,923.5
2001-02-28,28.7,17.7,62,13.5,5.5,923.8
2001-03-01,28.4,18.4,68,10.4,4.89,924.0
2001-03-02,28.1,17.9,73,8.0,4.12,924.7
2001-03-03,27.7,18.4,78,8.3,4.37,925.1
2001-03-04,27.6,17.0,77,7.6,4.16,923.7
2001-03-05,26.3,18.2,83,11.1,4.04,922.6
2001-03-06,27.8,18.6,76,13.3,4.41,923.6
2001-03-07,28.8,18.9,78,10.7,4.28,924.6
2001-03-08,29.7,19.7,78,7.0,4.64,924.0
2001-03-09,27.9,19.5,85,12.2,3.61,921.8
2001-03-10,25.1,19.3,86,9.2,2.2,920.0
2001-03-11,24.6,19.1,91,12.5,1.78,919.7
2001-03-12,24.2,19.4,88,13.0,2.07,922.2
2001-03-13,26.4,19.0,78,15.3,3.84,923.5
2001-03-14,26.2,19.8,78,11.9,4.07,923.5
2001-03-15,27.3,19.5,72,10.5,4.75,924.1
2001-03-16,27.3,18.4,72,8.9,4.67,924.7
2001-03-17,28.8,16.4,70,6.1,4.84,923.1
2001-03-18,29.6,18.0,65,7.4,5.12,921.0
2001-03-19,28.7,17.6,70,6.6,4.46,921.2
2001-03-20,28.4,19.2,74,8.7,4.25,924.0
2001-03-21,28.7,17.7,71,12.2,4.93,924.5
2001-03-22,28.4,18.3,69,12.2,4.68,922.9
2001-03-23,29.1,17.1,66,10.9,4.94,921.7
2001-03-24,29.0,17.4,66,6.6,4.63,922.0
2001-03-25,29.2,17.9,65,7.9,4.65,923.2
2001-03-26,29.3,18.1,69,7.8,4.56,922.9
2001-03-27,28.7,19.0,69,5.7,4.34,922.1
2001-03-28,28.7,19.0,73,9.7,4.18,921.9
2001-03-29,28.2,20.2,76,13.6,3.44,923.7
2001-03-30,27.5,19.9,70,9.1,4.02,924.1
2001-03-31,27.1,19.9,72,12.5,3.41,923.6
2001-04-01,28.8,19.3,63,12.0,5.03,923.8
2001-04-02,29.2,18.6,61,9.1,5.1,924.3
2001-04-03,28.6,17.3,65,10.6,4.32,924.1
2001-04-04,27.3,19.7,76,12.2,3.75,924.2
2001-04-05,27.9,19.4,73,14.3,3.99,925.2
2001-04-06,29.5,18.3,65,10.4,4.82,926.1
2001-04-07,28.5,17.7,68,12.4,4.29,926.0
2001-04-08,27.9,19.3,74,9.8,3.87,924.7
2001-04-09,27.3,18.7,72,10.1,3.7,922.8
2001-04-10,28.4,18.1,69,7.4,3.79,922.0
2001-04-11,30.2,19.2,65,7.9,4.26,923.4
2001-04-12,26.6,19.6,79,12.3,3.23,923.9
2001-04-13,24.2,18.3,73,10.9,3.12,923.3
2001-04-14,24.4,18.5,65,11.6,3.51,923.2
2001-04-15,25.2,15.4,77,9.8,3.31,924.4
2001-04-16,25.8,15.2,79,8.9,3.47,926.1
2001-04-17,25.2,16.3,74,10.9,3.52,925.9
2001-04-18,26.7,15.0,67,8.0,4.05,923.4
2001-04-19,27.9,14.3,63,6.7,4.13,921.9
2001-04-20,28.5,15.7,60,10.9,4.09,921.6
2001-04-21,29.8,17.6,59,6.7,4.09,922.4
2001-04-22,29.3,17.7,60,10.4,4.18,922.3
2001-04-23,28.7,18.4,64,12.7,4.25,924.6
2001-04-24,28.5,19.0,63,10.2,4.46,926.6
2001-04-25,27.4,16.5,63,12.4,4.47,927.6
2001-04-26,27.8,16.7,63,14.0,4.02,926.5
2001-04-27,27.0,14.8,65,12.6,3.79,925.4
2001-04-28,27.0,15.1,67,13.5,3.68,925.8
2001-04-29,26.9,16.1,69,11.9,3.5,926.1
2001-04-30,27.3,15.0,63,14.4,4.27,925.8
2001-05-01,26.4,16.8,68,17.9,3.38,925.8
2001-05-02,28.1,18.3,67,13.4,3.94,927.2
2001-05-03,27.5,16.7,66,13.4,4.0,926.2
2001-05-04,29.8,15.1,57,12.1,4.25,922.5
2001-05-05,27.7,18.8,61,18.7,3.92,919.8
2001-05-06,25.8,14.3,46,12.3,4.42,921.0
2001-05-07,26.5,10.5,45,10.1,4.35,921.2
2001-05-08,26.4,10.9,60,7.4,3.77,921.2
2001-05-09,28.7,12.6,55,10.1,4.17,919.8
2001-05-10,29.0,14.5,51,7.4,3.72,919.9
2001-05-11,29.9,18.7,42,16.3,4.62,920.6
2001-05-12,29.9,15.9,55,7.1,3.9,922.4
2001-05-13,26.6,18.0,77,15.6,2.48,924.0
2001-05-14,24.5,15.6,75,10.1,2.22,924.5
2001-05-15,22.2,15.1,79,10.8,2.01,924.5
2001-05-16,24.7,16.5,74,12.1,2.48,922.8
2001-05-17,21.4,17.3,88,19.6,1.46,922.5
2001-05-18,22.6,13.7,67,15.5,3.58,923.0
2001-05-19,24.1,9.5,61,9.2,3.59,923.8
2001-05-20,22.0,12.7,71,14.2,3.0,925.3
2001-05-21,22.9,10.7,72,15.6,3.03,924.8
2001-05-22,23.5,12.1,67,9.7,3.11,923.1
2001-05-23,25.2,12.8,66,6.3,2.68,923.1
2001-05-24,23.8,16.3,70,13.3,2.55,925.8
2001-05-25,23.3,16.1,81,12.0,2.02,926.3
2001-05-26,24.3,16.3,79,11.0,2.53,924.6
2001-05-27,23.9,17.5,79,12.3,2.08,924.3
2001-05-28,25.3,16.9,80,8.1,2.69,923.6
2001-05-29,26.5,16.3,77,6.4,3.03,924.3
2001-05-30,27.8,15.4,70,6.8,3.27,925.3
2001-05-31,25.2,16.3,74,13.5,2.89,925.7
2001-06-01,24.6,16.9,74,12.3,2.87,926.1
2001-06-02,24.4,15.5,74,13.2,2.9,926.7
2001-06-03,23.2,15.9,80,16.8,2.01,927.4
2001-06-04,25.6,17.1,73,13.0,2.74,928.0
2001-06-05,24.9,13.4,75,14.0,2.94,926.9
2001-06-06,25.2,15.2,72,8.4,2.57,925.9
2001-06-07,26.6,14.0,63,6.3,3.12,925.9
2001-06-08,25.1,14.5,65,12.7,3.47,927.6
2001-06-09,24.3,14.3,69,11.1,3.06,928.1
2001-06-10,24.1,13.0,70,9.9,3.15,928.0
2001-06-11,23.9,10.9,67,14.5,3.25,927.5
2001-06-12,22.2,13.9,74,16.2,2.48,927.8
2001-06-13,23.5,12.4,70,9.8,2.65,926.3
2001-06-14,24.3,11.9,68,6.8,2.8,924.5
2001-06-15,25.4,12.6,66,8.1,3.19,924.2
2001-06-16,26.0,12.6,62,6.8,3.25,924.1
2001-06-17,26.7,14.4,59,6.9,3.18,923.8
2001-06-18,26.3,14.1,63,9.9,2.71,924.5
2001-06-19,21.6,16.1,80,12.5,1.64,926.0
2001-06-20,24.9,14.4,70,13.9,2.87,924.6
2001-06-21,23.2,15.7,71,7.6,1.87,925.8
2001-06-22,20.6,14.9,77,12.2,1.87,928.3
2001-06-23,24.7,14.0,71,9.4,2.71,927.6
2001-06-24,24.9,13.7,71,12.3,2.92,928.3
2001-06-25,24.1,13.3,69,15.4,3.04,928.4
2001-06-26,25.5,12.7,66,11.0,3.1,927.8
2001-06-27,25.2,14.7,65,14.6,2.99,925.8
2001-06-28,23.7,13.2,66,10.9,2.62,926.9
2001-06-29,23.3,11.9,62,7.6,2.98,927.4
2001-06-30,23.5,10.7,63,7.5,3.01,925.8
2001-07-01,24.1,10.6,62,7.0,3.21,924.6
2001-07-02,23.7,11.8,63,6.7,2.77,924.8
2001-07-03,25.1,10.4,61,8.0,3.38,925.6
2001-07-04,24.8,10.4,63,9.2,3.42,925.6
2001-07-05,26.7,10.9,58,7.7,3.47,926.6
2001-07-06,25.1,10.7,60,17.9,3.86,927.5
2001-07-07,23.2,12.4,69,17.7,3.04,929.7
2001-07-08,23.8,12.3,65,12.1,3.38,929.6
2001-07-09,23.6,11.3,67,11.8,2.88,927.3
2001-07-10,24.0,10.8,66,10.2,3.24,924.9
2001-07-11,25.3,11.2,61,12.2,3.68,923.7
2001-07-12,26.4,17.1,51,13.0,3.25,924.5
2001-07-13,21.6,14.7,75,13.5,2.26,927.1
2001-07-14,21.4,13.2,74,11.7,2.13,927.2
2001-07-15,24.1,10.4,64,8.2,3.38,925.6
2001-07-16,23.1,10.6,63,12.8,3.38,926.2
2001-07-17,24.4,10.8,66,7.5,3.26,926.2
2001-07-18,24.9,13.8,66,11.7,3.24,925.8
2001-07-19,26.4,13.4,68,7.6,3.12,925.3
2001-07-20,27.8,13.7,64,10.6,3.8,922.9
2001-07-21,29.3,16.7,52,16.3,4.06,922.9
2001-07-22,29.8,19.4,47,13.0,4.0,924.1
2001-07-23,23.0,16.1,75,15.5,2.38,926.7
2001-07-24,24.7,16.5,71,14.0,2.67,927.5
2001-07-25,25.8,16.0,69,13.3,3.31,927.0
2001-07-26,26.4,13.5,65,12.5,3.79,927.1
2001-07-27,27.2,13.2,62,8.4,3.73,926.5
2001-07-28,26.4,13.6,60,13.2,3.34,926.3
2001-07-29,18.7,13.4,74,13.8,2.0,928.2
2001-07-30,23.3,12.3,66,11.9,3.02,929.4
2001-07-31,23.3,13.1,66,10.4,3.15,929.8
2001-08-01,24.8,10.8,61,10.8,3.85,930.1
2001-08-02,24.8,10.9,64,15.2,3.72,930.1
2001-08-03,24.1,12.3,68,15.9,2.96,930.6
2001-08-04,24.3,14.4,65,14.5,3.62,929.9
2001-08-05,25.0,11.1,62,12.3,3.84,928.6
2001-08-06,24.0,11.9,66,13.0,3.41,929.3
2001-08-07,24.6,10.5,60,10.8,3.99,929.9
2001-08-08,23.2,11.8,62,13.0,3.67,929.8
2001-08-09,22.1,10.3,68,15.8,3.26,929.6
2001-08-10,24.6,11.9,64,12.7,3.53,929.0
2001-08-11,22.5,13.9,64,12.1,2.98,929.3
2001-08-12,23.3,13.7,57,15.4,3.53,930.2
2001-08-13,23.7,12.7,59,16.2,3.92,930.1
2001-08-14,23.8,11.3,59,13.6,3.95,929.2
2001-08-15,23.6,12.0,60,14.1,3.81,929.6
2001-08-16,23.2,14.4,57,12.6,3.63,930.1
2001-08-17,24.0,10.8,58,16.4,4.17,929.4
2001-08-18,22.6,13.6,69,20.1,2.95,929.8
2001-08-19,24.2,15.2,66,17.9,3.56,930.5
2001-08-20,24.6,11.1,65,14.7,3.85,930.7
2001-08-21,25.5,11.7,58,11.5,4.17,928.0
2001-08-22,26.4,13.5,57,12.1,4.0,926.8
2001-08-23,26.0,15.5,65,15.6,3.58,927.0
2001-08-24,26.2,16.7,72,12.7,3.47,926.6
2001-08-25,27.2,15.6,68,9.4,3.76,925.1
2001-08-26,28.5,14.8,59,6.6,4.05,925.2
2001-08-27,28.5,16.3,68,8.2,3.95,926.1
2001-08-28,25.8,16.2,73,10.7,3.43,925.4
2001-08-29,25.5,17.2,66,15.8,3.71,926.2
2001-08-30,23.8,16.2,66,16.5,2.88,928.1
2001-08-31,24.1,16.1,66,15.7,3.17,927.7
2001-09-01,25.5,16.0,61,15.2,4.02,927.0
2001-09-02,25.6,14.9,61,14.3,4.27,926.1
2001-09-03,25.4,15.6,65,14.1,3.79,925.3
2001-09-04,28.0,13.5,58,7.1,4.34,925.2
2001-09-05,28.8,14.5,55,12.2,4.92,925.4
2001-09-06,26.7,16.2,60,12.2,4.05,925.7
2001-09-07,22.9,16.2,68,14.5,3.3,924.6
2001-09-08,27.1,13.6,57,7.7,4.29,922.8
2001-09-09,29.4,13.6,51,9.2,4.87,923.1
2001-09-10,31.0,15.4,50,7.9,5.09,922.7
2001-09-11,33.3,17.2,49,16.9,5.68,920.9
2001-09-12,23.8,17.5,78,15.5,2.69,923.1
2001-09-13,23.4,16.9,73,15.6,2.84,925.3
2001-09-14,28.6,16.5,72,10.5,3.9,923.4
2001-09-15,27.6,17.8,83,15.2,3.31,920.4
2001-09-16,23.5,17.2,89,16.0,1.68,921.2
2001-09-17,20.9,12.8,68,13.8,3.29,924.7
2001-09-18,20.6,9.8,61,17.4,4.57,927.6
2001-09-19,21.6,11.3,64,15.5,4.33,927.6
2001-09-20,23.0,12.9,65,16.3,3.84,926.9
2001-09-21,22.6,14.2,66,14.2,3.32,926.2
2001-09-22,22.3,14.1,64,17.4,3.55,925.9
2001-09-23,22.5,14.7,71,12.4,2.98,924.1
2001-09-24,25.3,15.4,71,11.3,3.7,923.6
2001-09-25,25.6,16.7,71,12.2,3.36,923.4
2001-09-26,28.2,16.7,76,13.4,4.01,922.9
2001-09-27,27.8,17.8,81,8.1,3.66,923.3
2001-09-28,22.2,17.5,84,13.6,2.15,925.6
2001-09-29,22.2,17.1,81,14.0,2.27,926.8
2001-09-30,21.5,16.8,80,16.1,2.39,926.2
2001-10-01,25.1,15.7,79,15.8,3.33,923.8
2001-10-02,26.5,16.7,81,11.4,3.3,922.7
2001-10-03,27.5,17.7,82,20.2,3.89,923.3
2001-10-04,28.8,17.9,76,17.1,4.75,922.9
2001-10-05,29.2,19.5,70,14.5,5.04,922.8
2001-10-06,27.7,17.1,74,10.0,4.45,923.3
2001-10-07,26.0,18.7,77,14.0,3.4,923.6
2001-10-08,21.5,16.9,84,12.9,1.87,923.9
2001-10-09,20.8,16.1,89,10.8,1.57,923.2
2001-10-10,23.4,16.1,79,11.8,2.96,924.2
2001-10-11,22.8,17.1,80,15.3,2.85,925.4
2001-10-12,24.1,16.3,71,14.4,4.28,925.9
2001-10-13,24.4,14.5,64,13.7,4.75,925.6
2001-10-14,25.1,15.0,67,12.5,4.33,924.9
2001-10-15,24.8,15.5,65,12.3,4.22,923.8
2001-10-16,25.9,14.0,64,11.6,4.68,923.3
2001-10-17,24.9,15.3,65,10.2,3.65,922.1
2001-10-18,26.6,15.1,64,9.2,4.56,920.6
2001-10-19,25.5,18.4,78,15.1,3.24,919.9
2001-10-20,24.9,18.2,88,14.8,2.2,917.9
2001-10-21,27.0,16.9,75,15.0,4.61,918.4
2001-10-22,24.9,18.3,88,21.6,2.32,917.7
2001-10-23,27.5,16.1,67,8.3,5.54,921.1
2001-10-24,25.6,17.4,76,12.8,3.88,925.7
2001-10-25,24.8,17.7,73,14.4,4.1,927.3
2001-10-26,24.7,16.6,66,10.9,4.49,925.7
2001-10-27,25.4,14.4,59,11.2,5.28,923.7
2001-10-28,25.8,13.3,60,9.0,5.51,922.8
2001-10-29,26.0,15.1,61,10.7,5.02,922.8
2001-10-30,26.3,16.4,67,9.5,4.5,922.7
2001-10-31,29.2,16.2,72,14.2,5.16,921.7
2001-11-01,27.8,16.9,77,8.5,4.7,920.2
2001-11-02,27.0,17.9,77,11.0,4.27,920.1
2001-11-03,25.4,18.0,88,11.7,2.78,920.3
2001-11-04,25.0,18.1,91,13.1,2.7,920.1
2001-11-05,26.5,18.7,87,15.6,3.61,920.6
2001-11-06,27.0,17.9,82,9.1,4.41,922.9
2001-11-07,27.8,19.4,75,9.2,4.4,923.7
2001-11-08,28.6,18.5,72,8.4,4.86,923.7
2001-11-09,28.3,19.0,75,12.9,4.78,924.5
2001-11-10,27.3,19.8,72,13.6,4.99,924.5
2001-11-11,28.9,17.9,66,11.2,5.55,922.4
2001-11-12,29.2,20.1,73,10.5,4.15,922.3
2001-11-13,23.7,19.6,93,6.9,1.81,920.7
2001-11-14,24.2,19.0,91,13.0,2.46,918.1
2001-11-15,26.8,19.0,89,16.0,3.25,918.3
2001-11-16,26.3,19.4,86,11.3,2.88,920.6
2001-11-17,25.9,19.7,84,7.4,3.39,921.6
2001-11-18,23.7,19.1,88,11.5,2.29,922.2
2001-11-19,21.7,18.6,92,11.6,1.68,922.6
2001-11-20,25.2,18.7,87,6.9,3.41,921.7
2001-11-21,22.6,18.1,89,13.7,2.32,923.0
2001-11-22,23.5,17.4,80,12.9,2.79,923.2
2001-11-23,26.4,16.8,83,12.2,4.31,919.9
2001-11-24,26.1,18.6,84,10.7,3.78,919.4
2001-11-25,26.8,18.1,80,10.5,4.46,920.8
2001-11-26,26.1,19.3,71,12.7,4.73,922.7
2001-11-27,27.1,18.0,70,11.5,5.05,922.1
2001-11-28,27.5,17.6,75,7.3,5.01,920.5
2001-11-29,26.1,18.7,83,11.5,3.61,918.6
2001-11-30,22.0,18.9,96,13.5,1.06,916.8
2001-12-01,22.9,19.1,95,22.3,2.16,915.6
2001-12-02,26.9,15.3,69,11.3,6.03,920.2
2001-12-03,25.6,17.3,68,11.5,5.31,922.5
2001-12-04,25.9,16.4,65,11.7,5.89,922.8
2001-12-05,25.8,16.5,73,13.9,4.75,922.0
2001-12-06,25.3,18.7,77,13.8,3.67,921.6
2001-12-07,26.6,19.2,73,12.4,4.9,921.8
2001-12-08,27.2,19.4,67,12.4,5.7,921.8
2001-12-09,27.3,18.1,68,11.3,5.41,921.9
2001-12-10,28.0,18.6,66,10.5,5.6,922.8
2001-12-11,27.6,17.2,65,12.4,6.29,923.5
2001-12-12,27.5,17.8,67,12.8,5.1,921.9
2001-12-13,27.1,19.5,76,14.0,4.51,919.9
2001-12-14,26.4,19.5,77,12.1,3.42,919.9
2001-12-15,22.9,19.4,90,14.3,1.61,920.0
2001-12-16,24.2,19.3,91,15.2,1.79,918.9
2001-12-17,24.8,19.0,95,14.3,2.3,918.6
2001-12-18,25.3,19.7,90,14.0,3.08,919.0
2001-12-19,26.3,19.8,88,11.3,3.2,920.9
2001-12-20,26.4,19.2,88,12.4,3.7,921.3
2001-12-21,24.1,19.2,91,11.6,2.44,921.8
2001-12-22,27.1,18.6,83,12.6,3.22,922.4
2001-12-23,27.0,18.2,83,11.8,3.89,922.5
2001-12-24,22.6,18.4,92,10.9,1.34,923.9
2001-12-25,21.9,17.5,88,11.0,1.95,924.5
2001-12-26,23.0,18.3,87,9.8,2.69,923.3
2001-12-27,25.9,18.6,86,10.4,3.53,922.7
2001-12-28,22.8,18.8,94,10.7,1.83,922.9
2001-12-29,21.6,18.4,94,7.8,1.43,921.5
2001-12-30,22.2,18.2,94,18.2,1.6,917.8
2001-12-31,25.8,19.0,88,13.8,3.21,916.8
2002-01-01,26.6,19.3,88,13.8,3.52,917.2
2002-01-02,25.3,19.3,90,12.4,2.75,916.1
2002-01-03,27.5,18.1,84,10.9,4.33,916.3
2002-01-04,27.7,17.6,81,7.3,4.83,918.4
2002-01-05,27.5,18.7,80,8.6,4.82,921.5
2002-01-06,27.2,19.5,73,12.9,5.69,921.2
2002-01-07,26.1,19.8,80,15.8,4.39,921.4
2002-01-08,26.9,20.0,75,16.9,4.81,922.7
2002-01-09,26.7,19.8,72,17.3,4.96,924.5
2002-01-10,25.0,17.9,72,18.8,4.64,926.3
2002-01-11,25.2,18.5,78,16.3,3.65,927.0
2002-01-12,24.7,19.2,78,13.7,3.16,925.8
2002-01-13,25.5,18.8,83,11.0,3.26,923.3
2002-01-14,22.5,17.8,95,14.0,1.3,918.6
2002-01-15,25.0,18.9,90,12.8,2.64,914.2
2002-01-16,26.6,18.5,82,11.7,4.34,915.2
2002-01-17,25.0,18.0,83,13.4,3.63,918.6
2002-01-18,21.6,18.6,96,13.1,0.89,920.6
2002-01-19,24.2,18.4,89,12.1,2.57,922.6
2002-01-20,26.8,18.6,75,12.7,4.78,923.7
2002-01-21,27.7,16.7,74,10.0,5.02,924.9
2002-01-22,28.8,17.4,74,8.6,5.87,924.7
2002-01-23,28.8,18.0,71,10.2,5.23,923.5
2002-01-24,29.4,18.9,77,12.0,5.13,921.9
2002-01-25,28.3,19.8,85,11.7,4.43,922.0
2002-01-26,28.4,19.5,85,12.0,4.48,922.4
2002-01-27,27.3,20.3,86,10.1,3.75,921.5
2002-01-28,27.6,20.1,85,9.1,4.17,920.4
2002-01-29,27.7,19.8,85,10.3,4.06,920.1
2002-01-30,27.8,20.3,86,9.8,3.75,921.2
2002-01-31,26.9,20.2,86,10.5,3.27,921.2
2002-02-01,28.0,18.9,87,10.6,3.88,920.9
2002-02-02,25.4,20.2,91,11.4,2.4,919.8
2002-02-03,25.0,19.2,85,14.8,3.21,919.3
2002-02-04,24.3,18.1,76,8.3,3.84,920.4
2002-02-05,26.6,17.4,75,10.0,4.38,922.2
2002-02-06,26.7,19.2,79,12.1,4.58,922.3
2002-02-07,25.9,19.2,84,11.7,3.83,922.0
2002-02-08,23.4,19.1,92,12.0,2.1,922.0
2002-02-09,23.8,18.7,90,10.9,1.94,922.4
2002-02-10,25.3,18.7,86,11.3,3.13,922.9
2002-02-11,26.6,19.1,76,10.1,4.56,923.2
2002-02-12,26.1,18.5,76,12.3,4.61,924.4
2002-02-13,26.9,16.8,72,10.5,5.06,923.2
2002-02-14,26.8,15.7,72,9.6,4.78,922.6
2002-02-15,27.1,18.6,81,10.6,4.31,923.2
2002-02-16,27.4,17.2,85,8.4,4.5,923.3
2002-02-17,26.6,18.6,88,7.8,3.42,922.9
2002-02-18,22.1,18.9,92,10.1,1.54,922.6
2002-02-19,22.2,18.1,91,8.7,1.86,922.8
2002-02-20,23.3,18.1,92,10.3,1.51,922.8
2002-02-21,25.8,19.8,86,13.1,3.04,921.3
2002-02-22,26.9,20.1,83,18.3,3.13,918.8
2002-02-23,26.7,20.1,89,17.0,2.76,920.1
2002-02-24,26.8,20.0,88,10.8,3.16,922.5
2002-02-25,23.0,18.8,84,15.6,2.81,923.5
2002-02-26,22.6,17.8,86,12.1,2.06,923.9
2002-02-27,24.7,18.2,84,12.4,2.69,924.7
2002-02-28,26.4,18.5,84,11.0,3.7,924.1
2002-03-01,26.6,18.2,77,9.8,4.5,923.8
2002-03-02,26.9,15.9,78,8.0,4.42,923.1
2002-03-03,26.8,17.2,75,11.6,4.75,924.0
2002-03-04,26.1,18.6,81,14.2,4.11,925.2
2002-03-05,26.3,17.4,78,12.8,4.39,924.8
2002-03-06,27.3,16.9,78,8.7,4.94,923.4
2002-03-07,27.6,16.3,74,8.7,5.14,924.1
2002-03-08,27.8,16.3,74,9.7,5.09,924.9
2002-03-09,27.7,17.6,74,9.3,5.1,924.9
2002-03-10,27.0,18.9,73,13.0,4.4,925.0
2002-03-11,26.0,19.3,74,14.0,4.04,925.3
2002-03-12,26.9,18.4,76,9.9,4.52,926.0
2002-03-13,28.0,17.1,75,7.4,4.76,924.5
2002-03-14,28.6,18.0,79,7.9,4.64,922.4
2002-03-15,28.5,18.5,83,6.8,4.33,921.4
2002-03-16,25.4,19.0,86,11.0,3.26,921.8
2002-03-17,26.2,19.4,87,9.8,3.26,921.9
2002-03-18,27.0,17.7,83,8.9,4.12,921.3
2002-03-19,27.8,17.9,80,11.3,4.54,920.7
2002-03-20,27.8,19.7,85,11.6,3.91,921.1
2002-03-21,27.5,19.5,86,13.8,3.64,920.9
2002-03-22,23.0,18.5,81,19.2,2.34,923.3
2002-03-23,24.7,17.0,79,13.3,3.53,924.1
2002-03-24,27.1,18.9,83,12.8,3.65,922.5
2002-03-25,23.6,18.8,91,8.7,1.73,921.2
2002-03-26,26.9,18.7,87,7.8,3.41,921.5
2002-03-27,26.1,19.2,81,12.2,3.47,923.6
2002-03-28,27.2,18.8,77,12.3,4.18,925.0
2002-03-29,26.0,17.0,73,14.2,4.45,924.4
2002-03-30,26.9,16.6,74,15.8,4.08,924.3
2002-03-31,26.7,15.7,76,9.7,4.53,924.2
2002-04-01,27.8,15.5,72,8.4,4.81,922.9
2002-04-02,28.0,15.9,74,7.6,4.38,923.5
2002-04-03,27.2,17.3,76,9.7,4.13,924.9
2002-04-04,25.9,18.3,77,8.9,3.55,924.9
2002-04-05,25.6,16.6,76,9.1,3.75,923.2
2002-04-06,25.2,17.3,80,9.3,3.45,921.8
2002-04-07,25.8,17.4,82,10.4,3.59,922.1
2002-04-08,25.8,16.9,83,6.6,3.34,921.4
2002-04-09,25.6,16.8,84,7.5,3.47,921.1
2002-04-10,24.2,17.9,83,10.0,3.01,921.4
2002-04-11,25.6,17.9,78,9.4,3.5,921.8
2002-04-12,26.7,17.7,77,8.3,3.64,921.5
2002-04-13,27.1,17.7,76,9.2,3.66,923.2
2002-04-14,26.4,16.8,75,11.3,3.82,924.8
2002-04-15,26.2,18.5,74,11.8,3.66,924.7
2002-04-16,26.4,16.3,75,9.0,3.55,924.6
2002-04-17,27.8,16.1,73,8.7,4.04,924.7
2002-04-18,28.4,16.4,70,9.0,4.27,924.1
2002-04-19,27.1,16.2,70,12.0,4.28,923.9
2002-04-20,26.9,19.0,76,12.8,3.17,923.8
2002-04-21,27.7,17.4,75,11.8,3.75,924.0
2002-04-22,26.7,19.1,71,17.5,3.66,925.1
2002-04-23,25.9,16.1,74,15.5,3.31,924.4
2002-04-24,26.9,15.7,69,10.7,4.38,922.8
2002-04-25,28.0,15.0,68,7.2,4.0,922.9
2002-04-26,28.0,15.7,68,8.9,3.9,923.1
2002-04-27,29.4,16.6,62,7.6,4.15,922.5
2002-04-28,26.9,16.5,67,10.0,3.65,922.9
2002-04-29,26.9,16.5,70,11.5,3.82,923.6
2002-04-30,28.2,15.1,66,7.9,4.01,923.4
2002-05-01,28.7,17.6,61,7.1,3.5,923.4
2002-05-02,27.2,18.4,66,9.7,3.53,922.7
2002-05-03,28.4,16.1,65,10.9,4.06,920.8
2002-05-04,29.0,17.7,73,8.2,3.52,921.9
2002-05-05,25.4,18.1,82,12.5,2.79,925.0
2002-05-06,26.4,18.7,77,10.0,3.18,925.8
2002-05-07,26.6,17.0,71,9.3,3.44,924.7
2002-05-08,26.1,16.9,72,9.2,3.23,923.7
2002-05-09,26.5,16.3,71,6.6,3.18,924.1
2002-05-10,25.8,17.3,74,9.1,3.14,926.3
2002-05-11,25.6,17.5,75,10.8,2.99,927.8
2002-05-12,25.6,17.4,74,15.0,2.86,927.2
2002-05-13,25.2,16.7,74,14.5,3.03,926.8
2002-05-14,25.3,14.8,71,15.5,3.46,926.1
2002-05-15,26.0,17.1,73,10.9,3.19,925.7
2002-05-16,26.6,15.0,67,11.8,3.51,922.6
2002-05-17,27.5,17.3,60,7.3,3.43,921.2
2002-05-18,26.3,16.2,69,10.5,3.26,921.3
2002-05-19,27.4,16.1,75,7.4,3.18,922.4
2002-05-20,27.1,16.1,79,4.9,3.1,922.6
2002-05-21,27.0,17.1,82,15.5,2.74,921.9
2002-05-22,22.8,16.3,87,12.8,1.85,922.9
2002-05-23,21.1,14.8,76,20.3,2.45,925.2
2002-05-24,20.4,13.1,70,16.6,2.78,925.4
2002-05-25,20.2,9.7,74,14.4,2.5,925.3
2002-05-26,21.8,9.4,72,8.9,3.24,925.5
2002-05-27,22.1,9.0,69,9.8,3.29,924.9
2002-05-28,22.2,9.5,76,14.6,2.66,924.0
2002-05-29,23.1,10.9,76,12.5,2.74,923.5
2002-05-30,23.8,11.5,74,6.8,2.7,923.7
2002-05-31,24.4,14.4,68,6.9,3.06,925.0
2002-06-01,25.1,13.5,66,12.8,3.41,925.9
2002-06-02,23.0,13.1,76,13.8,2.43,926.9
2002-06-03,24.2,12.0,75,9.1,3.03,925.1
2002-06-04,24.9,12.1,70,7.0,3.21,924.4
2002-06-05,24.8,12.4,70,9.7,3.27,923.5
2002-06-06,25.7,13.0,71,7.5,3.11,924.3
2002-06-07,24.9,13.5,75,12.6,2.97,925.0
2002-06-08,25.7,13.6,72,6.6,2.9,926.4
2002-06-09,25.6,14.0,72,10.9,3.28,925.6
2002-06-10,25.7,13.6,72,7.2,2.83,925.6
2002-06-11,24.5,13.9,72,12.1,2.92,925.2
2002-06-12,25.7,12.2,67,6.7,3.18,924.9
2002-06-13,26.0,12.5,67,8.0,3.33,925.3
2002-06-14,26.3,12.4,66,7.6,3.28,926.8
2002-06-15,25.3,12.9,68,12.0,3.35,928.2
2002-06-16,23.6,13.1,72,12.9,2.54,928.2
2002-06-17,24.5,13.6,69,14.2,3.24,927.6
2002-06-18,23.9,13.9,74,11.2,2.18,927.3
2002-06-19,25.3,12.9,68,8.7,3.28,928.2
2002-06-20,24.2,12.4,66,12.7,3.23,928.0
2002-06-21,23.9,10.3,66,7.2,2.96,927.7
2002-06-22,24.6,10.9,63,10.7,3.3,927.7
2002-06-23,22.5,14.6,68,13.3,2.28,928.6
2002-06-24,22.7,14.4,74,10.5,2.06,928.7
2002-06-25,23.9,11.7,70,10.0,2.89,929.2
2002-06-26,23.4,15.0,70,12.0,2.66,930.1
2002-06-27,22.3,13.2,75,12.1,2.16,928.4
2002-06-28,24.0,12.6,73,10.5,2.64,927.4
2002-06-29,23.9,13.7,72,11.2,2.72,928.0
2002-06-30,23.9,13.1,69,11.0,2.96,928.6
2002-07-01,24.6,12.1,69,9.5,3.09,929.0
2002-07-02,24.5,11.6,67,16.7,3.33,928.6
2002-07-03,22.3,14.5,74,16.6,2.18,929.1
2002-07-04,23.2,13.0,73,16.7,2.65,929.0
2002-07-05,21.7,13.8,78,9.7,1.71,927.6
2002-07-06,23.7,11.2,71,7.6,2.88,925.5
2002-07-07,26.0,14.5,57,18.4,3.76,923.5
2002-07-08,23.8,16.0,61,15.3,3.03,923.8
2002-07-09,23.2,12.6,71,10.5,2.54,926.2
2002-07-10,24.1,16.0,76,12.1,2.46,927.6
2002-07-11,25.6,14.7,72,7.4,2.83,926.5
2002-07-12,26.3,15.1,68,11.8,3.08,924.7
2002-07-13,25.2,15.6,78,15.3,2.9,923.3
2002-07-14,23.9,12.7,77,6.4,2.63,924.2
2002-07-15,24.2,15.1,76,9.8,2.47,925.2
2002-07-16,23.7,15.4,75,10.7,2.47,925.8
2002-07-17,25.3,14.9,75,8.7,2.5,926.0
2002-07-18,21.3,13.8,73,14.8,2.61,927.6
2002-07-19,22.4,11.9,69,12.0,2.96,927.0
2002-07-20,22.6,12.0,66,12.0,2.99,926.4
2002-07-21,20.9,13.6,68,13.0,2.37,926.0
2002-07-22,23.8,14.4,74,15.0,2.51,925.2
2002-07-23,24.9,13.9,77,10.2,2.71,924.9
2002-07-24,25.7,13.7,71,11.9,3.56,926.4
2002-07-25,24.7,13.5,71,10.1,3.31,927.9
2002-07-26,24.8,12.1,69,11.6,3.57,926.9
2002-07-27,25.2,14.1,70,13.2,3.11,926.0
2002-07-28,27.1,15.9,64,11.5,3.58,925.9
2002-07-29,24.1,15.3,73,11.9,3.01,928.9
2002-07-30,23.0,15.4,69,12.8,3.2,929.0
2002-07-31,25.6,11.9,67,8.4,3.59,926.0
2002-08-01,27.2,13.5,62,9.8,3.72,923.8
2002-08-02,27.0,15.7,69,6.5,2.83,925.9
2002-08-03,27.6,17.4,69,11.4,3.61,926.2
2002-08-04,28.7,15.5,60,6.5,3.7,924.6
2002-08-05,29.5,16.7,58,8.1,3.82,924.1
2002-08-06,30.4,16.1,52,8.4,4.25,925.2
2002-08-07,29.3,15.9,53,11.9,4.39,927.2
2002-08-08,27.4,14.9,56,13.8,4.43,927.3
2002-08-09,25.8,13.4,59,13.0,4.04,926.7
2002-08-10,27.2,12.7,59,11.9,4.0,926.2
2002-08-11,25.1,14.3,59,12.1,3.6,927.0
2002-08-12,26.8,12.4,58,9.4,4.18,926.9
2002-08-13,26.7,12.9,56,9.9,4.31,926.3
2002-08-14,27.8,13.0,50,8.6,4.13,926.8
2002-08-15,27.3,14.3,53,14.6,4.48,928.3
2002-08-16,25.7,14.9,55,14.1,4.52,929.6
2002-08-17,24.3,16.3,65,18.7,3.25,929.6
2002-08-18,23.8,14.9,63,19.1,3.46,928.9
2002-08-19,23.2,15.4,68,17.5,2.99,929.1
2002-08-20,22.8,14.4,66,19.5,3.0,929.2
2002-08-21,24.4,13.0,65,19.9,3.77,929.7
2002-08-22,25.6,15.2,64,13.2,4.3,928.8
2002-08-23,25.2,14.6,62,14.5,4.2,927.2
2002-08-24,25.0,13.4,61,13.9,4.14,926.7
2002-08-25,24.8,12.9,64,14.8,4.06,927.2
2002-08-26,25.0,13.7,61,15.4,4.24,927.4
2002-08-27,24.6,13.8,55,15.3,4.52,927.3
2002-08-28,24.7,15.1,67,18.9,3.77,925.9
2002-08-29,25.3,14.9,63,16.6,3.89,923.7
2002-08-30,28.3,14.8,60,6.5,3.82,922.9
2002-08-31,25.4,17.4,64,7.1,2.36,923.0
2002-09-01,25.9,17.5,79,15.6,3.35,920.8
2002-09-02,22.5,13.6,61,17.3,3.75,920.9
2002-09-03,24.7,7.4,65,8.7,4.2,923.6
2002-09-04,25.5,14.3,72,8.7,3.54,925.4
2002-09-05,24.3,16.2,74,15.9,3.14,925.6
2002-09-06,27.4,16.9,68,12.0,3.44,924.8
2002-09-07,27.7,17.0,75,14.4,2.97,924.7
2002-09-08,22.8,16.2,81,15.0,2.63,927.3
2002-09-09,23.4,14.3,73,14.6,3.13,928.9
2002-09-10,24.2,15.8,74,16.9,3.12,928.7
2002-09-11,23.8,16.6,73,14.6,2.99,928.6
2002-09-12,24.7,13.2,62,13.3,4.67,925.6
2002-09-13,28.6,13.2,51,10.8,5.21,922.0
2002-09-14,29.4,17.5,52,21.5,4.58,921.6
2002-09-15,28.4,15.7,65,12.2,4.9,924.4
2002-09-16,26.0,17.0,64,15.7,4.32,927.1
2002-09-17,26.9,15.7,64,16.7,4.83,928.1
2002-09-18,26.0,16.2,64,16.8,4.67,927.0
2002-09-19,26.2,14.6,60,16.7,5.08,925.2
2002-09-20,28.7,15.8,56,12.1,4.97,923.3
2002-09-21,30.8,18.0,56,14.4,4.89,921.6
2002-09-22,24.2,16.7,88,8.0,2.43,922.1
2002-09-23,24.6,16.5,88,7.6,2.75,922.1
2002-09-24,21.4,15.0,93,13.4,1.46,920.4
2002-09-25,18.9,14.0,81,13.9,2.2,922.9
2002-09-26,21.2,12.6,77,10.8,2.99,925.1
2002-09-27,24.0,11.9,73,11.2,4.01,926.5
2002-09-28,24.2,14.2,70,11.6,4.14,927.0
2002-09-29,24.9,14.8,70,10.2,4.21,925.7
2002-09-30,26.7,16.2,71,11.0,4.61,924.5
2002-10-01,28.9,15.0,64,10.4,5.22,923.9
2002-10-02,26.5,17.7,79,10.8,3.81,923.8
2002-10-03,27.8,17.8,71,9.4,4.29,922.6
2002-10-04,27.5,16.6,71,9.0,4.25,921.9
2002-10-05,27.2,17.7,63,11.3,4.81,922.9
2002-10-06,27.3,16.9,57,14.5,5.81,923.6
2002-10-07,26.7,18.1,68,11.0,4.32,924.4
2002-10-08,28.5,17.4,63,8.4,4.96,924.6
2002-10-09,29.4,15.9,54,11.6,6.05,924.0
2002-10-10,28.6,16.6,53,12.8,5.88,923.7
2002-10-11,29.2,16.0,52,9.5,6.0,923.6
2002-10-12,30.1,17.6,56,10.2,5.68,923.7
2002-10-13,30.6,16.8,49,12.3,6.45,923.6
2002-10-14,30.2,16.7,47,13.7,6.49,923.9
2002-10-15,30.6,16.7,45,12.4,6.67,923.7
2002-10-16,31.2,15.8,42,12.0,6.42,922.7
2002-10-17,33.0,16.0,40,10.3,6.44,921.7
2002-10-18,29.7,19.7,52,15.2,6.0,923.8
2002-10-19,28.4,18.5,53,17.2,6.4,924.5
2002-10-20,29.3,17.9,55,15.8,5.75,923.0
2002-10-21,31.9,18.0,50,7.6,5.63,922.2
2002-10-22,32.3,19.8,58,12.3,5.33,923.2
2002-10-23,24.3,18.4,76,18.0,3.5,925.1
2002-10-24,25.9,17.1,65,15.0,4.25,924.4
2002-10-25,29.4,17.2,60,11.8,5.34,921.8
2002-10-26,31.4,18.2,61,7.2,4.99,920.9
2002-10-27,31.6,18.6,62,11.4,5.84,920.7
2002-10-28,30.3,20.4,63,14.3,5.29,921.0
2002-10-29,29.7,20.6,67,14.5,4.8,920.2
2002-10-30,23.8,19.9,88,12.5,2.08,919.2
2002-10-31,27.0,19.3,86,14.0,2.93,918.9
2002-11-01,23.6,19.3,93,9.4,2.0,919.6
2002-11-02,24.6,19.2,86,7.9,2.88,920.6
2002-11-03,26.9,19.0,75,9.8,3.91,920.4
2002-11-04,27.2,17.9,80,13.4,4.19,919.8
2002-11-05,26.4,19.6,87,14.1,2.91,920.7
2002-11-06,18.9,15.5,91,17.9,1.18,923.3
2002-11-07,18.7,14.6,80,14.7,1.83,925.5
2002-11-08,21.3,13.9,73,10.8,3.2,924.7
2002-11-09,24.7,13.5,75,9.4,3.8,923.7
2002-11-10,27.5,14.7,73,13.3,4.94,922.4
2002-11-11,27.3,16.5,76,10.7,4.7,922.6
2002-11-12,27.1,18.8,85,7.8,3.79,924.3
2002-11-13,25.3,18.8,79,12.9,3.02,925.5
2002-11-14,26.7,18.0,65,17.4,5.17,925.6
2002-11-15,27.0,17.3,68,10.8,5.18,923.9
2002-11-16,29.0,17.8,70,9.2,5.47,922.0
2002-11-17,28.8,18.6,79,10.0,5.17,921.1
2002-11-18,28.3,19.2,81,14.3,4.85,920.9
2002-11-19,28.6,20.1,81,10.7,4.21,921.0
2002-11-20,27.3,19.4,86,10.9,3.82,921.3
2002-11-21,27.9,20.0,83,9.7,4.57,922.1
2002-11-22,26.7,20.2,79,12.8,4.02,923.1
2002-11-23,25.6,19.9,81,14.3,3.41,924.2
2002-11-24,27.0,19.1,82,9.7,4.4,924.3
2002-11-25,28.2,18.6,80,10.1,4.79,923.7
2002-11-26,29.1,19.1,72,13.0,5.35,923.5
2002-11-27,24.6,18.2,75,5.9,2.7,923.2
2002-11-28,28.9,16.8,67,11.9,5.95,922.3
2002-11-29,29.1,18.2,61,11.5,5.93,922.7
2002-11-30,30.0,18.1,60,9.1,5.84,923.5
2002-12-01,30.5,18.9,60,7.9,6.06,922.2
2002-12-02,32.1,18.9,55,10.2,6.07,921.2
2002-12-03,30.4,21.4,72,12.3,5.4,922.9
2002-12-04,29.7,20.6,73,10.7,4.99,923.4
2002-12-05,29.7,20.6,72,8.4,4.9,922.8
2002-12-06,30.3,21.2,74,10.6,4.25,919.9
2002-12-07,28.7,20.4,80,11.7,4.08,917.9
2002-12-08,28.2,19.7,83,6.6,4.44,917.1
2002-12-09,28.0,20.5,87,8.7,3.28,919.6
2002-12-10,24.1,20.2,92,10.2,1.23,922.8
2002-12-11,22.6,19.8,95,7.7,1.47,923.4
2002-12-12,21.8,19.5,96,13.8,1.01,922.2
2002-12-13,22.6,19.5,95,10.3,1.21,922.2
2002-12-14,21.2,19.2,95,10.4,0.99,923.0
2002-12-15,24.0,19.1,87,13.4,2.52,922.7
2002-12-16,23.1,19.2,94,11.0,1.57,922.1
2002-12-17,26.6,18.4,86,15.1,3.05,921.4
2002-12-18,26.6,18.6,87,8.6,3.58,922.5
2002-12-19,25.1,19.5,81,12.5,3.35,923.6
2002-12-20,27.9,17.4,76,7.5,5.07,924.2
2002-12-21,29.0,19.5,79,9.8,5.3,924.0
2002-12-22,26.8,19.9,86,8.5,3.72,922.4
2002-12-23,28.4,19.8,84,10.5,4.08,921.9
2002-12-24,28.6,20.4,85,11.2,4.58,920.7
2002-12-25,28.7,20.3,88,12.4,4.03,920.5
2002-12-26,23.1,19.2,88,16.1,2.28,921.8
2002-12-27,25.4,16.9,71,11.9,5.39,921.7
2002-12-28,26.8,17.1,77,10.6,4.73,920.6
2002-12-29,26.4,18.8,83,10.5,4.41,920.8
2002-12-30,24.1,19.6,88,14.1,2.53,922.5
2002-12-31,25.0,19.0,88,14.8,2.78,922.5
2003-01-01,26.1,19.3,88,11.6,3.13,921.2
2003-01-02,26.0,19.7,93,10.7,2.83,920.4
2003-01-03,24.1,20.1,94,12.7,1.61,920.5
2003-01-04,23.2,20.0,97,13.0,1.24,920.3
2003-01-05,23.1,19.6,97,16.0,1.33,919.2
2003-01-06,22.5,20.3,97,15.3,1.15,918.9
2003-01-07,22.7,19.1,92,8.5,1.62,920.3
2003-01-08,20.8,17.5,89,9.0,1.52,923.1
2003-01-09,27.3,18.2,85,11.2,3.6,924.4
2003-01-10,29.2,20.0,84,10.2,4.95,923.1
2003-01-11,28.4,19.7,85,13.8,4.71,921.5
2003-01-12,28.0,19.7,83,12.9,4.3,921.1
2003-01-13,26.3,20.2,87,11.2,3.13,920.9
2003-01-14,26.0,20.0,88,11.2,3.39,920.7
2003-01-15,26.1,19.9,90,6.6,2.85,921.7
2003-01-16,24.8,19.8,90,14.3,2.81,922.8
2003-01-17,22.4,19.5,92,14.7,1.67,922.6
2003-01-18,24.8,18.0,80,18.4,3.59,922.3
2003-01-19,24.2,20.1,88,12.0,1.9,922.0
2003-01-20,24.7,19.1,90,15.5,2.67,921.1
2003-01-21,26.9,18.5,87,16.3,3.77,920.0
2003-01-22,26.2,19.6,89,11.9,3.09,921.9
2003-01-23,27.7,19.8,76,13.9,4.72,924.4
2003-01-24,28.1,17.2,73,9.1,5.36,924.4
2003-01-25,28.8,17.5,69,8.2,5.39,923.5
2003-01-26,27.8,19.7,76,12.3,5.01,922.0
2003-01-27,27.2,19.7,75,12.0,4.71,920.6
2003-01-28,26.6,19.9,78,17.7,4.31,921.3
2003-01-29,24.9,19.4,90,10.0,2.12,923.0
2003-01-30,26.2,19.6,87,12.7,3.47,923.4
2003-01-31,27.6,19.9,75,14.1,5.42,924.2
2003-02-01,27.7,19.1,74,13.2,5.08,925.5
2003-02-02,26.9,19.7,75,15.3,4.93,926.7
2003-02-03,27.1,18.9,73,13.2,4.71,926.7
2003-02-04,27.4,18.1,75,8.5,4.8,924.5
2003-02-05,27.8,18.3,72,10.3,4.97,923.8
2003-02-06,27.1,17.1,73,11.7,4.84,923.6
2003-02-07,28.1,16.5,68,11.6,5.8,924.2
2003-02-08,28.3,17.0,71,10.9,4.73,924.4
2003-02-09,28.9,16.4,68,9.4,5.78,923.6
2003-02-10,28.4,16.4,69,8.4,5.19,921.7
2003-02-11,28.5,18.1,71,8.2,4.75,921.4
2003-02-12,29.7,16.2,59,11.0,6.42,922.4
2003-02-13,28.9,17.3,64,10.7,5.65,922.6
2003-02-14,29.6,17.5,61,10.2,5.74,921.8
2003-02-15,28.6,20.2,76,9.5,3.98,921.9
2003-02-16,26.3,19.1,74,10.2,3.57,921.8
2003-02-17,28.2,18.8,72,15.4,4.3,920.8
2003-02-18,25.5,20.0,89,13.6,2.88,921.4
2003-02-19,27.8,18.9,87,10.5,4.2,923.4
2003-02-20,27.2,19.8,84,6.2,3.79,923.7
2003-02-21,27.3,19.0,79,9.9,4.49,922.9
2003-02-22,28.0,16.9,74,12.9,5.23,924.3
2003-02-23,27.9,18.3,72,13.0,5.24,926.4
2003-02-24,27.7,17.8,71,10.8,5.63,926.0
2003-02-25,28.8,16.3,69,6.6,5.27,923.4
2003-02-26,29.0,19.0,71,6.9,5.15,922.5
2003-02-27,28.9,19.0,72,9.7,4.49,923.1
2003-02-28,28.9,19.7,70,10.8,4.76,923.8
2003-03-01,28.1,19.0,73,9.5,4.69,922.8
2003-03-02,29.4,19.1,68,6.3,5.04,921.9
2003-03-03,30.0,18.6,68,5.8,5.19,922.6
2003-03-04,29.9,18.2,69,9.7,5.31,923.7
2003-03-05,29.7,18.4,65,9.7,5.45,923.5
2003-03-06,29.0,18.8,64,9.6,5.22,922.3
2003-03-07,29.8,17.9,68,7.7,5.16,922.2
2003-03-08,27.7,19.6,76,11.2,3.57,922.4
2003-03-09,23.5,19.8,88,7.8,1.76,923.1
2003-03-10,25.4,19.0,86,10.7,2.01,922.9
2003-03-11,26.5,19.3,86,13.3,2.86,922.7
2003-03-12,26.2,19.5,89,13.2,2.42,921.5
2003-03-13,22.6,19.5,93,8.4,1.37,921.1
2003-03-14,26.0,19.2,86,9.8,3.46,922.0
2003-03-15,27.4,18.9,85,9.7,3.82,923.7
2003-03-16,27.6,19.3,85,9.5,3.97,923.3
2003-03-17,25.2,19.1,88,7.8,2.48,921.6
2003-03-18,22.5,19.0,94,6.1,1.11,922.7
2003-03-19,25.5,18.3,85,12.6,2.89,924.4
2003-03-20,26.4,18.8,80,13.6,3.91,924.5
2003-03-21,27.3,18.3,80,11.5,4.2,922.2
2003-03-22,26.7,19.1,84,9.2,3.37,922.0
2003-03-23,24.3,19.0,89,10.7,2.53,924.0
2003-03-24,25.4,17.5,82,11.9,3.46,925.2
2003-03-25,25.3,17.8,78,11.3,3.51,924.9
2003-03-26,24.9,17.3,81,8.6,3.13,924.0
2003-03-27,20.9,18.1,91,7.7,1.04,924.6
2003-03-28,24.0,16.7,83,7.0,3.25,924.5
2003-03-29,25.1,16.4,78,10.3,3.68,923.7
2003-03-30,26.8,15.1,76,6.3,4.43,922.4
2003-03-31,26.1,16.4,76,7.6,4.0,922.2
2003-04-01,26.7,16.6,74,6.6,3.97,923.2
2003-04-02,25.7,16.6,78,6.9,3.64,923.9
2003-04-03,26.6,15.9,77,6.8,3.91,922.9
2003-04-04,26.3,18.1,78,10.8,3.67,922.2
2003-04-05,26.4,18.1,82,14.3,3.13,921.3
2003-04-06,26.7,18.5,85,10.8,3.21,920.6
2003-04-07,26.3,18.9,84,12.1,3.34,919.8
2003-04-08,23.8,17.3,79,12.6,2.95,921.5
2003-04-09,25.6,19.5,83,12.0,2.84,923.4
2003-04-10,26.5,19.0,86,10.5,2.99,923.0
2003-04-11,26.5,18.5,85,13.4,3.5,922.2
2003-04-12,27.0,17.7,79,10.9,3.89,923.6
2003-04-13,22.5,17.4,83,14.5,2.18,926.9
2003-04-14,21.2,16.6,77,14.9,2.18,927.9
2003-04-15,22.6,16.9,81,9.7,2.12,926.0
2003-04-16,23.7,17.1,79,9.6,3.05,924.3
2003-04-17,24.7,13.9,76,10.4,3.56,924.7
2003-04-18,24.9,15.2,78,15.3,3.21,924.7
2003-04-19,26.0,17.6,77,10.6,3.93,924.9
2003-04-20,26.4,14.8,74,10.7,4.08,923.5
2003-04-21,26.1,17.0,79,14.9,3.51,925.4
2003-04-22,25.6,18.5,75,13.8,3.73,926.9
2003-04-23,24.4,16.1,76,14.2,3.17,926.6
2003-04-24,25.6,15.5,75,11.7,3.5,925.8
2003-04-25,25.2,16.3,77,11.7,3.27,924.6
2003-04-26,27.1,14.4,75,7.1,3.94,925.2
2003-04-27,27.3,15.0,74,6.6,3.89,925.0
2003-04-28,27.8,15.3,68,7.2,3.98,923.4
2003-04-29,28.1,15.6,64,7.9,4.16,923.5
2003-04-30,27.8,14.9,66,8.4,4.15,924.3
2003-05-01,28.2,16.2,61,7.3,4.14,923.6
2003-05-02,27.7,17.7,57,14.8,4.18,920.8
2003-05-03,22.7,17.0,74,12.0,2.46,921.5
2003-05-04,22.0,14.0,70,12.3,2.72,923.8
2003-05-05,22.7,16.5,78,12.7,1.98,923.8
2003-05-06,22.6,15.8,86,16.1,1.72,921.7
2003-05-07,22.4,15.7,72,16.5,3.61,921.4
2003-05-08,21.9,10.7,56,10.9,3.76,922.7
2003-05-09,23.3,8.2,60,8.9,3.74,924.5
2003-05-10,22.4,11.4,70,11.5,3.26,926.7
2003-05-11,21.3,12.9,77,12.0,2.54,928.8
2003-05-12,21.7,12.4,77,14.2,2.41,928.4
2003-05-13,22.9,14.6,74,11.9,2.6,927.2
2003-05-14,24.3,12.9,73,12.7,3.34,926.6
2003-05-15,23.2,16.2,79,17.5,2.4,927.9
2003-05-16,24.3,14.4,73,14.0,3.29,927.0
2003-05-17,22.3,12.6,78,9.8,2.23,925.4
2003-05-18,24.4,10.1,74,7.0,3.37,925.2
2003-05-19,23.6,11.0,74,12.3,3.34,925.8
2003-05-20,24.7,11.8,75,10.9,3.04,925.3
2003-05-21,24.8,14.0,72,7.3,2.9,924.2
2003-05-22,25.8,14.9,58,8.9,3.51,923.8
2003-05-23,27.2,14.6,57,15.2,4.01,921.9
2003-05-24,24.2,16.8,71,22.3,2.68,919.4
2003-05-25,22.5,15.9,66,15.8,2.98,920.1
2003-05-26,24.4,11.2,50,8.7,3.58,922.6
2003-05-27,24.6,9.5,65,7.5,3.14,924.8
2003-05-28,24.1,12.3,78,8.0,2.45,926.1
2003-05-29,22.8,13.6,80,10.2,2.48,926.1
2003-05-30,23.0,15.5,76,10.8,2.6,927.2
2003-05-31,23.4,12.9,74,9.8,3.06,927.3
2003-06-01,24.6,11.4,68,8.2,3.3,926.3
2003-06-02,24.2,11.6,70,7.9,2.94,925.5
2003-06-03,26.6,14.2,70,7.3,3.22,924.3
2003-06-04,27.4,14.8,71,7.1,3.29,924.4
2003-06-05,25.5,15.9,70,10.9,3.27,925.8
2003-06-06,25.5,13.2,72,6.8,3.05,925.4
2003-06-07,26.3,13.9,73,8.0,3.19,925.2
2003-06-08,25.7,14.4,72,10.6,3.07,925.4
2003-06-09,24.8,14.9,74,16.2,2.67,926.9
2003-06-10,24.8,14.1,72,14.0,3.09,926.9
2003-06-11,25.5,13.4,69,8.1,3.17,925.3
2003-06-12,26.2,13.9,64,5.9,3.22,923.3
2003-06-13,26.3,13.9,66,7.2,3.16,923.6
2003-06-14,26.4,13.8,66,7.1,3.12,924.2
2003-06-15,25.7,13.4,70,8.6,3.23,925.3
2003-06-16,25.3,12.3,72,7.8,3.16,925.1
2003-06-17,24.7,11.6,73,6.6,3.01,924.3
2003-06-18,25.2,11.9,68,6.8,3.06,924.5
2003-06-19,25.1,11.3,59,8.0,3.27,924.8
2003-06-20,25.4,12.1,59,5.6,3.09,924.1
2003-06-21,25.1,11.9,59,9.7,3.25,924.3
2003-06-22,25.4,13.4,53,8.0,3.3,923.3
2003-06-23,24.8,10.8,61,9.7,3.27,924.5
2003-06-24,25.0,11.5,65,7.3,3.15,926.6
2003-06-25,24.9,10.9,64,8.1,3.31,926.4
2003-06-26,24.4,10.4,64,6.6,3.08,925.1
2003-06-27,24.4,10.5,67,7.6,3.15,924.8
2003-06-28,24.3,11.3,63,8.5,3.33,925.2
2003-06-29,25.2,12.0,53,8.2,3.31,924.6
2003-06-30,22.9,11.8,65,14.2,3.17,927.0
2003-07-01,21.6,9.5,70,8.4,2.9,927.6
2003-07-02,22.7,10.2,63,6.1,3.01,925.8
2003-07-03,23.3,8.8,62,7.3,3.16,925.0
2003-07-04,23.2,8.9,62,10.1,3.29,924.2
2003-07-05,23.9,9.7,61,10.0,3.34,922.9
2003-07-06,24.3,10.7,56,9.4,3.37,922.7
2003-07-07,25.2,12.6,55,9.4,3.36,923.7
2003-07-08,25.5,11.8,59,8.8,3.46,923.5
2003-07-09,25.7,11.9,56,9.0,3.56,923.3
2003-07-10,26.0,11.1,58,9.5,3.54,923.5
2003-07-11,26.5,13.1,58,13.0,3.54,925.0
2003-07-12,19.0,14.2,77,15.2,1.82,928.9
2003-07-13,20.1,12.8,79,14.8,1.99,929.9
2003-07-14,19.8,14.1,75,20.5,2.04,930.3
2003-07-15,21.1,11.5,71,13.7,2.74,929.8
2003-07-16,22.5,11.4,67,10.7,2.98,929.5
2003-07-17,22.5,10.7,69,13.0,2.98,930.2
2003-07-18,23.1,10.1,69,11.1,3.22,930.0
2003-07-19,23.3,10.4,72,11.2,3.04,929.5
2003-07-20,24.6,10.2,65,9.3,3.56,927.1
2003-07-21,24.4,10.1,62,8.8,3.48,927.0
2003-07-22,24.1,10.3,64,11.9,3.54,928.1
2003-07-23,23.9,11.9,67,15.0,3.49,928.9
2003-07-24,23.3,12.3,72,13.6,2.91,928.3
2003-07-25,24.7,13.6,67,15.2,3.31,929.5
2003-07-26,25.1,11.1,62,14.4,3.88,930.0
2003-07-27,23.3,13.2,64,15.7,3.43,930.0
2003-07-28,22.8,11.7,68,14.0,3.15,929.0
2003-07-29,23.1,11.8,72,12.1,2.69,928.8
2003-07-30,24.2,11.2,65,8.1,3.41,927.3
2003-07-31,24.7,11.9,62,6.5,2.96,925.6
2003-08-01,23.1,14.8,73,9.0,2.56,926.3
2003-08-02,24.8,13.0,67,11.0,3.39,928.7
2003-08-03,24.3,12.6,65,11.2,3.3,928.8
2003-08-04,23.4,13.0,62,11.3,3.44,927.1
2003-08-05,24.6,11.5,60,11.0,3.44,924.9
2003-08-06,26.9,15.0,58,7.9,3.59,924.7
2003-08-07,28.3,13.1,60,8.7,3.91,924.1
2003-08-08,27.5,14.3,60,10.7,3.95,925.5
2003-08-09,27.2,15.3,57,8.0,3.74,926.8
2003-08-10,24.9,15.4,64,12.9,2.85,926.5
2003-08-11,21.4,15.2,76,9.9,1.82,926.5
2003-08-12,22.7,13.4,75,11.9,2.51,926.6
2003-08-13,24.7,13.4,68,10.1,3.19,926.6
2003-08-14,25.7,11.8,63,7.2,3.75,924.8
2003-08-15,27.4,12.6,60,12.0,3.96,923.3
2003-08-16,25.3,14.3,70,18.4,3.45,922.2
2003-08-17,24.8,12.7,56,12.1,4.28,924.4
2003-08-18,22.9,11.1,65,9.6,3.38,928.3
2003-08-19,24.1,12.0,65,11.8,3.96,930.0
2003-08-20,25.0,9.8,60,8.7,4.19,928.8
2003-08-21,24.6,10.3,58,11.4,4.27,926.5
2003-08-22,26.0,9.9,56,8.4,4.35,926.0
2003-08-23,25.1,12.9,61,13.1,4.09,926.6
2003-08-24,27.2,12.5,56,12.0,4.63,925.4
2003-08-25,29.1,13.5,57,9.4,4.06,923.4
2003-08-26,20.3,14.0,82,14.1,1.38,924.7
2003-08-27,19.8,13.6,83,11.8,1.51,926.3
2003-08-28,21.9,16.1,80,11.8,1.75,925.4
2003-08-29,19.9,14.6,86,12.0,1.47,926.0
2003-08-30,19.4,13.4,83,12.9,1.77,926.9
2003-08-31,24.5,15.0,75,10.1,3.38,927.4
2003-09-01,26.7,14.1,70,6.6,3.72,927.3
2003-09-02,25.7,15.2,74,7.9,3.43,928.0
2003-09-03,20.7,15.7,85,12.6,1.9,929.8
2003-09-04,21.3,14.9,74,14.3,2.31,930.4
2003-09-05,22.2,13.1,70,14.9,3.17,929.9
2003-09-06,23.2,12.4,62,16.8,4.22,928.1
2003-09-07,23.3,12.8,62,16.6,4.35,927.6
2003-09-08,23.9,13.5,62,14.1,4.4,926.8
2003-09-09,25.5,14.5,63,13.7,4.16,926.7
2003-09-10,26.9,13.2,62,11.2,4.3,924.7
2003-09-11,27.5,14.9,64,14.6,4.12,924.8
2003-09-12,21.4,15.4,74,16.8,2.42,927.0
2003-09-13,26.9,16.1,73,11.1,3.28,926.1
2003-09-14,22.8,16.7,82,16.9,2.69,926.1
2003-09-15,21.8,15.4,77,16.1,2.36,926.9
2003-09-16,25.8,13.7,69,13.6,4.32,925.5
2003-09-17,24.5,15.9,80,8.2,2.53,924.8
2003-09-18,21.5,16.0,85,11.7,1.96,925.4
2003-09-19,24.2,15.2,72,12.4,3.19,924.8
2003-09-20,27.1,12.4,66,8.0,4.93,924.7
2003-09-21,27.3,11.6,59,13.7,5.34,926.0
2003-09-22,26.5,14.3,63,10.6,4.74,925.8
2003-09-23,28.7,13.1,55,9.1,5.43,923.3
2003-09-24,31.6,13.7,49,6.8,5.53,921.3
2003-09-25,32.5,15.7,46,11.2,6.05,921.0
2003-09-26,32.0,18.3,54,13.2,5.78,921.2
2003-09-27,33.4,18.3,44,19.9,6.57,919.2
2003-09-28,29.3,20.2,67,7.8,4.16,921.3
2003-09-29,29.4,18.5,68,11.5,4.18,922.7
2003-09-30,27.1,18.6,74,11.7,4.01,924.4
2003-10-01,24.4,17.7,72,12.6,3.21,925.1
2003-10-02,25.7,17.5,64,15.5,4.01,925.2
2003-10-03,28.1,16.2,61,12.6,5.35,925.4
2003-10-04,27.6,15.9,59,12.1,5.34,925.5
2003-10-05,27.5,16.2,59,12.7,4.85,923.6
2003-10-06,29.5,16.3,55,11.5,5.22,921.6
2003-10-07,29.7,18.1,54,10.5,5.02,922.6
2003-10-08,29.0,19.7,63,16.5,4.51,922.9
2003-10-09,24.7,17.8,71,15.6,3.27,922.0
2003-10-10,29.4,18.2,68,7.7,4.46,922.5
2003-10-11,29.6,19.1,71,14.8,4.27,922.8
2003-10-12,21.3,15.4,81,16.8,2.36,923.7
2003-10-13,21.4,15.5,75,18.5,2.55,925.4
2003-10-14,23.7,15.3,65,13.0,4.06,926.4
2003-10-15,24.4,14.1,66,13.8,4.37,926.8
2003-10-16,24.2,12.0,62,13.0,5.33,926.5
2003-10-17,25.5,11.2,54,8.6,5.7,924.0
2003-10-18,28.6,11.7,47,8.8,6.01,923.2
2003-10-19,31.3,14.1,43,8.3,6.38,923.3
2003-10-20,32.7,16.2,39,8.1,6.18,922.3
2003-10-21,33.2,19.8,36,13.3,7.02,920.7
2003-10-22,34.5,18.8,45,16.6,6.5,920.3
2003-10-23,25.6,18.9,73,9.9,2.61,923.5
2003-10-24,22.2,16.9,80,13.3,2.82,926.1
2003-10-25,25.1,15.2,73,11.8,4.28,924.3
2003-10-26,26.5,18.1,71,12.3,4.77,922.3
2003-10-27,27.1,17.4,66,12.1,5.01,922.3
2003-10-28,26.5,16.7,57,16.8,5.98,924.2
2003-10-29,26.0,17.6,64,14.9,4.42,924.2
2003-10-30,26.9,17.0,67,12.3,4.7,923.2
2003-10-31,26.9,18.2,78,10.7,4.18,922.0
2003-11-01,28.1,17.5,75,9.0,4.55,921.3
2003-11-02,28.2,16.4,83,14.5,3.48,919.9
2003-11-03,22.1,15.7,74,16.4,3.17,920.7
2003-11-04,23.5,13.9,63,12.8,5.63,922.5
2003-11-05,22.8,13.8,68,14.5,4.24,923.5
2003-11-06,22.3,15.6,81,14.1,2.81,922.7
2003-11-07,22.3,15.5,82,13.0,2.7,920.8
2003-11-08,25.2,15.8,83,12.1,3.74,920.6
2003-11-09,27.0,16.5,78,7.6,4.64,921.2
2003-11-10,28.2,18.2,76,10.3,4.89,922.5
2003-11-11,27.2,19.2,75,11.8,4.62,923.1
2003-11-12,27.9,18.5,70,14.0,5.25,922.8
2003-11-13,30.2,17.5,73,13.9,5.34,921.4
2003-11-14,27.6,19.5,85,10.4,3.77,922.2
2003-11-15,24.6,18.6,82,14.7,2.7,924.8
2003-11-16,26.7,18.9,75,14.0,4.23,923.8
2003-11-17,27.8,19.1,73,12.6,4.23,921.8
2003-11-18,30.0,19.5,70,12.3,5.35,921.4
2003-11-19,29.7,21.0,73,13.1,4.45,920.4
2003-11-20,26.0,19.7,86,11.9,3.12,922.3
2003-11-21,24.4,18.7,84,15.3,2.97,925.0
2003-11-22,25.3,17.7,73,15.5,3.89,924.6
2003-11-23,25.2,18.8,75,13.0,3.32,923.1
2003-11-24,27.5,17.2,66,13.6,5.64,921.6
2003-11-25,28.8,18.4,62,14.0,5.64,922.0
2003-11-26,29.5,19.0,61,10.2,5.71,922.7
2003-11-27,29.2,19.5,65,14.8,5.43,921.6
2003-11-28,28.6,19.8,70,9.0,4.09,919.5
2003-11-29,27.0,20.9,77,13.3,3.34,920.0
2003-11-30,26.1,20.0,75,12.5,3.04,920.6
2003-12-01,28.1,19.9,76,14.6,3.54,919.7
2003-12-02,25.5,19.6,90,7.7,1.99,919.0
2003-12-03,25.9,19.1,83,13.8,3.64,919.6
2003-12-04,26.7,19.5,88,10.8,2.98,919.7
2003-12-05,24.9,19.9,94,14.0,1.67,918.6
2003-12-06,28.2,19.8,87,11.4,3.62,919.2
2003-12-07,21.0,17.9,94,9.4,1.26,920.9
2003-12-08,24.7,17.8,90,13.0,1.6,922.0
2003-12-09,25.0,18.6,90,14.0,2.45,922.3
2003-12-10,29.1,17.8,84,8.0,5.14,923.4
2003-12-11,28.8,20.2,73,13.2,5.74,923.8
2003-12-12,30.3,18.4,70,10.1,5.86,922.3
2003-12-13,28.8,20.0,82,10.8,5.05,922.4
2003-12-14,28.0,20.1,73,12.4,5.73,923.4
2003-12-15,29.0,18.1,69,10.9,6.06,923.0
2003-12-16,30.5,17.8,65,8.6,6.2,922.2
2003-12-17,29.1,19.5,74,16.1,5.45,923.2
2003-12-18,25.3,18.5,75,17.6,3.98,926.2
2003-12-19,26.6,18.5,73,15.5,4.35,927.4
2003-12-20,27.1,18.2,72,12.4,4.63,926.0
2003-12-21,29.3,20.1,74,10.0,5.2,923.1
2003-12-22,27.3,19.8,82,8.7,3.41,920.6
2003-12-23,28.8,18.4,80,13.8,4.96,920.0
2003-12-24,25.9,19.3,85,14.8,3.61,923.3
2003-12-25,23.6,19.1,81,15.0,2.73,924.5
2003-12-26,24.7,18.3,82,14.2,3.55,923.5
2003-12-27,24.3,17.2,84,16.1,3.9,921.9
2003-12-28,24.0,17.6,86,10.3,3.66,920.8
2003-12-29,26.3,17.9,84,12.2,3.88,921.3
2003-12-30,27.3,17.5,78,10.7,4.84,922.6
2003-12-31,28.4,18.7,78,11.4,5.11,922.4
2004-01-01,28.7,19.5,82,12.4,4.66,920.9
2004-01-02,25.4,18.7,91,12.2,2.32,920.7
2004-01-03,19.9,16.8,93,11.1,1.25,921.2
2004-01-04,21.8,17.1,86,10.6,2.12,922.0
2004-01-05,24.1,18.2,85,11.2,2.59,922.4
2004-01-06,26.6,18.5,83,12.2,4.03,922.8
2004-01-07,24.7,18.8,87,10.4,2.87,922.8
2004-01-08,22.2,17.3,85,10.4,1.97,921.2
2004-01-09,22.9,18.9,93,10.5,1.7,920.1
2004-01-10,23.9,18.2,90,8.5,2.22,918.2
2004-01-11,25.5,19.2,88,11.5,3.09,918.5
2004-01-12,25.9,19.5,89,14.3,2.94,918.5
2004-01-13,26.6,19.8,88,11.2,3.43,918.0
2004-01-14,26.4,19.8,88,9.8,3.35,917.3
2004-01-15,27.5,20.1,88,12.4,3.58,915.8
2004-01-16,27.4,19.9,85,13.4,3.78,916.9
2004-01-17,25.2,18.4,77,18.4,4.12,919.5
2004-01-18,25.7,17.0,72,14.3,4.5,920.4
2004-01-19,26.3,15.5,69,12.1,5.55,920.7
2004-01-20,25.2,16.1,70,11.2,4.61,920.8
2004-01-21,26.4,16.7,75,13.5,4.95,920.4
2004-01-22,23.9,19.6,89,10.4,2.24,919.3
2004-01-23,23.6,19.6,86,15.5,2.15,920.4
2004-01-24,24.9,19.8,84,17.5,2.89,921.9
2004-01-25,26.0,19.7,74,18.0,5.37,921.5
2004-01-26,25.7,19.2,73,15.8,3.87,921.3
2004-01-27,26.4,19.2,72,17.6,4.14,922.2
2004-01-28,27.3,18.9,74,16.0,4.74,923.7
2004-01-29,26.3,19.0,75,17.2,4.82,924.2
2004-01-30,27.0,18.5,75,12.9,5.25,923.7
2004-01-31,27.2,18.7,76,9.4,4.87,924.3
2004-02-01,26.9,18.8,79,7.6,4.55,924.5
2004-02-02,25.6,19.1,86,9.5,3.47,922.6
2004-02-03,26.3,18.6,84,8.5,3.61,922.0
2004-02-04,27.2,19.0,81,9.0,4.54,922.9
2004-02-05,27.8,18.3,77,7.0,4.8,921.4
2004-02-06,28.3,20.3,79,13.9,4.37,919.1
2004-02-07,22.0,18.6,94,11.8,1.02,919.0
2004-02-08,20.0,16.8,87,12.4,1.64,922.0
2004-02-09,19.7,16.2,86,12.3,1.63,923.0
2004-02-10,22.0,17.1,88,13.1,2.12,922.4
2004-02-11,22.1,17.9,93,11.0,1.91,923.4
2004-02-12,24.0,18.3,90,11.2,1.82,925.1
2004-02-13,25.5,17.4,84,10.1,4.23,924.7
2004-02-14,26.3,18.2,82,12.6,4.13,922.3
2004-02-15,21.5,19.0,90,14.3,1.5,920.2
2004-02-16,24.1,18.8,92,14.5,2.31,920.5
2004-02-17,26.7,18.6,88,7.1,4.0,922.4
2004-02-18,26.5,18.9,87,6.0,3.58,922.7
2004-02-19,23.8,19.3,91,9.7,2.27,921.3
2004-02-20,24.4,19.5,89,11.6,2.43,921.6
2004-02-21,25.2,19.5,89,9.7,2.54,923.0
2004-02-22,26.3,19.1,76,15.3,4.45,923.6
2004-02-23,26.3,18.2,80,12.1,4.21,922.1
2004-02-24,26.6,19.5,84,12.5,3.88,921.7
2004-02-25,27.1,18.8,85,7.6,3.75,922.7
2004-02-26,26.1,18.4,86,10.0,3.33,923.7
2004-02-27,24.2,18.0,90,15.6,3.1,921.3
2004-02-28,23.9,16.6,87,15.5,3.12,917.7
2004-02-29,26.3,17.3,80,13.5,4.27,919.2
2004-03-01,27.0,16.7,83,9.9,4.39,921.4
2004-03-02,26.7,18.1,84,9.2,3.71,921.6
2004-03-03,27.3,18.0,84,9.0,4.44,921.0
2004-03-04,26.2,18.7,86,9.5,2.94,922.8
2004-03-05,24.4,19.0,87,12.3,2.94,925.4
2004-03-06,24.7,18.5,82,15.5,3.22,925.2
2004-03-07,25.7,18.5,75,13.6,4.25,925.7
2004-03-08,25.6,15.9,79,13.8,4.09,925.6
2004-03-09,26.3,18.2,75,12.7,4.62,926.5
2004-03-10,27.2,15.5,76,5.8,4.35,925.3
2004-03-11,26.4,17.5,76,6.6,4.05,922.5
2004-03-12,26.3,18.5,82,8.5,3.93,922.0
2004-03-13,26.1,18.9,82,10.2,3.51,923.5
2004-03-14,25.5,17.8,76,12.5,3.88,923.3
2004-03-15,23.3,19.4,91,13.4,1.63,920.4
2004-03-16,25.3,18.8,87,12.4,3.22,918.8
2004-03-17,26.4,18.4,85,9.0,3.64,918.7
2004-03-18,26.7,16.9,82,8.0,4.29,919.4
2004-03-19,23.5,19.0,86,11.3,2.32,920.3
2004-03-20,21.8,18.2,93,11.4,1.9,918.7
2004-03-21,25.3,18.2,82,8.8,3.89,919.0
2004-03-22,24.5,17.2,85,9.7,3.11,921.6
2004-03-23,23.0,16.4,85,8.3,2.65,922.4
2004-03-24,24.0,15.5,79,8.4,3.55,922.3
2004-03-25,24.1,15.3,79,8.4,3.41,922.1
2004-03-26,24.9,17.3,79,12.0,3.86,922.1
2004-03-27,24.4,17.1,85,10.9,3.11,921.8
2004-03-28,24.4,16.2,87,8.4,3.32,922.0
2004-03-29,25.2,14.7,86,8.3,3.7,923.0
2004-03-30,26.1,15.8,82,8.7,4.02,923.9
2004-03-31,25.8,14.9,82,8.8,3.92,923.5
2004-04-01,24.7,15.7,85,9.2,3.37,923.0
2004-04-02,25.2,16.3,81,7.9,3.56,922.9
2004-04-03,26.3,17.2,83,7.4,3.89,923.2
2004-04-04,26.0,17.9,83,9.0,3.6,924.3
2004-04-05,23.1,18.8,94,6.9,1.6,923.8
2004-04-06,24.4,18.2,91,10.4,2.52,922.1
2004-04-07,24.2,17.4,88,12.5,2.27,921.0
2004-04-08,25.8,16.7,86,9.0,3.13,922.0
2004-04-09,25.0,19.2,86,8.9,2.63,923.0
2004-04-10,24.1,18.7,91,7.8,1.99,920.4
2004-04-11,22.7,18.1,91,6.9,1.9,919.0
2004-04-12,23.1,17.9,92,8.8,1.95,920.9
2004-04-13,23.4,18.0,92,8.0,2.17,923.9
2004-04-14,22.2,18.9,87,10.8,1.57,924.2
2004-04-15,24.2,18.1,87,11.9,1.88,923.5
2004-04-16,24.9,18.2,85,9.0,2.78,924.5
2004-04-17,25.5,17.5,81,8.3,3.37,925.1
2004-04-18,26.5,16.4,75,8.0,4.17,924.5
2004-04-19,25.6,14.7,71,9.7,4.19,923.0
2004-04-20,26.5,16.0,72,6.6,4.04,922.0
2004-04-21,25.9,14.7,75,10.3,4.12,924.4
2004-04-22,24.7,17.7,78,14.1,3.45,925.0
2004-04-23,25.3,16.4,79,7.7,3.02,922.5
2004-04-24,25.9,17.4,80,5.2,3.14,920.1
2004-04-25,25.8,17.4,81,11.0,2.83,921.1
2004-04-26,19.7,16.9,89,12.3,1.19,923.7
2004-04-27,20.6,16.4,86,12.9,1.7,925.0
2004-04-28,19.9,15.7,87,14.2,1.62,926.7
2004-04-29,22.2,13.2,76,9.4,3.55,926.4
2004-04-30,22.7,11.1,78,6.5,2.99,923.4
2004-05-01,23.9,12.5,74,13.0,3.38,922.4
2004-05-02,25.3,14.1,79,7.0,3.33,924.3
2004-05-03,26.1,13.7,80,9.2,3.47,925.0
2004-05-04,25.0,16.6,79,9.0,3.21,925.1
2004-05-05,24.9,14.7,81,10.5,2.77,924.4
2004-05-06,25.6,15.0,77,8.6,3.41,924.6
2004-05-07,26.1,14.7,70,13.0,3.72,924.1
2004-05-08,25.9,17.2,72,12.8,3.2,923.3
2004-05-09,24.3,15.7,79,10.5,2.65,922.8
2004-05-10,25.1,13.0,75,8.0,3.21,923.1
2004-05-11,24.4,14.9,76,6.8,2.48,923.2
2004-05-12,25.5,15.2,77,7.6,2.97,923.3
2004-05-13,26.2,15.0,77,9.9,3.33,921.9
2004-05-14,26.4,15.4,74,9.8,3.35,921.2
2004-05-15,26.2,17.2,80,7.3,2.68,921.2
2004-05-16,24.7,16.5,82,10.8,2.7,922.8
2004-05-17,20.6,16.0,87,10.7,1.57,923.6
2004-05-18,24.0,16.5,86,8.8,2.3,924.4
2004-05-19,23.7,16.0,83,9.8,2.51,926.8
2004-05-20,23.6,16.6,85,8.0,2.27,927.5
2004-05-21,20.6,15.7,82,13.9,1.87,927.2
2004-05-22,21.5,15.0,79,11.3,2.31,926.7
2004-05-23,22.1,15.2,79,15.1,2.31,927.4
2004-05-24,23.4,13.3,80,6.7,2.45,926.4
2004-05-25,25.2,13.5,77,11.0,3.17,924.3
2004-05-26,22.4,15.8,82,22.7,2.27,922.6
2004-05-27,21.5,9.9,64,7.0,3.17,923.2
2004-05-28,18.5,10.5,84,14.0,1.52,926.0
2004-05-29,20.4,14.0,87,13.3,1.53,927.5
2004-05-30,23.5,13.2,84,7.9,2.62,926.6
2004-05-31,24.8,12.5,79,6.9,3.06,925.0
2004-06-01,23.8,14.2,81,9.2,2.76,925.7
2004-06-02,24.0,13.5,79,7.1,2.97,926.0
2004-06-03,23.6,13.8,78,8.7,2.46,924.8
2004-06-04,19.4,13.2,88,11.6,1.47,923.1
2004-06-05,20.5,8.4,79,6.5,2.76,923.3
2004-06-06,21.5,8.8,76,7.8,2.93,925.0
2004-06-07,21.2,9.7,79,7.4,2.52,926.6
2004-06-08,21.1,11.1,78,10.4,2.75,927.1
2004-06-09,23.8,10.8,78,10.6,2.82,927.2
2004-06-10,23.1,13.4,81,14.6,2.59,927.8
2004-06-11,22.8,11.5,80,10.2,2.88,927.9
2004-06-12,23.2,12.3,70,9.7,3.06,928.0
2004-06-13,18.9,13.2,81,11.3,1.41,927.5
2004-06-14,20.7,13.0,77,11.2,2.34,929.1
2004-06-15,21.8,12.3,79,7.3,2.43,928.5
2004-06-16,21.5,12.1,81,6.9,2.36,927.5
2004-06-17,22.5,12.7,80,8.9,2.32,927.4
2004-06-18,23.1,11.8,76,5.6,2.63,927.9
2004-06-19,22.3,11.6,72,13.7,2.7,930.1
2004-06-20,22.1,11.3,74,13.5,2.96,929.4
2004-06-21,21.4,10.8,77,11.5,2.55,928.7
2004-06-22,22.9,10.4,77,9.1,2.49,927.4
2004-06-23,21.4,14.3,86,8.9,1.84,927.8
2004-06-24,22.4,11.6,78,9.6,2.59,926.1
2004-06-25,21.7,12.6,76,11.7,2.59,925.9
2004-06-26,22.9,10.6,74,9.6,3.02,926.3
2004-06-27,22.9,12.3,79,11.1,2.39,926.8
2004-06-28,22.8,11.8,79,8.8,2.6,926.2
2004-06-29,22.3,12.9,79,14.0,2.35,927.1
2004-06-30,22.7,12.7,76,13.5,2.83,927.6
2004-07-01,22.9,14.1,77,13.0,2.75,926.5
2004-07-02,24.0,12.3,77,10.8,2.8,925.4
2004-07-03,24.3,13.3,76,6.8,2.71,925.3
2004-07-04,24.4,12.5,75,7.0,3.08,924.8
2004-07-05,24.3,11.7,72,5.6,3.01,925.1
2004-07-06,24.0,12.0,72,8.6,2.79,924.1
2004-07-07,24.1,13.3,75,9.8,2.92,923.2
2004-07-08,24.7,12.4,71,10.8,2.84,921.7
2004-07-09,23.9,13.7,71,8.5,2.08,920.9
2004-07-10,25.1,16.6,80,14.5,2.66,922.2
2004-07-11,22.5,15.6,85,12.8,1.96,923.4
2004-07-12,19.9,13.5,79,14.2,1.96,926.2
2004-07-13,21.9,13.3,79,12.8,2.32,926.6
2004-07-14,23.1,14.8,75,12.8,2.92,927.0
2004-07-15,22.7,13.7,74,11.6,2.95,926.8
2004-07-16,23.3,11.7,72,7.6,2.96,926.3
2004-07-17,24.1,11.0,70,12.3,3.29,926.1
2004-07-18,19.5,14.7,79,18.3,1.74,928.0
2004-07-19,18.8,13.1,81,15.2,1.46,927.3
2004-07-20,18.5,12.6,88,15.1,1.25,926.7
2004-07-21,16.3,11.2,77,18.5,1.86,927.1
2004-07-22,16.9,9.1,70,16.1,2.43,927.7
2004-07-23,17.4,6.5,69,18.7,2.65,928.3
2004-07-24,18.6,5.6,69,14.0,3.05,929.5
2004-07-25,18.9,6.0,69,13.3,3.2,929.1
2004-07-26,18.9,6.5,70,11.7,3.17,929.7
2004-07-27,20.0,6.9,76,13.3,2.99,929.4
2004-07-28,19.0,9.5,76,14.0,2.69,929.5
2004-07-29,18.6,9.6,76,13.3,2.38,928.5
2004-07-30,20.8,7.2,70,10.1,3.26,927.3
2004-07-31,22.7,8.7,63,9.6,3.3,925.9
2004-08-01,24.3,9.8,66,7.6,3.21,925.1
2004-08-02,24.9,13.1,65,7.8,2.9,925.6
2004-08-03,24.4,12.3,67,8.7,3.2,927.1
2004-08-04,21.4,14.7,68,13.9,2.82,929.4
2004-08-05,22.3,10.6,71,16.3,3.25,929.2
2004-08-06,22.4,10.3,70,15.1,3.28,928.5
2004-08-07,24.1,10.6,63,6.0,3.28,928.1
2004-08-08,25.1,12.3,58,11.2,3.49,927.1
2004-08-09,21.4,11.1,67,12.8,3.15,929.0
2004-08-10,20.2,10.4,64,10.9,3.19,929.6
2004-08-11,22.2,7.3,62,7.4,3.66,927.9
2004-08-12,22.4,8.5,62,13.3,3.82,928.7
2004-08-13,19.7,10.0,62,19.9,3.83,930.3
2004-08-14,19.8,9.2,70,19.2,2.88,930.3
2004-08-15,21.4,10.4,72,17.0,2.97,929.4
2004-08-16,22.9,9.5,73,12.8,3.26,928.1
2004-08-17,23.7,9.9,70,9.1,3.49,926.8
2004-08-18,25.3,10.6,64,9.7,4.13,926.5
2004-08-19,26.0,10.8,62,10.6,4.2,927.4
2004-08-20,25.3,11.5,66,12.4,4.12,926.8
2004-08-21,26.7,11.5,62,10.0,4.38,926.2
2004-08-22,27.1,11.5,59,8.9,4.47,924.9
2004-08-23,28.4,12.4,53,6.9,4.35,924.3
2004-08-24,30.4,14.8,51,12.2,4.74,923.8
2004-08-25,28.7,17.0,62,10.6,4.1,924.8
2004-08-26,28.5,15.7,59,9.0,4.01,924.2
2004-08-27,28.6,17.8,55,13.9,4.41,923.9
2004-08-28,30.3,15.7,50,16.1,5.13,921.7
2004-08-29,29.5,18.0,52,10.6,4.63,921.8
2004-08-30,28.6,16.4,57,8.9,4.24,923.6
2004-08-31,28.0,15.8,59,10.8,4.57,926.0
2004-09-01,26.7,16.3,54,14.5,4.98,928.0
2004-09-02,27.4,12.5,51,8.9,4.89,927.9
2004-09-03,30.0,13.0,46,7.3,5.04,926.2
2004-09-04,27.1,15.9,58,10.0,4.28,925.4
2004-09-05,27.1,16.3,63,10.8,4.08,924.5
2004-09-06,28.3,14.3,61,12.8,4.77,922.9
2004-09-07,27.9,14.4,56,10.9,4.99,923.2
2004-09-08,26.6,13.0,52,12.4,5.04,923.6
2004-09-09,26.2,13.1,57,11.5,4.79,924.5
2004-09-10,26.3,12.1,59,10.2,4.76,923.9
2004-09-11,28.4,12.1,52,9.4,5.34,923.7
2004-09-12,25.9,15.8,56,19.5,4.6,927.3
2004-09-13,25.9,15.7,54,21.2,5.31,928.5
2004-09-14,25.8,15.9,57,18.2,4.5,927.3
2004-09-15,28.7,14.3,54,9.7,4.74,925.3
2004-09-16,31.3,15.1,49,7.5,5.04,923.9
2004-09-17,27.6,18.4,61,16.0,4.55,926.0
2004-09-18,27.5,17.6,57,14.4,5.12,927.0
2004-09-19,27.1,16.0,56,13.4,5.2,926.2
2004-09-20,27.6,15.9,55,14.3,5.5,925.3
2004-09-21,26.7,16.0,61,16.8,4.88,926.4
2004-09-22,28.2,17.8,59,15.1,5.13,927.2
2004-09-23,30.0,15.1,51,10.2,5.65,925.6
2004-09-24,30.5,15.4,50,9.4,5.79,924.7
2004-09-25,31.3,16.9,45,14.1,6.27,924.3
2004-09-26,29.6,17.1,45,12.1,5.93,925.8
2004-09-27,31.3,15.9,45,11.4,6.11,925.3
2004-09-28,31.3,16.1,38,12.9,6.5,923.2
2004-09-29,32.2,15.2,37,8.2,6.31,920.9
2004-09-30,27.7,18.7,61,20.0,5.27,923.6
2004-10-01,27.8,17.0,61,20.3,4.67,925.2
2004-10-02,29.2,17.4,57,13.6,5.1,923.3
2004-10-03,29.6,18.2,58,14.0,5.2,922.1
2004-10-04,20.3,16.9,89,11.5,1.33,922.5
2004-10-05,26.8,16.2,72,9.0,4.12,922.1
2004-10-06,25.2,16.9,73,14.1,3.84,921.6
2004-10-07,22.6,14.9,70,12.8,2.51,922.3
2004-10-08,26.4,12.6,54,9.4,5.32,922.6
2004-10-09,30.2,14.5,55,10.0,5.64,922.5
2004-10-10,32.2,15.6,55,13.0,5.93,922.5
2004-10-11,29.8,19.6,62,7.2,3.69,923.0
2004-10-12,27.5,20.1,71,13.5,3.38,923.7
2004-10-13,30.0,19.9,57,12.2,5.49,923.0
2004-10-14,30.0,19.3,52,12.2,4.45,922.7
2004-10-15,28.4,20.0,58,15.9,4.63,924.2
2004-10-16,27.2,19.7,61,17.0,4.16,924.1
2004-10-17,30.2,18.3,53,11.0,5.81,922.3
2004-10-18,31.0,19.2,44,14.2,6.47,921.8
2004-10-19,32.8,19.1,47,14.9,6.27,922.1
2004-10-20,26.7,18.4,68,19.6,4.43,923.8
2004-10-21,22.7,16.2,70,17.6,2.94,925.8
2004-10-22,25.7,16.1,61,15.2,4.4,926.2
2004-10-23,27.4,15.4,52,13.7,5.82,924.0
2004-10-24,30.2,16.5,52,11.0,5.55,921.0
2004-10-25,32.2,19.6,50,18.2,5.76,918.8
2004-10-26,28.9,18.9,76,12.8,4.46,919.8
2004-10-27,28.3,19.2,78,10.2,4.47,921.1
2004-10-28,24.8,18.3,73,14.5,3.46,923.8
2004-10-29,24.6,17.5,71,13.8,3.62,925.5
2004-10-30,28.2,17.1,63,12.3,5.4,925.2
2004-10-31,29.7,16.2,63,11.1,5.74,923.7
2004-11-01,29.3,18.3,62,9.0,4.73,923.2
2004-11-02,29.3,19.7,57,15.8,6.05,923.0
2004-11-03,29.6,18.3,54,14.7,6.6,922.6
2004-11-04,30.6,18.3,52,12.7,6.16,922.0
2004-11-05,30.3,19.8,53,15.3,5.71,922.4
2004-11-06,31.3,19.5,47,8.2,5.31,922.2
2004-11-07,23.9,17.9,82,16.0,2.08,923.6
2004-11-08,25.2,16.6,73,16.7,4.12,925.2
2004-11-09,25.5,16.3,66,15.0,3.81,924.7
2004-11-10,28.2,17.4,61,15.0,4.78,922.9
2004-11-11,31.8,18.0,51,15.9,6.62,918.8
2004-11-12,30.8,20.0,55,25.8,5.88,917.5
2004-11-13,32.4,19.3,54,15.9,6.71,920.4
2004-11-14,26.3,19.7,72,17.1,3.63,923.9
2004-11-15,28.0,18.5,65,15.3,4.59,924.0
2004-11-16,24.8,18.2,73,12.3,2.57,923.7
2004-11-17,27.4,18.4,80,11.5,3.33,922.2
2004-11-18,25.2,19.1,85,13.4,2.47,920.8
2004-11-19,25.3,19.4,88,15.1,2.76,919.0
2004-11-20,26.0,19.1,82,9.8,3.69,919.5
2004-11-21,24.5,17.6,74,13.2,4.16,922.1
2004-11-22,24.5,17.8,69,13.1,4.02,924.0
2004-11-23,25.0,17.8,68,11.9,4.41,925.1
2004-11-24,25.6,16.1,69,12.8,4.95,924.9
2004-11-25,26.4,16.9,69,11.3,4.66,923.1
2004-11-26,28.1,17.6,64,12.3,5.16,921.4
2004-11-27,29.4,17.0,60,10.8,5.61,919.8
2004-11-28,29.0,18.7,67,14.5,5.1,919.0
2004-11-29,25.0,19.6,92,15.2,1.9,917.4
2004-11-30,22.0,18.5,93,8.7,1.62,919.3
2004-12-01,20.3,17.7,93,11.0,1.47,922.1
2004-12-02,21.6,17.6,84,14.4,2.13,924.2
2004-12-03,21.9,17.0,83,17.0,2.06,924.4
2004-12-04,26.7,17.3,74,12.3,4.11,924.8
2004-12-05,28.2,17.4,75,8.1,5.33,923.5
2004-12-06,28.3,19.3,79,7.4,4.84,921.5
2004-12-07,28.2,19.3,81,11.0,4.64,921.0
2004-12-08,28.3,19.1,79,13.1,4.3,920.6
2004-12-09,29.1,20.6,75,14.2,5.27,920.1
2004-12-10,27.4,19.5,84,15.1,3.74,918.6
2004-12-11,23.0,18.5,93,13.6,1.91,918.2
2004-12-12,23.8,18.1,93,11.7,2.13,919.5
2004-12-13,25.7,18.4,86,13.3,3.67,921.3
2004-12-14,26.0,18.3,84,9.7,4.05,922.8
2004-12-15,23.5,18.2,86,10.3,2.56,922.9
2004-12-16,24.7,19.1,83,9.2,3.94,921.8
2004-12-17,26.9,17.4,82,7.2,4.84,920.9
2004-12-18,27.3,18.4,84,8.8,4.66,921.5
2004-12-19,26.2,19.2,87,12.2,3.42,922.1
2004-12-20,23.1,18.9,92,12.0,2.21,921.1
2004-12-21,25.2,19.3,94,13.2,1.75,920.4
2004-12-22,19.6,17.6,93,13.2,1.01,920.4
2004-12-23,21.5,17.3,94,14.7,1.48,919.2
2004-12-24,25.0,18.8,91,14.1,2.44,919.4
2004-12-25,25.6,18.7,87,13.2,3.27,920.9
2004-12-26,28.5,18.2,78,8.2,5.26,921.6
2004-12-27,28.8,19.9,79,14.1,5.33,920.4
2004-12-28,28.2,18.2,79,6.4,5.27,920.8
2004-12-29,26.0,19.2,86,8.3,3.79,923.5
2004-12-30,26.8,19.3,84,12.0,4.25,923.8
2004-12-31,28.0,17.8,81,7.1,5.16,922.7
2005-01-01,27.8,18.7,83,9.8,4.97,922.5
2005-01-02,25.2,18.5,83,13.2,4.33,924.2
2005-01-03,25.4,18.9,82,13.6,3.96,924.1
2005-01-04,25.2,18.9,85,14.7,3.31,922.5
2005-01-05,23.0,18.9,88,11.7,1.63,922.1
2005-01-06,25.1,19.1,83,9.9,2.7,922.6
2005-01-07,27.0,19.2,77,9.4,4.36,923.0
2005-01-08,25.4,19.2,83,7.1,3.22,921.6
2005-01-09,27.6,18.2,79,12.1,4.86,920.2
2005-01-10,29.2,19.3,74,13.6,5.76,919.7
2005-01-11,27.3,19.8,84,13.2,4.03,919.7
2005-01-12,24.7,19.8,93,11.7,1.92,919.2
2005-01-13,25.5,20.0,85,8.5,3.44,918.4
2005-01-14,25.6,18.8,81,11.4,3.99,918.4
2005-01-15,26.4,18.7,84,11.7,4.04,918.0
2005-01-16,27.3,20.9,86,10.5,3.68,917.6
2005-01-17,24.9,20.2,92,14.0,2.16,918.4
2005-01-18,24.3,20.3,92,10.3,2.04,919.2
2005-01-19,24.0,19.9,91,10.4,1.8,919.7
2005-01-20,28.3,19.1,83,13.0,4.71,919.9
2005-01-21,28.5,20.8,79,12.0,4.89,921.9
2005-01-22,29.8,20.5,78,7.2,5.25,923.4
2005-01-23,28.1,19.7,85,5.9,4.73,922.1
2005-01-24,28.5,19.5,82,11.6,4.66,920.4
2005-01-25,28.1,19.8,80,17.8,4.46,919.0
2005-01-26,28.2,19.9,81,13.8,4.19,920.9
2005-01-27,23.4,18.8,87,13.7,2.14,924.3
2005-01-28,23.9,17.7,84,12.6,2.63,923.6
2005-01-29,24.5,19.3,85,9.0,2.52,921.6
2005-01-30,24.0,17.5,80,9.7,2.85,920.4
2005-01-31,25.8,17.9,85,11.0,3.85,919.3
2005-02-01,25.1,18.6,88,11.3,3.36,918.5
2005-02-02,25.9,18.8,85,12.6,3.49,920.9
2005-02-03,27.4,17.0,83,6.2,4.82,923.3
2005-02-04,28.0,18.3,76,8.9,5.0,924.7
2005-02-05,25.3,19.8,86,10.7,2.94,925.1
2005-02-06,23.7,18.6,85,11.7,2.92,924.6
2005-02-07,23.9,15.6,69,13.9,4.75,923.9
2005-02-08,23.4,14.5,66,12.3,4.55,923.8
2005-02-09,24.0,14.7,70,14.4,4.56,923.5
2005-02-10,23.7,15.5,77,10.0,3.77,920.8
2005-02-11,25.9,14.3,71,13.9,4.68,918.5
2005-02-12,25.9,18.1,81,14.0,3.81,917.3
2005-02-13,26.0,18.5,86,13.4,3.8,917.7
2005-02-14,26.9,17.9,80,13.4,4.75,917.3
2005-02-15,26.9,17.0,80,8.4,4.49,916.6
2005-02-16,27.7,18.4,80,8.1,4.79,918.7
2005-02-17,27.7,19.8,83,9.3,4.08,921.6
2005-02-18,26.9,19.8,87,9.7,3.21,923.1
2005-02-19,26.0,18.6,87,11.5,3.31,922.5
2005-02-20,27.6,19.1,83,12.5,4.35,920.9
2005-02-21,27.0,15.6,72,7.9,5.12,919.8
2005-02-22,27.0,15.6,73,7.9,4.99,920.4
2005-02-23,28.4,16.4,72,7.3,5.04,922.1
2005-02-24,29.1,18.0,72,7.1,5.17,923.4
2005-02-25,29.7,18.6,71,9.2,5.36,922.1
2005-02-26,27.8,20.6,78,15.0,4.1,920.5
2005-02-27,28.2,19.9,84,14.8,3.99,920.5
2005-02-28,28.0,20.3,84,10.1,4.05,921.8
2005-03-01,27.2,20.2,87,10.7,3.36,921.8
2005-03-02,22.3,19.1,89,15.1,1.63,923.1
2005-03-03,19.8,18.2,94,10.6,0.89,923.8
2005-03-04,21.5,18.0,92,10.0,1.51,923.5
2005-03-05,24.1,18.2,89,9.4,2.51,923.8
2005-03-06,25.6,19.1,85,7.2,3.51,922.7
2005-03-07,26.7,18.6,81,11.0,4.13,922.6
2005-03-08,26.3,19.5,84,6.5,3.69,922.8
2005-03-09,26.5,19.2,84,6.7,3.65,921.4
2005-03-10,27.8,18.3,84,11.5,4.51,921.5
2005-03-11,27.7,19.4,85,11.8,3.85,922.4
2005-03-12,28.0,18.9,84,7.5,4.28,921.2
2005-03-13,28.4,18.2,76,9.8,4.73,920.7
2005-03-14,26.7,19.4,82,12.0,4.1,919.9
2005-03-15,28.1,19.8,85,12.2,4.27,920.6
2005-03-16,27.1,19.6,86,10.3,3.79,923.3
2005-03-17,27.1,19.2,84,8.6,3.88,922.5
2005-03-18,26.7,19.2,85,10.2,3.41,921.7
2005-03-19,26.3,18.9,87,9.7,3.22,921.4
2005-03-20,26.3,19.1,88,7.0,3.08,922.8
2005-03-21,26.2,18.6,86,8.9,3.45,923.4
2005-03-22,26.6,18.4,80,9.8,3.87,924.2
2005-03-23,27.2,18.1,77,10.0,4.37,925.0
2005-03-24,27.6,16.8,77,7.8,4.38,923.9
2005-03-25,25.7,17.8,84,8.5,2.42,923.1
2005-03-26,23.5,19.0,88,11.8,2.18,922.5
2005-03-27,24.7,18.2,84,10.2,3.14,922.8
2005-03-28,24.9,17.7,82,11.5,3.54,922.5
2005-03-29,25.0,18.2,80,14.2,3.47,923.2
2005-03-30,25.4,17.0,79,9.8,3.89,923.6
2005-03-31,25.8,17.0,82,11.0,3.62,923.5
2005-04-01,26.1,18.5,82,14.2,3.61,924.5
2005-04-02,26.3,18.8,78,11.2,4.01,924.9
2005-04-03,27.3,15.6,74,8.4,4.69,924.2
2005-04-04,28.3,16.3,73,5.9,4.59,924.6
2005-04-05,28.4,17.5,73,9.8,4.61,925.1
2005-04-06,26.7,17.9,78,8.9,3.79,926.2
2005-04-07,27.0,18.2,77,11.4,3.94,925.1
2005-04-08,26.9,15.9,77,6.7,4.12,924.3
2005-04-09,27.5,17.0,75,11.2,4.25,924.2
2005-04-10,26.8,17.8,76,10.8,3.7,924.6
2005-04-11,27.3,16.5,76,10.5,3.89,923.9
2005-04-12,27.6,15.7,73,8.2,4.43,924.5
2005-04-13,27.7,15.8,73,11.3,4.26,924.5
2005-04-14,26.3,18.2,75,12.5,3.71,924.7
2005-04-15,26.8,17.0,74,9.2,4.06,924.4
2005-04-16,26.2,15.7,76,6.5,3.53,923.7
2005-04-17,26.9,15.7,74,8.0,3.85,924.0
2005-04-18,26.5,17.5,76,11.6,3.53,923.5
2005-04-19,26.0,17.7,76,10.4,3.3,923.4
2005-04-20,26.7,17.2,77,6.8,3.42,923.5
2005-04-21,26.9,17.2,77,7.0,3.46,922.7
2005-04-22,26.2,16.9,80,7.8,3.24,922.3
2005-04-23,26.6,17.9,78,10.0,3.38,922.8
2005-04-24,25.7,17.3,79,8.1,3.19,923.0
2005-04-25,27.0,16.5,73,9.9,3.5,922.3
2005-04-26,24.1,15.9,78,15.0,1.79,922.4
2005-04-27,19.9,14.8,78,12.6,1.68,924.1
2005-04-28,21.6,16.7,79,9.2,1.59,924.2
2005-04-29,25.3,17.6,83,8.6,2.76,925.2
2005-04-30,23.6,16.7,86,13.4,2.41,924.3
2005-05-01,22.8,13.7,72,14.8,3.52,925.2
2005-05-02,22.3,11.6,69,9.7,3.53,925.5
2005-05-03,22.9,10.9,71,10.0,3.46,926.1
2005-05-04,22.4,11.3,73,10.8,3.02,927.0
2005-05-05,22.2,11.5,77,10.4,2.69,926.6
2005-05-06,23.1,13.3,75,9.0,2.83,925.8
2005-05-07,24.4,12.2,72,9.7,3.18,925.2
2005-05-08,24.4,14.1,77,8.7,2.87,925.9
2005-05-09,24.5,15.0,77,10.0,2.94,927.2
2005-05-10,24.6,14.5,76,8.9,2.82,926.1
2005-05-11,25.4,15.2,77,10.2,3.25,926.0
2005-05-12,25.7,13.3,75,13.8,3.51,925.7
2005-05-13,25.1,15.9,76,13.7,3.31,926.0
2005-05-14,25.6,15.6,75,14.9,3.14,925.2
2005-05-15,25.4,14.0,74,12.0,3.49,924.5
2005-05-16,25.2,14.5,75,11.9,3.08,923.6
2005-05-17,26.0,14.4,75,6.1,3.02,922.7
2005-05-18,26.3,15.0,73,8.7,3.25,921.5
2005-05-19,26.5,15.2,68,7.2,3.26,920.6
2005-05-20,27.1,15.9,68,6.5,3.25,920.9
2005-05-21,27.6,17.6,59,15.8,3.94,920.9
2005-05-22,27.4,19.7,58,14.8,3.22,921.0
2005-05-23,22.4,17.8,86,6.3,1.12,921.4
2005-05-24,25.5,17.1,83,11.9,2.64,921.4
2005-05-25,26.8,16.6,78,23.2,3.15,920.5
2005-05-26,23.3,14.8,75,7.6,2.76,925.0
2005-05-27,22.2,14.2,78,10.5,2.95,927.7
2005-05-28,21.1,12.9,76,12.3,2.93,928.2
2005-05-29,22.2,14.0,82,17.0,1.9,928.1
2005-05-30,22.4,16.2,84,14.9,2.07,929.3
2005-05-31,22.5,16.2,81,16.6,2.32,928.8
2005-06-01,23.0,15.5,79,15.5,2.4,928.4
2005-06-02,22.9,15.3,79,15.4,2.47,927.7
2005-06-03,22.8,13.0,80,13.0,2.52,927.8
2005-06-04,22.9,15.2,77,13.7,2.91,928.4
2005-06-05,22.4,13.8,80,12.7,2.16,928.4
2005-06-06,21.9,13.2,81,12.0,2.15,927.0
2005-06-07,22.1,13.5,80,10.2,1.96,926.0
2005-06-08,23.4,11.4,75,10.2,2.96,926.7
2005-06-09,22.7,12.9,76,11.8,2.92,927.1
2005-06-10,22.5,11.3,75,11.7,2.77,926.5
2005-06-11,22.0,12.8,77,10.2,2.53,926.3
2005-06-12,21.7,13.3,81,10.4,2.08,926.0
2005-06-13,23.2,12.0,76,12.7,2.55,925.7
2005-06-14,24.3,12.0,74,7.2,2.96,926.4
2005-06-15,23.4,13.0,79,9.8,2.57,927.0
2005-06-16,23.6,13.8,80,11.5,2.34,925.8
2005-06-17,24.9,13.2,74,7.8,3.04,923.8
2005-06-18,25.7,15.1,60,10.7,3.29,922.4
2005-06-19,24.2,15.3,62,15.5,2.89,922.7
2005-06-20,25.4,15.5,65,11.4,3.0,923.3
2005-06-21,20.5,15.5,83,14.3,1.28,925.6
2005-06-22,19.0,14.0,78,14.7,1.82,928.4
2005-06-23,19.9,12.1,77,10.7,1.98,928.4
2005-06-24,22.0,10.0,75,8.1,2.9,926.4
2005-06-25,22.0,9.1,74,7.3,2.95,925.7
2005-06-26,21.9,10.1,75,8.4,2.87,925.4
2005-06-27,23.7,11.1,75,11.5,2.91,925.3
2005-06-28,23.6,15.6,81,7.7,2.22,927.4
2005-06-29,23.8,14.3,81,8.7,2.44,927.1
2005-06-30,25.0,12.3,76,6.9,3.04,926.2
2005-07-01,24.4,12.8,75,12.4,2.66,926.0
2005-07-02,24.3,12.8,75,7.8,3.08,926.8
2005-07-03,24.6,11.5,69,8.7,3.24,926.4
2005-07-04,23.8,10.9,68,6.8,3.09,924.9
2005-07-05,23.8,14.1,60,10.2,3.26,925.0
2005-07-06,24.8,12.1,62,7.7,3.09,926.8
2005-07-07,19.9,12.4,80,17.4,1.98,929.7
2005-07-08,17.3,11.6,74,21.7,1.95,931.2
2005-07-09,18.6,9.5,68,17.8,3.03,931.7
2005-07-10,17.6,10.4,81,18.3,1.49,930.1
2005-07-11,18.4,11.9,85,14.6,1.62,929.7
2005-07-12,19.9,12.4,78,10.3,1.83,929.1
2005-07-13,21.4,8.8,72,10.9,3.03,927.6
2005-07-14,21.0,9.0,73,12.3,2.89,926.9
2005-07-15,21.2,10.6,74,9.8,2.79,926.6
2005-07-16,22.8,10.1,72,9.4,2.99,924.9
2005-07-17,24.9,12.6,64,16.3,3.43,923.4
2005-07-18,26.4,16.3,59,8.6,3.39,923.4
2005-07-19,23.2,14.8,78,8.1,2.07,925.5
2005-07-20,19.8,14.1,86,11.0,1.47,927.4
2005-07-21,22.2,13.3,75,13.0,2.69,928.3
2005-07-22,23.6,12.3,73,10.4,2.97,928.2
2005-07-23,23.9,11.7,75,10.7,3.16,927.2
2005-07-24,24.2,12.7,73,13.1,3.27,927.4
2005-07-25,25.2,12.4,69,9.6,3.11,927.3
2005-07-26,25.1,13.3,70,6.6,3.01,927.5
2005-07-27,23.3,16.3,75,13.2,2.37,928.7
2005-07-28,23.7,15.1,73,7.4,2.72,928.9
2005-07-29,24.6,12.6,69,7.2,3.16,928.5
2005-07-30,24.6,11.6,67,9.8,3.34,927.9
2005-07-31,22.7,12.8,70,12.0,3.16,927.9
2005-08-01,22.9,9.5,65,10.2,3.66,928.0
2005-08-02,23.0,10.0,64,11.6,3.62,927.9
2005-08-03,23.4,10.9,67,11.1,3.51,928.2
2005-08-04,23.2,10.1,69,10.6,3.51,928.7
2005-08-05,23.1,9.8,72,13.3,3.43,928.9
2005-08-06,23.8,11.4,73,11.1,3.22,928.4
2005-08-07,24.2,10.0,67,9.2,3.72,927.5
2005-08-08,23.7,10.7,66,12.4,3.59,926.7
2005-08-09,24.9,11.6,61,12.3,3.52,925.6
2005-08-10,24.8,13.1,61,16.1,3.36,924.7
2005-08-11,25.6,14.0,65,10.2,3.12,925.8
2005-08-12,25.3,15.7,68,11.5,3.02,925.2
2005-08-13,25.5,16.2,69,12.4,3.21,924.9
2005-08-14,25.1,15.2,67,11.3,3.38,926.1
2005-08-15,25.6,14.4,66,12.2,3.93,928.0
2005-08-16,22.6,15.5,77,16.3,2.66,927.8
2005-08-17,24.6,16.3,74,17.0,3.38,927.4
2005-08-18,25.1,15.3,70,8.1,3.35,927.1
2005-08-19,24.8,15.3,68,11.4,3.61,928.0
2005-08-20,24.1,16.3,69,12.1,3.23,928.4
2005-08-21,24.8,13.4,64,15.0,3.97,927.0
2005-08-22,24.7,13.7,63,14.5,4.28,926.9
2005-08-23,25.8,13.2,57,13.8,4.6,926.6
2005-08-24,27.3,13.4,63,9.5,4.03,925.9
2005-08-25,29.2,14.6,60,10.9,4.14,924.0
2005-08-26,25.8,17.3,70,16.4,3.38,925.7
2005-08-27,27.2,15.4,63,9.7,4.34,925.6
2005-08-28,26.9,14.9,57,11.2,4.51,924.1
2005-08-29,28.9,13.5,56,9.3,4.83,922.1
2005-08-30,31.0,14.6,52,10.2,4.88,922.9
2005-08-31,29.9,16.9,56,9.5,4.45,923.7
2005-09-01,27.5,17.3,61,11.5,4.51,924.0
2005-09-02,28.5,15.3,60,7.3,4.1,924.4
2005-09-03,27.7,17.4,62,11.9,4.46,925.2
2005-09-04,26.7,16.8,59,17.6,4.74,925.4
2005-09-05,28.2,15.6,60,8.2,4.45,924.5
2005-09-06,29.4,16.6,63,9.4,4.26,923.9
2005-09-07,27.4,17.5,75,14.2,3.87,925.8
2005-09-08,24.1,16.7,77,13.6,2.91,927.8
2005-09-09,23.9,17.1,71,18.1,3.14,929.1
2005-09-10,24.5,17.2,72,19.1,3.38,928.4
2005-09-11,26.5,16.9,64,14.3,4.43,927.1
2005-09-12,27.2,14.1,59,7.2,4.13,926.5
2005-09-13,26.7,16.2,63,15.4,4.24,926.3
2005-09-14,22.2,17.1,75,17.1,2.58,927.9
2005-09-15,26.6,15.2,69,15.1,3.88,928.2
2005-09-16,28.7,15.2,67,6.3,4.46,926.4
2005-09-17,28.2,18.0,67,12.3,4.33,925.1
2005-09-18,24.3,17.7,82,9.2,1.93,926.1
2005-09-19,28.0,16.9,73,10.5,3.62,925.1
2005-09-20,28.8,16.6,66,18.5,4.54,922.1
2005-09-21,27.7,15.7,63,13.5,5.22,921.5
2005-09-22,26.5,14.8,59,11.5,4.73,922.4
2005-09-23,27.0,16.3,70,12.5,3.87,922.3
2005-09-24,27.6,16.0,66,11.0,4.35,922.0
2005-09-25,28.3,17.9,73,12.4,4.01,922.1
2005-09-26,26.8,18.9,87,11.9,3.03,923.9
2005-09-27,20.0,15.0,87,15.0,1.92,926.7
2005-09-28,18.5,13.4,87,13.4,1.84,927.1
2005-09-29,21.5,13.8,77,13.7,2.82,926.4
2005-09-30,23.7,15.5,70,11.9,3.39,925.3
2005-10-01,26.7,13.8,68,8.4,4.79,924.2
2005-10-02,25.7,16.3,67,12.4,4.47,924.0
2005-10-03,23.2,16.6,72,14.1,3.14,923.7
2005-10-04,26.6,15.5,68,13.3,4.28,922.4
2005-10-05,28.3,16.0,65,12.8,4.67,923.2
2005-10-06,28.4,17.5,67,11.1,4.57,925.4
2005-10-07,28.1,19.1,62,16.4,5.04,927.3
2005-10-08,27.4,16.2,57,13.7,5.68,927.3
2005-10-09,28.8,14.7,60,9.2,5.63,925.1
2005-10-10,29.1,15.5,57,12.2,5.92,924.0
2005-10-11,29.0,15.9,54,12.1,5.98,923.3
2005-10-12,30.2,15.3,49,13.1,6.34,923.0
2005-10-13,31.1,16.5,47,11.3,6.46,922.8
2005-10-14,32.4,16.3,47,9.5,6.1,922.1
2005-10-15,33.8,17.6,43,14.7,6.96,922.8
2005-10-16,31.3,19.8,53,18.2,6.36,924.0
2005-10-17,33.6,18.9,36,10.9,7.03,922.2
2005-10-18,34.8,18.2,34,18.6,7.39,921.4
2005-10-19,28.8,19.6,70,18.9,4.67,925.5
2005-10-20,27.1,18.6,59,19.3,4.4,925.5
2005-10-21,29.4,18.4,50,16.1,6.34,923.8
2005-10-22,30.9,18.4,43,11.3,5.86,922.4
2005-10-23,29.4,19.4,54,11.2,4.63,922.3
2005-10-24,29.7,20.1,67,18.1,5.11,923.8
2005-10-25,31.5,19.8,58,12.5,5.73,923.1
2005-10-26,32.7,19.6,53,7.6,5.9,922.1
2005-10-27,28.8,20.6,63,7.3,3.93,921.6
2005-10-28,33.1,20.3,58,10.5,5.84,919.8
2005-10-29,32.5,21.8,65,9.4,4.87,920.6
2005-10-30,24.7,19.0,87,13.2,2.12,922.3
2005-10-31,25.0,18.5,88,9.9,2.19,922.2
2005-11-01,24.8,19.2,84,14.6,2.78,924.2
2005-11-02,20.7,17.3,91,12.3,1.33,925.5
2005-11-03,25.0,17.6,86,9.7,3.21,925.2
2005-11-04,25.6,18.3,78,15.3,3.93,924.0
2005-11-05,26.6,18.1,77,11.8,4.44,923.0
2005-11-06,27.3,18.8,73,12.0,4.79,923.1
2005-11-07,28.2,18.4,80,7.4,5.13,922.8
2005-11-08,26.7,18.7,82,12.4,4.23,923.1
2005-11-09,22.1,17.6,79,14.0,2.37,923.7
2005-11-10,20.8,15.5,85,12.6,1.85,922.9
2005-11-11,18.8,14.4,87,11.6,1.35,922.0
2005-11-12,19.4,15.6,88,12.0,1.49,921.1
2005-11-13,22.7,15.2,80,12.9,3.2,921.8
2005-11-14,24.3,17.1,73,10.8,4.15,921.6
2005-11-15,26.0,17.1,73,14.6,4.76,922.4
2005-11-16,26.7,18.0,76,11.5,4.6,921.3
2005-11-17,28.3,17.9,79,11.5,4.86,919.9
2005-11-18,24.6,18.6,87,10.0,3.05,920.0
2005-11-19,26.6,19.1,86,14.8,3.71,920.6
2005-11-20,27.8,19.6,83,14.0,3.95,920.9
2005-11-21,23.6,17.7,78,14.0,2.94,921.1
2005-11-22,23.4,17.6,82,11.5,2.15,920.1
2005-11-23,22.8,17.6,89,10.0,1.93,920.0
2005-11-24,25.7,18.6,86,10.8,3.3,920.2
2005-11-25,22.5,19.3,94,10.9,1.57,918.4
2005-11-26,22.5,17.0,94,14.0,1.27,916.4
2005-11-27,20.0,15.6,85,14.7,1.53,918.2
2005-11-28,21.0,16.8,85,13.8,1.71,919.6
2005-11-29,23.3,17.3,84,17.7,2.21,922.2
2005-11-30,25.7,17.9,75,12.3,4.55,923.0
2005-12-01,26.1,18.5,82,9.4,3.37,921.1
2005-12-02,25.3,19.2,88,11.9,2.86,919.0
2005-12-03,22.9,17.1,81,18.6,2.99,920.7
2005-12-04,22.7,15.2,76,13.4,3.42,920.9
2005-12-05,25.9,17.2,74,9.7,4.41,918.1
2005-12-06,23.6,19.9,88,17.5,1.91,915.1
2005-12-07,22.4,16.7,87,18.3,1.9,916.7
2005-12-08,17.6,14.1,86,15.5,1.62,920.2
2005-12-09,21.9,15.3,90,13.0,2.02,922.0
2005-12-10,25.4,18.0,84,7.4,3.15,921.1
2005-12-11,24.6,18.9,89,9.4,2.5,920.5
2005-12-12,19.0,17.0,94,11.5,1.12,921.2
2005-12-13,22.0,16.4,91,8.1,1.88,920.7
2005-12-14,21.9,17.1,92,6.1,2.16,919.7
2005-12-15,24.9,17.5,89,8.7,3.02,918.9
2005-12-16,23.9,18.5,89,12.6,2.42,920.2
2005-12-17,25.7,18.1,83,21.8,3.31,922.7
2005-12-18,27.7,17.8,75,13.8,5.57,922.6
2005-12-19,28.1,18.8,77,9.8,4.79,922.6
2005-12-20,29.4,18.3,72,11.5,6.08,923.2
2005-12-21,28.6,16.3,66,8.6,6.04,922.9
2005-12-22,26.9,17.0,65,12.9,5.38,923.5
2005-12-23,26.5,16.5,70,11.2,5.39,922.8
2005-12-24,28.2,16.3,71,8.7,5.69,921.9
2005-12-25,27.3,17.8,78,11.2,4.19,921.7
2005-12-26,20.8,16.6,90,11.5,1.7,922.7
2005-12-27,24.4,15.2,80,10.8,4.4,921.6
2005-12-28,25.1,16.7,80,13.0,4.39,921.8
2005-12-29,24.8,16.7,82,12.6,4.05,922.1
2005-12-30,25.6,18.3,84,11.6,3.92,923.2
2005-12-31,26.3,16.5,78,11.7,4.57,922.5
2006-01-01,27.1,17.8,80,10.9,4.89,921.6
2006-01-02,27.0,18.8,80,12.2,4.41,921.4
2006-01-03,26.5,19.2,79,10.1,3.98,920.7
2006-01-04,26.6,18.0,76,11.5,4.64,919.1
2006-01-05,25.7,19.5,81,8.5,3.43,919.2
2006-01-06,23.4,18.7,88,8.1,2.34,921.4
2006-01-07,24.8,18.3,86,6.9,3.07,922.2
2006-01-08,25.6,18.5,76,15.0,4.81,923.0
2006-01-09,25.9,17.2,74,14.8,5.08,923.3
2006-01-10,25.6,18.2,72,17.1,4.73,924.7
2006-01-11,25.2,17.7,73,16.8,4.46,925.3
2006-01-12,24.7,18.0,74,16.7,4.19,926.1
2006-01-13,26.9,17.4,70,16.8,5.43,926.3
2006-01-14,26.3,17.3,73,12.0,4.61,924.8
2006-01-15,25.9,18.3,74,11.2,4.22,923.9
2006-01-16,26.8,16.7,67,9.9,4.71,923.1
2006-01-17,27.2,16.9,65,9.7,5.07,922.8
2006-01-18,26.4,16.6,66,13.0,5.07,922.3
2006-01-19,26.7,18.1,67,13.4,5.04,921.5
2006-01-20,27.5,18.6,66,16.3,5.52,922.8
2006-01-21,28.3,17.2,62,15.8,6.23,924.2
2006-01-22,29.3,16.8,64,9.0,5.87,923.0
2006-01-23,30.3,17.5,58,7.1,5.73,921.2
2006-01-24,31.8,17.9,55,8.8,6.4,921.1
2006-01-25,33.1,18.2,48,8.4,6.74,922.3
2006-01-26,33.5,19.5,50,7.8,6.41,921.9
2006-01-27,31.1,22.0,69,12.8,5.61,923.3
2006-01-28,29.1,20.5,76,10.1,4.64,923.1
2006-01-29,28.7,20.6,71,13.5,4.7,921.5
2006-01-30,28.0,20.5,67,11.0,4.28,921.4
2006-01-31,29.2,19.1,75,11.0,4.86,921.5
2006-02-01,28.6,19.9,70,13.4,4.53,921.9
2006-02-02,28.2,21.0,65,12.3,5.01,922.4
2006-02-03,28.6,19.5,58,13.2,5.52,921.8
2006-02-04,29.0,17.9,61,11.6,5.45,921.1
2006-02-05,30.3,17.8,57,13.0,6.14,921.2
2006-02-06,30.7,18.5,58,8.4,5.31,920.2
2006-02-07,31.8,19.9,52,9.0,5.72,918.8
2006-02-08,31.2,20.1,57,9.0,5.52,919.9
2006-02-09,30.6,21.0,63,6.5,4.87,922.1
2006-02-10,28.7,21.9,74,11.2,3.8,922.2
2006-02-11,29.1,20.8,79,8.8,4.03,921.8
2006-02-12,27.5,19.4,85,12.4,3.58,922.2
2006-02-13,28.0,20.0,83,10.5,3.85,922.3
2006-02-14,29.1,19.3,73,7.9,5.17,921.8
2006-02-15,29.2,21.1,76,10.3,4.67,922.2
2006-02-16,28.8,21.3,73,8.2,4.89,922.8
2006-02-17,29.0,19.8,66,9.1,5.63,922.0
2006-02-18,29.8,18.3,62,11.0,5.59,922.3
2006-02-19,30.5,19.3,59,9.7,5.72,923.4
2006-02-20,29.6,20.1,65,10.2,5.18,922.9
2006-02-21,30.0,19.6,63,8.0,5.23,920.1
2006-02-22,29.3,20.9,66,16.1,4.87,918.6
2006-02-23,26.7,19.5,88,16.7,3.2,919.1
2006-02-24,27.6,19.8,82,16.5,3.99,918.9
2006-02-25,27.9,19.9,84,14.8,3.58,918.8
2006-02-26,28.0,19.9,85,12.9,3.91,919.1
2006-02-27,27.5,20.2,86,10.5,3.75,920.7
2006-02-28,27.7,20.4,84,7.5,3.93,922.0
2006-03-01,27.7,20.1,88,8.4,3.14,922.3
2006-03-02,27.3,19.8,84,6.6,3.5,922.8
2006-03-03,27.5,20.1,83,8.2,3.73,922.5
2006-03-04,28.6,19.4,83,8.2,4.37,922.3
2006-03-05,27.3,19.6,86,12.9,3.67,922.0
2006-03-06,25.7,20.7,93,12.8,2.79,920.3
2006-03-07,26.2,19.6,88,11.6,3.02,920.0
2006-03-08,26.9,19.2,84,8.3,3.75,919.5
2006-03-09,28.1,19.0,81,11.2,4.39,918.8
2006-03-10,27.8,19.5,83,11.0,4.25,918.6
2006-03-11,25.1,19.5,86,9.5,2.45,919.5
2006-03-12,24.9,17.9,73,13.2,3.71,921.5
2006-03-13,25.8,18.9,77,12.6,3.67,921.0
2006-03-14,24.7,19.0,87,10.0,2.0,921.7
2006-03-15,23.7,19.7,92,8.7,1.66,922.2
2006-03-16,24.7,19.2,86,11.0,2.46,923.0
2006-03-17,25.8,19.3,83,10.9,3.66,922.7
2006-03-18,24.9,18.8,87,10.7,3.26,922.6
2006-03-19,24.4,18.7,87,10.7,3.23,922.6
2006-03-20,26.2,18.6,83,8.4,4.01,923.4
2006-03-21,27.1,18.3,81,6.6,4.27,923.6
2006-03-22,26.7,19.0,79,11.8,3.99,924.0
2006-03-23,26.9,18.2,75,13.5,4.19,923.9
2006-03-24,26.7,18.9,80,11.9,4.17,923.0
2006-03-25,27.8,18.1,81,6.9,4.21,922.6
2006-03-26,27.3,19.6,83,12.0,3.4,921.7
2006-03-27,24.9,18.7,75,15.0,2.98,923.6
2006-03-28,26.9,16.7,72,8.9,4.39,922.8
2006-03-29,27.8,16.1,73,11.8,4.62,920.1
2006-03-30,27.1,18.9,79,8.6,3.49,921.3
2006-03-31,25.3,19.1,85,17.4,3.12,924.0
2006-04-01,24.8,17.5,78,17.1,3.41,924.7
2006-04-02,25.2,18.8,82,11.5,2.83,924.0
2006-04-03,24.4,18.4,80,12.1,2.94,923.9
2006-04-04,24.3,17.1,76,12.2,3.44,923.3
2006-04-05,24.4,15.9,75,6.6,3.24,922.8
2006-04-06,26.1,15.6,73,7.2,3.6,921.9
2006-04-07,23.4,16.7,82,10.3,2.07,921.7
2006-04-08,25.1,17.0,78,6.8,2.79,921.2
2006-04-09,26.0,18.1,83,9.7,3.27,918.7
2006-04-10,26.5,17.6,83,10.5,3.47,917.1
2006-04-11,27.0,17.7,78,12.7,3.94,918.0
2006-04-12,27.1,18.4,78,10.6,3.93,919.6
2006-04-13,27.9,18.5,73,8.0,4.05,920.1
2006-04-14,27.7,17.5,74,6.3,3.78,920.3
2006-04-15,27.2,17.7,73,10.7,3.75,921.7
2006-04-16,27.3,17.0,76,7.4,3.5,923.7
2006-04-17,24.7,17.6,84,14.3,2.51,923.1
2006-04-18,18.6,15.6,86,19.9,1.31,923.5
2006-04-19,20.7,14.2,81,10.8,2.02,924.9
2006-04-20,21.4,15.4,77,10.8,2.18,925.3
2006-04-21,23.7,14.4,72,10.8,3.41,923.9
2006-04-22,26.1,14.6,63,9.1,4.21,922.7
2006-04-23,26.9,17.0,70,4.5,3.55,923.1
2006-04-24,26.6,16.2,74,11.6,3.63,923.8
2006-04-25,25.7,17.0,75,15.2,3.5,924.8
2006-04-26,26.9,15.7,69,7.1,3.92,923.4
2006-04-27,26.4,17.5,69,8.0,3.37,922.0
2006-04-28,25.6,16.4,76,8.3,3.06,922.3
2006-04-29,25.2,17.3,77,10.1,2.89,923.1
2006-04-30,25.4,16.0,75,6.8,3.19,922.8
2006-05-01,26.7,16.6,71,6.7,3.58,923.3
2006-05-02,26.6,17.7,72,12.2,3.52,924.1
2006-05-03,25.3,18.9,73,13.5,3.18,922.5
2006-05-04,26.4,15.0,69,14.1,3.69,921.3
2006-05-05,26.8,13.8,68,8.6,3.65,922.5
2006-05-06,24.2,13.1,63,8.7,3.55,923.7
2006-05-07,23.8,12.8,68,8.4,3.03,924.0
2006-05-08,23.3,13.6,71,10.6,2.77,923.8
2006-05-09,23.8,14.8,72,8.0,2.64,923.5
2006-05-10,24.4,14.5,75,9.0,2.95,923.3
2006-05-11,22.6,14.5,78,16.2,2.74,921.6
2006-05-12,23.6,12.7,59,8.2,3.53,922.1
2006-05-13,23.8,11.1,66,6.8,3.36,924.6
2006-05-14,23.3,11.9,71,9.0,3.08,926.6
2006-05-15,23.6,12.5,72,7.3,2.68,926.4
2006-05-16,23.2,13.4,68,8.9,2.94,926.2
2006-05-17,22.5,11.9,67,9.1,3.07,926.9
2006-05-18,21.6,9.7,67,8.4,3.2,926.5
2006-05-19,21.9,10.5,65,7.2,3.34,924.7
2006-05-20,22.3,11.0,58,11.4,3.45,922.4
2006-05-21,24.3,13.2,59,6.5,2.86,922.7
2006-05-22,24.7,15.2,68,5.5,2.57,925.0
2006-05-23,24.7,14.8,73,12.2,2.62,926.3
2006-05-24,20.6,15.2,78,13.7,1.75,927.6
2006-05-25,21.5,14.2,75,10.0,1.94,927.0
2006-05-26,24.1,12.9,72,6.1,2.73,925.8
2006-05-27,25.2,12.4,69,6.1,3.28,925.3
2006-05-28,26.0,13.4,69,9.7,3.47,924.5
2006-05-29,25.9,12.6,72,6.9,3.37,925.1
2006-05-30,25.0,12.6,73,7.1,3.22,925.3
2006-05-31,25.3,12.9,66,10.0,3.48,925.2
2006-06-01,25.5,13.4,64,8.4,3.06,925.6
2006-06-02,22.9,14.1,73,9.3,2.66,927.4
2006-06-03,21.6,11.1,73,10.8,2.74,927.4
2006-06-04,20.0,10.4,76,11.6,2.38,926.3
2006-06-05,21.1,8.6,72,7.4,2.85,924.1
2006-06-06,23.1,9.7,70,9.7,3.03,924.9
2006-06-07,23.0,10.8,73,10.5,2.63,925.7
2006-06-08,22.9,10.7,74,14.4,2.8,926.1
2006-06-09,21.9,11.9,76,17.1,2.41,925.7
2006-06-10,21.9,13.4,78,13.3,2.1,924.5
2006-06-11,24.2,12.4,74,7.2,2.8,924.4
2006-06-12,24.4,12.3,71,10.5,2.92,926.5
2006-06-13,22.1,13.8,75,14.0,2.26,929.1
2006-06-14,22.2,10.8,74,8.1,2.63,927.8
2006-06-15,23.7,10.0,65,5.6,3.04,925.8
2006-06-16,24.3,10.4,61,7.3,3.13,925.7
2006-06-17,23.4,10.7,66,8.4,3.07,927.1
2006-06-18,21.8,12.6,70,14.0,2.56,928.5
2006-06-19,20.9,10.4,76,15.9,2.27,927.9
2006-06-20,20.8,13.5,76,16.3,2.21,928.7
2006-06-21,21.6,12.3,73,15.6,2.6,929.1
2006-06-22,20.6,15.0,82,11.4,1.63,929.2
2006-06-23,21.9,12.3,77,14.0,2.49,928.6
2006-06-24,21.8,10.0,77,15.7,2.51,927.5
2006-06-25,22.2,14.1,76,12.0,2.53,927.2
2006-06-26,23.8,11.9,75,19.4,2.81,924.5
2006-06-27,24.3,14.0,72,19.7,2.7,924.6
2006-06-28,19.3,11.4,75,12.6,2.29,928.4
2006-06-29,19.2,13.9,76,15.8,1.79,929.5
2006-06-30,21.6,13.4,75,9.7,2.19,929.4
2006-07-01,21.7,11.3,74,11.6,2.53,929.3
2006-07-02,21.8,12.1,72,14.0,2.53,928.8
2006-07-03,21.1,11.1,76,8.3,1.87,928.4
2006-07-04,20.9,11.5,77,6.9,1.87,928.4
2006-07-05,23.9,11.0,69,6.4,2.97,927.5
2006-07-06,23.6,10.1,71,8.4,3.13,928.1
2006-07-07,22.1,10.2,75,9.7,2.9,927.5
2006-07-08,24.8,9.9,70,5.8,3.12,925.2
2006-07-09,25.6,11.8,64,9.0,3.34,924.2
2006-07-10,26.3,11.3,63,7.2,3.3,924.6
2006-07-11,24.2,12.5,71,14.1,3.28,927.4
2006-07-12,22.6,11.6,70,12.6,3.27,928.8
2006-07-13,22.9,10.9,71,12.1,3.15,929.2
2006-07-14,22.3,11.3,70,13.9,3.12,928.9
2006-07-15,22.8,10.4,69,11.8,3.2,929.1
2006-07-16,22.0,10.1,71,15.6,2.71,928.9
2006-07-17,22.5,12.4,71,10.4,2.62,929.1
2006-07-18,22.5,11.1,69,7.8,2.73,926.5
2006-07-19,23.7,11.5,60,9.0,3.31,925.0
2006-07-20,25.0,14.6,48,8.7,3.57,925.5
2006-07-21,25.6,11.9,54,7.1,3.59,926.3
2006-07-22,25.4,10.9,60,9.0,3.67,925.7
2006-07-23,24.7,9.7,58,7.3,3.48,924.9
2006-07-24,25.6,10.4,54,8.1,3.43,924.5
2006-07-25,25.9,10.5,57,8.7,3.78,923.7
2006-07-26,25.9,10.9,60,7.6,3.58,923.3
2006-07-27,26.8,11.8,52,7.7,3.82,923.5
2006-07-28,28.0,13.6,49,7.5,3.74,923.1
2006-07-29,28.9,18.4,48,17.9,4.22,921.3
2006-07-30,23.8,16.1,75,12.5,2.53,924.3
2006-07-31,21.1,15.6,83,14.3,1.6,928.3
2006-08-01,25.9,15.7,77,9.4,2.94,929.1
2006-08-02,25.5,14.2,80,7.1,2.93,928.0
2006-08-03,21.9,16.1,84,10.1,2.04,927.7
2006-08-04,24.6,15.9,75,8.2,2.48,926.6
2006-08-05,24.7,14.3,74,7.5,2.78,926.8
2006-08-06,25.6,14.5,70,9.2,3.37,927.0
2006-08-07,25.3,12.5,69,10.8,3.84,926.5
2006-08-08,25.0,10.5,62,11.6,4.09,925.9
2006-08-09,25.2,10.2,61,10.5,4.02,925.4
2006-08-10,27.3,12.4,63,7.2,3.87,926.2
2006-08-11,25.6,13.0,68,13.4,3.99,926.1
2006-08-12,24.7,12.7,68,11.7,3.59,926.5
2006-08-13,25.7,12.8,68,9.8,3.73,926.1
2006-08-14,26.8,12.4,62,11.2,4.27,924.7
2006-08-15,27.5,12.7,62,7.7,4.0,924.8
2006-08-16,28.4,13.7,58,8.1,4.31,924.6
2006-08-17,29.6,13.5,55,9.8,4.56,924.7
2006-08-18,27.5,15.0,62,12.1,4.2,924.6
2006-08-19,28.5,13.9,59,7.9,4.22,922.8
2006-08-20,28.6,15.7,56,18.5,4.07,922.7
2006-08-21,28.2,15.4,51,12.9,4.61,923.5
2006-08-22,21.9,15.1,74,16.4,2.26,926.4
2006-08-23,26.4,15.3,65,10.2,3.8,926.7
2006-08-24,26.0,13.2,66,10.2,3.97,927.0
2006-08-25,25.6,14.9,63,15.9,3.99,926.8
2006-08-26,26.0,14.5,59,11.5,4.28,924.4
2006-08-27,28.6,13.5,54,18.4,4.58,922.0
2006-08-28,26.2,17.9,61,14.0,3.06,922.8
2006-08-29,27.1,14.3,70,18.1,3.92,923.9
2006-08-30,21.3,11.5,62,17.1,3.9,926.8
2006-08-31,23.8,11.3,60,10.7,4.25,926.1
2006-09-01,27.7,13.0,58,7.9,4.48,923.0
2006-09-02,25.8,15.4,70,14.5,3.05,920.5
2006-09-03,27.7,15.7,71,15.7,4.26,920.0
2006-09-04,27.3,15.8,74,15.3,3.47,922.0
2006-09-05,21.8,11.9,76,15.2,2.44,925.9
2006-09-06,16.0,11.3,76,14.1,1.95,928.3
2006-09-07,19.0,12.4,75,14.8,2.26,928.7
2006-09-08,19.9,12.9,75,14.3,2.51,928.1
2006-09-09,23.3,11.5,66,14.5,4.41,926.8
2006-09-10,25.6,11.6,65,11.3,4.47,927.3
2006-09-11,26.4,14.4,65,14.7,4.49,928.1
2006-09-12,25.6,13.6,64,11.7,4.62,926.6
2006-09-13,27.7,11.3,56,9.5,5.19,924.9
2006-09-14,28.5,12.1,53,8.4,5.21,924.6
2006-09-15,30.1,13.4,54,8.0,5.27,924.4
2006-09-16,32.0,14.8,53,15.9,5.61,923.6
2006-09-17,30.2,17.2,51,13.2,5.37,924.4
2006-09-18,31.3,17.5,57,9.8,4.37,923.4
2006-09-19,26.1,17.8,76,14.0,3.17,923.7
2006-09-20,27.6,17.9,71,16.9,3.64,922.3
2006-09-21,27.7,18.4,78,20.1,3.32,921.7
2006-09-22,26.8,17.7,80,10.7,3.5,924.1
2006-09-23,28.4,18.0,75,10.3,4.19,922.9
2006-09-24,30.3,18.2,71,14.1,4.78,922.7
2006-09-25,25.3,16.5,73,12.6,3.45,925.7
2006-09-26,22.0,17.1,76,14.3,2.47,927.9
2006-09-27,22.8,15.2,72,15.5,3.1,928.8
2006-09-28,24.6,12.4,63,9.9,4.97,926.3
2006-09-29,28.9,12.8,55,7.2,5.05,924.3
2006-09-30,27.7,16.8,62,14.8,4.77,926.0
2006-10-01,24.6,17.4,73,14.3,2.65,926.0
2006-10-02,24.7,16.6,79,14.6,2.58,923.6
2006-10-03,24.7,16.2,78,9.7,3.07,921.9
2006-10-04,27.4,16.1,77,11.2,4.29,922.0
2006-10-05,27.8,19.4,74,14.0,4.12,924.3
2006-10-06,26.5,19.0,71,12.2,3.34,924.1
2006-10-07,21.3,18.7,88,10.1,1.19,924.1
2006-10-08,25.5,16.5,82,7.4,3.11,923.6
2006-10-09,24.0,17.9,85,13.9,2.55,925.6
2006-10-10,22.0,18.3,77,16.9,2.52,927.0
2006-10-11,26.0,17.2,68,12.3,4.36,924.5
2006-10-12,27.8,16.6,68,11.8,4.42,921.1
2006-10-13,27.0,18.7,84,10.1,3.2,920.2
2006-10-14,26.7,18.8,84,8.7,3.45,920.9
2006-10-15,26.7,18.4,81,11.6,3.77,921.5
2006-10-16,27.0,19.3,77,10.4,4.13,921.7
2006-10-17,27.3,19.4,73,10.0,4.28,921.6
2006-10-18,26.3,19.8,80,10.5,3.43,921.1
2006-10-19,21.0,19.4,96,10.7,0.72,919.4
2006-10-20,23.7,17.8,87,14.8,2.25,920.7
2006-10-21,21.6,15.4,75,12.0,2.92,923.9
2006-10-22,19.6,15.9,80,12.7,2.0,924.6
2006-10-23,18.3,15.2,88,12.0,1.19,925.7
2006-10-24,20.7,13.5,74,18.7,2.99,926.5
2006-10-25,22.3,16.0,79,12.2,3.08,925.9
2006-10-26,25.8,15.1,70,10.7,4.7,923.1
2006-10-27,27.3,16.7,67,17.1,4.73,919.2
2006-10-28,26.8,19.6,74,14.5,3.73,918.6
2006-10-29,25.3,16.8,69,9.4,4.13,918.9
2006-10-30,27.8,17.8,70,9.7,4.46,918.2
2006-10-31,26.9,19.1,77,10.6,4.4,919.5
2006-11-01,27.3,19.8,82,14.7,3.68,921.5
2006-11-02,28.4,19.1,83,12.4,4.29,921.5
2006-11-03,25.9,19.6,86,12.4,2.93,920.9
2006-11-04,26.5,19.2,83,12.2,3.61,920.2
2006-11-05,23.9,18.2,79,14.8,3.4,920.8
2006-11-06,25.4,19.3,80,15.3,2.59,919.7
2006-11-07,27.6,19.3,82,13.5,3.48,918.2
2006-11-08,21.9,17.2,79,13.0,2.26,919.1
2006-11-09,21.1,16.3,82,12.6,2.2,919.6
2006-11-10,17.5,13.7,93,15.9,0.92,918.2
2006-11-11,15.7,13.2,86,15.3,1.26,920.4
2006-11-12,18.7,13.7,80,17.6,2.17,924.2
2006-11-13,19.5,14.2,81,17.4,2.8,925.5
2006-11-14,22.5,14.8,86,12.5,3.13,923.9
2006-11-15,22.4,16.0,88,13.5,2.33,924.3
2006-11-16,26.3,18.5,73,16.6,5.17,925.1
2006-11-17,26.7,17.1,72,9.4,5.1,924.0
2006-11-18,28.1,16.5,70,6.1,5.41,922.4
2006-11-19,27.6,19.0,78,7.1,4.56,922.1
2006-11-20,27.5,18.5,83,8.4,4.75,921.4
2006-11-21,26.3,18.5,86,9.7,3.77,921.7
2006-11-22,25.0,18.5,87,10.2,3.64,921.3
2006-11-23,24.5,18.6,85,10.0,3.16,921.5
2006-11-24,26.6,18.5,81,11.7,3.95,923.0
2006-11-25,26.8,19.7,74,12.9,4.64,923.2
2006-11-26,27.2,18.4,68,10.3,4.98,921.7
2006-11-27,26.1,18.2,70,12.4,3.82,919.9
2006-11-28,26.6,18.3,79,14.2,3.7,919.1
2006-11-29,25.1,19.5,93,12.4,2.47,918.7
2006-11-30,24.1,19.6,94,8.7,1.77,919.1
2006-12-01,21.5,18.3,91,16.0,1.5,921.2
2006-12-02,23.4,16.6,78,13.8,3.07,922.9
2006-12-03,26.0,18.5,76,10.1,4.19,923.0
2006-12-04,26.0,17.6,75,12.5,3.92,922.6
2006-12-05,27.5,19.2,82,10.8,4.5,923.1
2006-12-06,26.1,19.0,82,13.2,3.6,921.3
2006-12-07,25.6,19.2,86,16.6,3.42,918.4
2006-12-08,26.0,19.7,89,6.6,3.14,919.2
2006-12-09,22.7,19.5,95,9.8,1.39,919.5
2006-12-10,23.3,19.1,92,8.7,2.06,919.3
2006-12-11,22.9,18.2,86,11.5,2.41,920.8
2006-12-12,23.4,18.8,81,11.6,2.48,922.5
2006-12-13,20.7,18.9,93,9.5,1.07,922.4
2006-12-14,22.9,19.1,94,7.4,1.24,923.0
2006-12-15,23.2,19.2,90,9.5,1.51,923.2
2006-12-16,23.1,18.3,92,8.4,1.98,922.9
2006-12-17,25.0,18.1,87,8.1,3.24,922.9
2006-12-18,25.7,18.9,83,11.8,4.23,922.3
2006-12-19,27.1,19.1,80,11.3,4.48,922.2
2006-12-20,27.5,17.8,82,15.5,4.69,923.0
2006-12-21,28.5,20.0,77,13.6,5.14,924.1
2006-12-22,29.3,20.3,75,5.4,5.56,923.6
2006-12-23,29.3,20.1,73,9.3,5.47,922.5
2006-12-24,29.7,18.9,66,12.2,5.9,921.7
2006-12-25,29.0,20.5,80,9.7,4.28,922.0
2006-12-26,29.0,19.4,82,9.3,4.74,921.9
2006-12-27,26.3,20.0,89,6.4,3.03,923.0
2006-12-28,24.8,19.2,88,8.6,2.77,923.9
2006-12-29,22.0,19.3,95,10.1,1.32,923.9
2006-12-30,22.9,18.1,87,17.1,2.19,924.7
2006-12-31,21.6,18.2,85,13.6,1.93,924.8
2007-01-01,20.9,18.4,92,12.1,1.33,924.2
2007-01-02,23.1,18.7,92,11.6,1.75,924.9
2007-01-03,21.5,18.8,96,8.4,1.17,923.7
2007-01-04,22.6,18.5,93,12.0,1.61,921.5
2007-01-05,23.4,18.7,89,11.5,1.72,921.4
2007-01-06,24.9,19.4,84,9.0,2.56,921.8
2007-01-07,27.0,19.3,84,8.9,3.26,923.4
2007-01-08,27.6,18.4,84,7.1,4.25,922.5
2007-01-09,27.8,18.4,83,7.8,4.74,921.8
2007-01-10,27.8,18.9,85,10.5,4.75,920.7
2007-01-11,27.3,20.4,85,10.2,4.14,920.4
2007-01-12,27.3,19.9,85,15.8,4.35,917.7
2007-01-13,25.3,20.4,91,14.6,2.51,916.2
2007-01-14,22.3,20.3,95,15.1,1.37,918.0
2007-01-15,26.4,20.3,91,15.6,2.69,920.7
2007-01-16,26.3,20.1,88,8.6,2.52,922.6
2007-01-17,27.5,20.4,78,15.1,4.5,922.8
2007-01-18,29.0,17.8,70,17.1,5.59,922.1
2007-01-19,29.1,21.1,76,12.1,4.69,921.8
2007-01-20,29.3,20.7,70,10.1,5.43,923.0
2007-01-21,29.4,20.1,74,11.3,4.75,922.8
2007-01-22,25.8,20.1,89,8.9,2.44,922.3
2007-01-23,24.5,18.6,91,8.1,2.5,922.0
2007-01-24,25.7,19.4,86,7.6,3.17,922.7
2007-01-25,26.0,19.1,84,11.7,3.62,922.6
2007-01-26,28.0,18.9,82,9.0,4.62,922.5
2007-01-27,27.1,20.2,82,11.0,3.67,922.2
2007-01-28,24.5,20.5,90,9.7,1.56,922.1
2007-01-29,23.6,19.9,94,12.8,1.56,922.1
2007-01-30,22.0,18.9,95,12.9,1.44,922.0
2007-01-31,24.0,19.7,88,6.9,1.76,921.5
2007-02-01,25.8,18.5,87,10.0,3.79,922.0
2007-02-02,27.3,19.6,82,8.8,4.4,921.8
2007-02-03,26.0,19.6,90,8.5,3.14,920.9
2007-02-04,26.9,19.0,85,7.4,4.04,920.9
2007-02-05,26.3,19.3,88,10.4,3.47,921.3
2007-02-06,26.2,19.9,82,14.7,3.44,922.5
2007-02-07,27.2,20.0,78,12.5,4.46,923.0
2007-02-08,27.0,18.6,69,14.7,5.16,924.0
2007-02-09,26.9,16.5,71,14.9,5.07,925.6
2007-02-10,28.0,17.2,74,10.4,5.13,925.2
2007-02-11,27.6,18.4,72,15.0,4.97,921.3
2007-02-12,23.7,18.4,85,10.8,2.35,920.6
2007-02-13,22.2,17.0,83,11.9,2.21,920.3
2007-02-14,21.9,17.2,88,15.1,2.26,919.2
2007-02-15,25.0,16.9,81,11.1,3.7,919.2
2007-02-16,26.3,16.9,81,5.8,4.19,919.1
2007-02-17,27.6,17.5,81,5.4,5.03,919.1
2007-02-18,27.5,19.3,85,10.0,4.37,919.7
2007-02-19,25.1,19.9,86,13.7,3.28,920.5
2007-02-20,26.3,19.8,76,16.5,4.04,921.8
2007-02-21,26.7,18.6,72,14.0,4.71,923.6
2007-02-22,26.7,18.1,71,15.4,5.4,926.3
2007-02-23,27.0,15.5,73,10.0,4.67,926.5
2007-02-24,25.6,17.6,80,10.7,4.35,925.5
2007-02-25,26.7,15.2,81,7.6,4.98,923.6
2007-02-26,25.2,16.8,84,14.8,3.91,923.2
2007-02-27,25.8,19.3,75,17.4,3.98,924.5
2007-02-28,26.4,17.9,72,14.6,4.76,924.2
2007-03-01,25.8,16.5,73,16.4,4.29,924.0
2007-03-02,27.6,16.0,71,14.5,5.1,924.6
2007-03-03,26.9,17.3,72,14.1,4.89,925.1
2007-03-04,27.4,17.9,70,13.0,4.92,925.1
2007-03-05,27.2,17.4,69,12.1,5.09,925.0
2007-03-06,27.4,18.4,72,14.0,4.83,926.0
2007-03-07,28.6,17.3,68,9.3,5.7,926.4
2007-03-08,27.0,17.3,70,10.9,4.41,924.5
2007-03-09,27.8,15.0,65,8.6,5.02,922.8
2007-03-10,28.8,15.1,59,9.5,5.78,922.5
2007-03-11,27.9,15.3,65,11.5,5.12,922.9
2007-03-12,27.9,16.8,65,11.1,4.97,923.9
2007-03-13,27.2,16.4,67,11.7,4.59,924.3
2007-03-14,27.4,17.3,67,11.9,4.73,923.6
2007-03-15,28.5,17.6,65,11.0,5.08,922.8
2007-03-16,28.3,17.6,63,9.4,4.7,922.0
2007-03-17,29.6,20.3,66,11.5,4.9,921.8
2007-03-18,28.2,19.4,82,14.8,3.86,921.8
2007-03-19,28.1,19.9,80,13.7,3.84,922.4
2007-03-20,29.3,19.8,79,11.8,4.36,922.5
2007-03-21,28.8,18.4,82,9.1,4.33,921.9
2007-03-22,29.2,19.5,72,9.4,5.06,922.6
2007-03-23,29.1,17.3,70,10.4,4.8,924.0
2007-03-24,28.5,17.2,70,10.3,4.47,924.5
2007-03-25,28.7,17.3,67,10.5,4.71,924.0
2007-03-26,29.3,17.1,64,11.3,5.18,923.5
2007-03-27,29.5,16.7,64,8.9,4.97,923.8
2007-03-28,28.8,17.3,65,7.7,4.44,924.2
2007-03-29,30.2,17.4,62,10.1,5.25,922.8
2007-03-30,29.7,19.9,62,11.3,4.94,922.8
2007-03-31,29.8,17.5,64,6.1,4.33,921.6
2007-04-01,30.5,17.9,59,11.8,5.21,922.4
2007-04-02,29.4,18.5,60,9.4,5.08,923.3
2007-04-03,29.5,17.1,63,10.1,4.73,922.4
2007-04-04,30.1,17.2,59,6.3,4.63,921.7
2007-04-05,29.3,18.6,63,12.2,4.34,922.8
2007-04-06,27.4,20.2,80,10.1,3.08,923.9
2007-04-07,27.1,19.2,82,9.4,3.09,924.5
2007-04-08,27.8,19.4,78,9.7,3.39,922.6
2007-04-09,24.9,19.1,87,10.8,2.24,920.6
2007-04-10,26.1,16.8,83,6.8,3.31,922.0
2007-04-11,25.4,18.4,79,14.3,3.2,925.0
2007-04-12,25.6,18.0,75,13.3,3.56,926.4
2007-04-13,26.4,16.9,73,10.1,4.01,925.8
2007-04-14,25.6,16.9,74,13.6,3.53,925.9
2007-04-15,26.2,17.7,74,10.9,3.79,926.3
2007-04-16,25.6,16.7,79,9.0,3.29,924.9
2007-04-17,25.3,16.9,80,8.5,3.4,923.6
2007-04-18,25.8,17.0,78,11.2,3.47,924.0
2007-04-19,25.5,18.4,76,12.6,3.15,925.3
2007-04-20,26.0,18.8,77,13.0,3.01,925.9
2007-04-21,25.3,17.8,84,7.2,2.55,924.8
2007-04-22,23.9,17.8,88,6.6,2.52,924.3
2007-04-23,25.3,18.0,85,6.0,2.9,924.3
2007-04-24,26.4,17.1,78,9.7,3.34,923.7
2007-04-25,26.7,16.9,77,9.3,3.38,922.7
2007-04-26,27.9,16.3,71,9.6,3.97,921.3
2007-04-27,27.3,17.5,75,17.3,3.41,922.2
2007-04-28,21.5,17.3,81,21.5,2.05,927.0
2007-04-29,22.2,15.7,78,13.0,2.13,926.7
2007-04-30,25.3,14.4,78,6.6,3.27,924.2
2007-05-01,25.2,15.3,75,7.7,3.37,923.8
2007-05-02,25.1,13.4,68,5.8,3.85,923.4
2007-05-03,26.6,13.7,64,9.2,4.05,923.9
2007-05-04,24.0,15.6,74,16.6,2.86,925.6
2007-05-05,24.4,15.0,69,11.0,3.6,925.4
2007-05-06,25.1,12.9,71,12.7,3.3,923.5
2007-05-07,25.8,14.5,74,8.4,3.27,922.6
2007-05-08,26.8,15.4,66,8.7,3.72,922.4
2007-05-09,28.5,15.6,62,17.7,3.96,923.4
2007-05-10,17.6,13.2,71,19.4,1.88,927.3
2007-05-11,21.3,11.5,67,14.6,3.37,929.0
2007-05-12,23.5,11.6,72,8.0,2.79,928.2
2007-05-13,24.7,11.9,68,7.4,3.22,926.6
2007-05-14,25.9,13.8,63,11.7,3.72,924.5
2007-05-15,26.4,14.8,68,5.7,3.07,924.3
2007-05-16,25.1,16.9,73,13.0,2.76,924.8
2007-05-17,26.7,14.1,71,5.8,3.2,924.8
2007-05-18,26.4,14.2,66,5.8,3.31,924.3
2007-05-19,26.3,14.8,67,6.8,3.12,923.9
2007-05-20,24.8,15.3,74,10.2,3.04,925.1
2007-05-21,24.9,16.2,75,12.9,2.77,924.1
2007-05-22,26.5,14.6,70,11.7,3.26,922.1
2007-05-23,27.2,15.9,70,18.4,3.46,920.0
2007-05-24,20.5,15.6,82,9.0,1.42,921.5
2007-05-25,21.1,12.3,67,10.7,3.29,924.6
2007-05-26,20.5,10.8,73,10.7,2.23,924.0
2007-05-27,24.3,11.1,77,12.2,2.76,923.0
2007-05-28,24.3,15.4,78,12.6,2.94,922.9
2007-05-29,22.7,15.7,76,17.0,2.11,922.6
2007-05-30,22.0,13.1,74,14.3,2.53,924.9
2007-05-31,19.3,11.5,64,12.3,2.83,927.1
2007-06-01,22.6,12.5,73,10.1,2.68,926.0
2007-06-02,24.7,12.9,67,15.3,3.26,923.6
2007-06-03,24.6,17.5,75,16.6,2.57,923.3
2007-06-04,22.1,11.7,72,7.9,2.8,924.4
2007-06-05,22.6,9.4,72,9.8,2.53,925.2
2007-06-06,24.1,11.0,73,8.6,2.9,924.9
2007-06-07,25.3,11.5,72,6.5,3.12,924.4
2007-06-08,25.5,12.3,71,7.1,3.1,924.9
2007-06-09,25.2,12.4,71,11.0,3.21,925.4
2007-06-10,24.7,12.0,72,7.6,3.2,925.5
2007-06-11,24.9,10.9,69,8.6,3.31,925.2
2007-06-12,24.9,10.2,65,7.0,3.13,925.1
2007-06-13,25.5,10.5,64,7.7,3.24,923.9
2007-06-14,25.9,11.2,70,8.0,3.21,923.7
2007-06-15,25.9,11.3,65,7.9,3.34,924.1
2007-06-16,26.3,13.1,61,7.6,3.17,925.3
2007-06-17,24.7,12.5,70,11.5,3.22,926.6
2007-06-18,24.1,11.9,73,8.4,3.06,927.3
2007-06-19,23.9,10.7,65,13.1,3.45,927.6
2007-06-20,20.6,10.4,72,13.9,2.66,928.7
2007-06-21,22.8,11.3,75,11.3,2.65,928.9
2007-06-22,23.6,10.3,69,9.8,3.25,926.9
2007-06-23,23.8,10.8,72,7.8,2.85,924.7
2007-06-24,25.1,12.3,67,7.6,3.05,925.9
2007-06-25,24.5,12.4,67,15.2,3.29,928.5
2007-06-26,23.0,14.2,72,17.3,2.62,929.2
2007-06-27,23.4,11.6,69,8.0,3.02,927.4
2007-06-28,24.7,11.4,66,7.9,2.99,926.0
2007-06-29,25.5,12.1,65,5.8,2.94,927.0
2007-06-30,24.4,13.1,65,7.2,2.7,927.8
2007-07-01,25.2,12.2,62,7.2,3.04,928.7
2007-07-02,24.2,12.3,65,7.9,3.07,929.0
2007-07-03,24.2,11.5,63,8.4,3.29,927.9
2007-07-04,23.5,11.5,69,7.4,3.0,928.3
2007-07-05,23.0,11.9,73,10.7,2.71,928.8
2007-07-06,23.0,13.3,73,11.5,2.79,927.8
2007-07-07,24.0,10.8,67,10.3,3.37,925.8
2007-07-08,24.1,11.1,70,10.7,3.19,925.4
2007-07-09,24.2,12.6,74,10.8,3.0,926.2
2007-07-10,25.4,11.1,68,8.9,3.42,924.6
2007-07-11,26.4,12.2,64,7.9,3.36,924.6
2007-07-12,24.0,14.1,67,16.8,3.28,926.9
2007-07-13,23.7,11.7,66,10.8,3.28,926.6
2007-07-14,24.6,11.1,64,7.7,3.24,924.9
2007-07-15,26.1,12.6,60,6.8,3.33,923.2
2007-07-16,26.4,12.6,63,9.7,3.56,923.2
2007-07-17,25.3,15.0,65,12.6,3.25,923.8
2007-07-18,27.2,13.3,62,22.3,3.92,921.8
2007-07-19,24.9,12.4,52,9.0,3.68,922.1
2007-07-20,24.4,10.6,70,12.7,2.91,924.5
2007-07-21,26.3,12.0,69,7.1,3.43,924.7
2007-07-22,26.6,12.5,61,13.1,3.96,922.5
2007-07-23,27.7,14.5,58,15.1,4.05,921.5
2007-07-24,27.6,15.9,58,9.4,3.12,922.7
2007-07-25,28.4,16.3,54,17.1,4.3,923.0
2007-07-26,22.3,16.3,74,10.2,2.0,925.6
2007-07-27,20.9,15.8,79,13.9,1.46,927.1
2007-07-28,20.4,15.6,83,13.3,1.9,927.8
2007-07-29,17.9,11.0,70,21.6,2.48,928.7
2007-07-30,17.1,8.3,64,13.2,3.06,929.1
2007-07-31,19.6,7.1,66,12.5,3.19,926.8
2007-08-01,21.0,8.8,69,9.5,3.21,926.6
2007-08-02,22.3,9.3,68,9.5,3.43,927.0
2007-08-03,21.7,9.3,73,12.6,3.21,927.3
2007-08-04,23.1,9.5,69,9.4,3.55,927.2
2007-08-05,24.7,10.0,66,12.5,3.84,926.3
2007-08-06,22.0,13.2,71,15.0,2.75,926.8
2007-08-07,24.8,11.9,68,9.0,3.62,926.4
2007-08-08,25.2,10.7,61,14.9,4.11,926.6
2007-08-09,24.0,13.1,64,15.2,3.81,928.5
2007-08-10,21.6,12.9,68,14.7,2.99,928.3
2007-08-11,24.6,11.5,68,12.1,3.24,928.5
2007-08-12,24.0,13.4,66,19.2,3.37,928.9
2007-08-13,24.0,13.3,63,15.8,3.7,929.2
2007-08-14,23.2,12.1,65,17.1,3.42,929.1
2007-08-15,22.9,13.6,66,17.6,3.41,929.3
2007-08-16,23.3,9.9,65,12.3,3.82,928.2
2007-08-17,25.2,9.7,61,13.4,4.26,926.8
2007-08-18,24.5,12.3,63,12.9,4.03,926.0
2007-08-19,22.6,11.9,66,13.1,3.23,926.6
2007-08-20,25.4,9.7,56,7.9,4.0,925.3
2007-08-21,27.3,11.3,50,8.5,4.54,925.9
2007-08-22,25.7,14.0,58,12.2,4.25,927.0
2007-08-23,25.3,12.1,60,11.2,4.27,925.5
2007-08-24,26.7,9.9,51,9.7,4.65,923.6
2007-08-25,28.3,11.5,48,8.6,4.68,922.2
2007-08-26,29.9,13.8,40,10.7,5.26,922.5
2007-08-27,31.7,14.8,36,7.4,5.13,922.2
2007-08-28,29.8,16.2,49,14.9,5.35,924.4
2007-08-29,27.1,17.5,60,18.7,4.65,927.6
2007-08-30,23.4,17.4,72,17.6,2.89,929.4
2007-08-31,24.4,17.1,74,15.8,2.8,929.5
2007-09-01,26.8,14.3,65,11.7,4.36,928.5
2007-09-02,27.1,13.8,63,13.9,4.27,928.0
2007-09-03,26.1,15.0,60,18.5,4.24,929.4
2007-09-04,24.1,16.8,66,20.1,3.73,930.9
2007-09-05,23.2,15.6,71,19.5,3.17,931.3
2007-09-06,24.7,15.6,64,14.8,3.72,930.5
2007-09-07,26.0,15.0,59,12.4,4.32,928.5
2007-09-08,24.6,13.3,58,14.1,4.31,927.3
2007-09-09,24.7,11.8,58,12.6,4.45,926.6
2007-09-10,24.8,13.4,57,15.6,4.78,927.0
2007-09-11,24.2,15.8,62,17.7,3.8,927.4
2007-09-12,25.4,13.8,54,18.4,5.25,927.4
2007-09-13,23.6,15.4,64,18.7,3.48,926.8
2007-09-14,25.9,13.5,55,14.3,5.05,925.6
2007-09-15,28.4,11.8,49,8.3,5.33,923.8
2007-09-16,30.5,13.1,43,7.6,5.37,922.2
2007-09-17,30.0,16.5,48,17.1,5.81,924.1
2007-09-18,27.7,16.1,61,15.7,4.75,926.0
2007-09-19,29.2,14.9,60,12.1,5.01,925.4
2007-09-20,30.9,15.0,49,13.7,5.81,924.3
2007-09-21,30.9,14.3,43,11.9,5.99,924.5
2007-09-22,29.8,14.8,44,12.1,5.93,924.6
2007-09-23,31.3,14.6,38,9.7,6.19,922.5
2007-09-24,35.0,16.2,40,17.1,6.67,921.9
2007-09-25,23.1,15.5,68,18.6,3.72,926.5
2007-09-26,26.4,13.8,59,17.0,5.07,928.9
2007-09-27,26.2,15.9,59,15.8,4.5,929.0
2007-09-28,28.8,15.4,57,11.4,5.21,927.2
2007-09-29,29.1,18.4,60,12.5,4.8,927.5
2007-09-30,24.6,17.7,68,16.1,3.8,928.0
2007-10-01,24.9,14.5,56,14.2,4.54,928.5
2007-10-02,24.4,14.4,63,12.9,4.13,927.7
2007-10-03,27.0,14.5,56,11.6,5.18,925.9
2007-10-04,26.7,15.5,53,14.5,4.95,924.8
2007-10-05,27.5,14.9,51,14.2,5.62,924.3
2007-10-06,28.9,15.2,51,12.0,6.08,924.0
2007-10-07,30.1,16.0,52,12.3,6.07,923.5
2007-10-08,28.2,16.9,53,15.5,5.87,924.8
2007-10-09,27.3,16.0,49,16.6,6.05,926.1
2007-10-10,27.7,15.6,48,14.8,6.08,924.8
2007-10-11,28.8,15.5,48,11.6,5.96,922.2
2007-10-12,29.4,15.9,45,11.8,6.01,921.0
2007-10-13,30.7,17.5,52,11.0,5.37,920.9
2007-10-14,30.4,19.0,51,14.2,5.55,922.5
2007-10-15,30.1,18.9,49,15.3,6.36,924.7
2007-10-16,31.0,17.8,46,13.3,6.47,924.2
2007-10-17,34.2,18.4,41,7.4,6.05,921.0
2007-10-18,34.3,20.8,52,13.8,6.5,921.5
2007-10-19,33.1,19.8,67,14.3,5.44,922.3
2007-10-20,29.6,19.2,70,8.4,4.73,921.8
2007-10-21,31.7,20.2,57,10.1,5.52,922.1
2007-10-22,31.0,20.3,66,11.9,4.91,923.1
2007-10-23,27.4,19.8,70,13.9,3.8,925.7
2007-10-24,27.0,19.4,65,14.1,4.18,925.4
2007-10-25,27.7,19.2,65,16.3,4.54,923.8
2007-10-26,26.8,18.9,68,10.5,3.25,922.8
2007-10-27,30.4,18.1,58,12.6,5.49,921.0
2007-10-28,31.8,18.9,66,9.5,5.33,920.8
2007-10-29,32.4,20.6,62,12.0,5.48,921.1
2007-10-30,33.1,21.4,53,9.3,6.01,919.8
2007-10-31,33.8,22.2,52,9.6,6.28,919.3
2007-11-01,35.0,21.9,43,12.4,6.69,918.1
2007-11-02,33.3,21.9,57,12.3,5.3,919.4
2007-11-03,33.3,22.4,59,11.9,5.77,919.6
2007-11-04,31.1,20.8,75,8.2,4.98,920.2
2007-11-05,25.1,19.9,81,14.1,2.91,921.5
2007-11-06,26.7,18.6,63,16.1,3.99,923.8
2007-11-07,27.5,19.0,61,17.4,4.88,923.4
2007-11-08,26.1,19.9,71,12.0,3.22,922.0
2007-11-09,27.8,19.5,73,11.0,3.82,919.9
2007-11-10,27.4,19.3,63,9.0,3.16,918.6
2007-11-11,31.1,18.6,62,12.2,5.63,919.4
2007-11-12,29.5,20.0,75,15.1,4.69,921.2
2007-11-13,27.8,20.1,64,18.4,4.84,923.5
2007-11-14,29.9,17.7,56,13.8,6.52,922.6
2007-11-15,29.5,19.1,56,17.1,5.15,922.9
2007-11-16,26.2,18.4,73,19.9,4.31,926.1
2007-11-17,27.0,16.9,68,19.5,4.93,926.9
2007-11-18,26.9,15.9,66,15.2,4.8,924.1
2007-11-19,28.9,17.9,63,12.3,4.9,921.3
2007-11-20,30.0,19.1,68,9.7,4.72,920.9
2007-11-21,26.5,18.7,82,11.9,3.82,923.8
2007-11-22,24.1,18.0,76,12.5,3.73,923.2
2007-11-23,24.5,17.8,73,11.6,3.98,921.7
2007-11-24,27.5,16.7,70,9.7,4.74,920.2
2007-11-25,27.6,19.6,78,12.8,3.73,919.9
2007-11-26,26.1,19.2,88,8.4,2.97,918.7
2007-11-27,27.6,19.1,84,13.6,4.18,917.0
2007-11-28,27.8,17.7,69,12.3,4.96,918.1
2007-11-29,25.5,18.0,74,12.0,4.12,919.4
2007-11-30,26.1,17.9,71,10.6,4.41,921.0
2007-12-01,26.9,18.4,75,12.0,4.47,921.6
2007-12-02,28.1,19.0,70,10.0,4.81,922.3
2007-12-03,29.1,19.1,74,7.2,4.86,921.6
2007-12-04,29.1,19.5,74,9.7,4.78,921.0
2007-12-05,29.6,19.1,77,14.2,4.87,921.7
2007-12-06,29.8,20.8,69,16.6,5.07,920.4
2007-12-07,30.5,21.3,74,17.1,5.18,919.2
2007-12-08,26.4,20.2,88,11.7,2.58,919.6
2007-12-09,25.4,19.9,89,9.0,2.17,920.8
2007-12-10,26.9,19.1,81,12.1,4.34,922.5
2007-12-11,27.9,17.9,71,13.5,5.39,923.0
2007-12-12,29.1,19.9,67,12.2,5.35,920.9
2007-12-13,27.3,20.4,79,11.2,4.02,920.8
2007-12-14,22.5,19.5,89,10.2,1.55,919.9
2007-12-15,24.1,19.0,88,8.0,2.18,917.8
2007-12-16,27.5,17.0,69,10.3,5.46,917.8
2007-12-17,28.0,16.7,65,13.8,6.41,919.6
2007-12-18,27.6,17.8,70,11.6,4.75,920.7
2007-12-19,25.2,19.7,82,12.3,3.26,918.9
2007-12-20,25.1,19.8,91,16.3,2.24,918.7
2007-12-21,24.7,19.1,92,9.9,2.04,920.4
2007-12-22,27.8,18.8,83,11.8,4.56,921.6
2007-12-23,26.0,18.9,85,12.5,3.72,922.1
2007-12-24,25.9,19.1,70,12.9,4.82,923.3
2007-12-25,26.7,17.8,67,15.1,5.39,923.2
2007-12-26,26.9,18.5,67,14.7,5.74,923.6
2007-12-27,27.0,16.5,69,11.5,5.2,922.6
2007-12-28,27.9,17.4,67,11.8,5.72,922.7
2007-12-29,29.0,17.0,64,12.3,6.16,922.8
2007-12-30,29.3,18.6,65,9.9,5.99,921.9
2007-12-31,29.4,17.2,61,8.7,5.97,921.1
2008-01-01,30.3,16.6,58,11.8,6.85,921.5
2008-01-02,28.9,16.7,57,12.2,6.5,922.6
2008-01-03,28.8,17.4,55,13.8,6.38,924.6
2008-01-04,29.1,18.1,56,12.8,5.52,924.5
2008-01-05,31.6,17.3,51,11.5,6.53,922.1
2008-01-06,28.7,20.8,70,7.6,3.41,920.9
2008-01-07,26.4,19.5,83,12.5,3.55,920.2
2008-01-08,27.2,18.9,82,13.5,3.93,919.4
2008-01-09,26.0,19.4,86,7.6,3.03,919.0
2008-01-10,26.8,17.8,85,13.3,3.85,919.7
2008-01-11,27.4,18.1,82,12.1,4.43,920.9
2008-01-12,27.3,19.1,76,11.2,4.74,921.6
2008-01-13,24.8,19.8,76,13.9,2.73,922.3
2008-01-14,26.0,18.2,68,15.8,5.05,923.1
2008-01-15,24.6,17.2,73,14.9,4.15,922.1
2008-01-16,25.9,18.0,71,15.1,4.55,921.3
2008-01-17,28.7,17.0,71,12.2,5.36,921.2
2008-01-18,29.2,18.1,74,10.4,5.31,921.8
2008-01-19,29.4,20.6,76,14.3,4.98,920.7
2008-01-20,30.1,20.6,77,13.6,5.02,920.1
2008-01-21,24.4,19.9,90,8.9,1.73,920.8
2008-01-22,24.1,18.5,86,11.5,2.66,922.3
2008-01-23,22.2,17.1,89,10.6,1.68,923.1
2008-01-24,24.5,17.8,81,10.9,3.32,923.5
2008-01-25,26.1,18.0,84,8.7,3.64,922.6
2008-01-26,23.7,18.5,87,11.8,2.45,921.9
2008-01-27,21.2,17.5,87,11.3,1.9,922.2
2008-01-28,20.7,17.3,91,9.7,1.26,922.2
2008-01-29,22.4,17.5,89,12.9,1.74,919.9
2008-01-30,23.3,18.4,93,13.5,1.9,915.8
2008-01-31,25.2,18.8,90,12.5,2.65,914.2
2008-02-01,27.1,19.6,85,9.2,3.87,915.8
2008-02-02,27.0,18.6,88,11.3,3.47,918.1
2008-02-03,25.0,20.1,91,14.8,2.49,920.6
2008-02-04,22.7,19.2,96,8.1,1.39,922.0
2008-02-05,26.0,19.0,85,5.8,3.02,923.7
2008-02-06,24.3,18.9,89,8.9,2.74,924.1
2008-02-07,27.0,19.1,78,12.2,4.58,924.6
2008-02-08,27.6,18.2,79,7.9,4.83,923.4
2008-02-09,27.7,18.4,75,9.1,5.25,921.5
2008-02-10,28.9,17.5,70,7.9,5.41,921.4
2008-02-11,29.6,18.5,71,6.5,5.35,922.0
2008-02-12,28.5,17.9,71,9.7,5.68,922.0
2008-02-13,28.0,17.3,71,10.2,5.18,922.3
2008-02-14,27.7,17.7,71,12.9,5.32,922.4
2008-02-15,27.6,16.9,68,12.8,5.63,922.3
2008-02-16,26.0,18.9,69,16.0,4.7,922.1
2008-02-17,27.7,18.0,67,11.1,5.26,923.2
2008-02-18,28.4,17.4,69,7.5,5.18,923.6
2008-02-19,26.2,18.9,78,8.9,3.75,924.1
2008-02-20,28.6,18.2,78,10.3,4.75,921.3
2008-02-21,26.8,18.6,80,13.3,3.79,920.6
2008-02-22,25.5,19.5,85,13.7,2.94,922.3
2008-02-23,27.9,19.5,83,10.4,4.37,923.1
2008-02-24,28.0,18.6,86,13.7,3.97,921.7
2008-02-25,25.6,19.7,89,10.9,2.35,920.0
2008-02-26,26.3,18.3,79,12.1,4.12,919.8
2008-02-27,25.8,18.3,79,15.0,3.98,920.7
2008-02-28,25.1,17.3,73,11.0,4.01,920.5
2008-02-29,24.9,17.2,77,12.7,2.84,919.0
2008-03-01,21.3,19.3,94,9.7,0.98,916.7
2008-03-02,22.9,19.1,94,13.0,1.73,917.3
2008-03-03,26.5,18.8,84,13.8,4.12,919.7
2008-03-04,27.3,18.8,84,12.9,4.15,920.4
2008-03-05,28.3,19.5,76,8.7,4.72,919.6
2008-03-06,29.0,18.6,79,6.4,4.86,919.4
2008-03-07,27.2,19.8,85,6.8,4.02,921.6
2008-03-08,26.5,19.4,85,6.8,3.71,923.3
2008-03-09,26.2,19.1,81,7.8,3.87,923.5
2008-03-10,26.8,18.6,83,6.5,3.92,922.3
2008-03-11,27.3,19.2,83,9.4,3.93,921.7
2008-03-12,27.3,18.5,85,11.5,3.85,922.1
2008-03-13,24.1,19.8,88,13.0,2.34,921.1
2008-03-14,26.5,18.9,89,10.7,2.58,920.0
2008-03-15,24.2,18.4,90,13.9,2.45,921.8
2008-03-16,24.8,18.8,88,9.0,2.52,924.2
2008-03-17,26.2,19.2,80,13.6,3.87,924.4
2008-03-18,25.2,17.9,77,11.4,3.94,924.5
2008-03-19,25.6,18.2,76,16.0,4.2,924.4
2008-03-20,25.7,17.8,76,11.6,4.15,924.4
2008-03-21,25.8,17.0,77,12.6,3.97,923.6
2008-03-22,26.2,16.6,75,8.7,4.24,922.8
2008-03-23,26.8,17.7,75,5.8,3.89,922.0
2008-03-24,27.2,18.0,79,9.4,4.2,922.5
2008-03-25,26.6,18.3,85,8.2,3.8,923.2
2008-03-26,24.1,18.0,89,7.9,2.67,922.7
2008-03-27,25.1,16.7,81,8.4,3.8,920.4
2008-03-28,25.3,16.4,84,8.1,3.23,919.7
2008-03-29,26.5,16.6,77,9.7,3.92,920.0
2008-03-30,25.2,17.7,76,15.3,4.0,921.5
2008-03-31,23.1,15.5,75,13.4,3.2,921.9
2008-04-01,24.7,14.3,74,8.2,3.62,920.8
2008-04-02,25.6,14.6,73,6.6,3.74,920.3
2008-04-03,27.2,15.7,71,7.7,4.09,919.3
2008-04-04,26.3,18.2,78,10.0,3.4,919.6
2008-04-05,20.3,18.9,96,9.0,0.64,920.1
2008-04-06,20.2,17.8,96,9.7,0.74,920.8
2008-04-07,25.7,18.6,90,9.5,2.57,921.4
2008-04-08,26.7,17.5,86,9.7,3.36,922.8
2008-04-09,26.9,18.1,82,8.3,3.4,923.4
2008-04-10,26.9,18.9,84,6.6,3.31,921.4
2008-04-11,27.3,18.0,84,9.5,3.63,919.2
2008-04-12,28.0,17.8,80,6.3,3.98,919.0
2008-04-13,27.7,17.3,80,9.2,3.97,919.5
2008-04-14,27.6,18.7,82,12.9,3.91,920.1
2008-04-15,25.8,17.7,86,10.2,3.18,921.5
2008-04-16,23.8,19.0,83,15.2,2.54,924.6
2008-04-17,25.5,17.7,82,7.7,3.12,925.1
2008-04-18,26.1,18.8,82,7.4,3.12,923.9
2008-04-19,23.8,17.0,80,12.3,2.6,923.1
2008-04-20,24.5,18.4,84,10.6,2.7,923.0
2008-04-21,25.2,18.5,82,10.9,3.17,923.4
2008-04-22,25.9,16.0,79,6.9,3.51,922.5
2008-04-23,25.5,18.6,84,13.7,3.23,920.9
2008-04-24,25.9,17.9,77,11.9,3.67,920.1
2008-04-25,26.5,18.1,70,13.7,3.54,919.7
2008-04-26,27.2,18.1,69,11.0,4.04,919.8
2008-04-27,26.6,15.4,72,11.1,3.68,920.4
2008-04-28,27.1,15.1,76,8.4,3.69,920.5
2008-04-29,27.6,15.8,75,8.9,3.79,920.6
2008-04-30,27.7,18.1,76,15.5,3.63,921.5
2008-05-01,17.7,15.6,92,14.8,0.86,923.6
2008-05-02,22.3,14.6,82,13.0,2.26,922.8
2008-05-03,25.3,14.2,81,12.2,3.24,921.5
2008-05-04,25.5,16.4,79,10.0,3.2,922.7
2008-05-05,24.5,16.3,86,14.3,2.8,922.1
2008-05-06,22.5,14.3,77,14.4,3.23,920.8
2008-05-07,23.0,11.4,65,6.3,3.57,921.5
2008-05-08,22.9,10.4,72,7.9,3.52,921.7
2008-05-09,24.1,12.6,68,9.7,3.36,921.9
2008-05-10,22.2,12.7,76,8.2,2.66,924.4
2008-05-11,21.6,12.9,77,10.3,2.55,925.9
2008-05-12,20.8,13.2,77,10.6,2.46,927.0
2008-05-13,19.3,12.9,78,9.8,1.95,926.7
2008-05-14,22.0,10.9,75,7.8,2.55,925.7
2008-05-15,23.5,11.4,77,5.9,2.95,925.3
2008-05-16,25.1,12.9,74,8.7,3.17,924.8
2008-05-17,23.6,14.4,79,9.2,2.37,926.2
2008-05-18,22.8,15.1,80,11.4,2.18,926.4
2008-05-19,24.6,12.6,78,6.4,3.14,924.7
2008-05-20,24.0,13.6,78,6.4,2.52,924.2
2008-05-21,24.4,14.6,76,5.7,2.83,923.3
2008-05-22,25.1,14.0,70,7.5,3.36,923.8
2008-05-23,25.1,13.2,72,4.7,3.27,923.0
2008-05-24,24.8,14.8,66,10.0,3.5,922.5
2008-05-25,24.6,13.5,61,8.3,3.39,921.3
2008-05-26,25.7,13.3,63,11.6,3.54,922.6
2008-05-27,25.2,13.3,71,7.1,2.91,923.4
2008-05-28,24.4,14.5,78,9.4,2.91,923.6
2008-05-29,25.2,12.7,70,7.9,3.33,923.1
2008-05-30,26.4,15.0,68,12.5,3.07,924.8
2008-05-31,19.4,14.8,81,14.8,1.71,927.9
2008-06-01,21.6,13.4,79,11.8,2.11,927.8
2008-06-02,20.0,13.4,80,10.7,1.72,927.3
2008-06-03,20.9,13.2,78,10.1,1.88,926.4
2008-06-04,23.6,13.7,76,10.5,2.67,925.3
2008-06-05,24.7,13.0,75,6.2,2.83,926.1
2008-06-06,24.6,13.0,75,8.1,3.04,926.6
2008-06-07,24.9,12.1,72,8.3,3.24,926.1
2008-06-08,24.3,12.2,71,11.3,3.24,926.1
2008-06-09,24.6,13.7,73,9.4,2.9,925.7
2008-06-10,25.6,15.8,65,13.7,3.29,924.2
2008-06-11,25.2,13.8,70,7.9,2.63,924.7
2008-06-12,23.9,13.7,71,8.7,2.99,925.9
2008-06-13,24.3,11.6,72,7.2,3.08,924.5
2008-06-14,24.2,11.2,66,9.4,3.26,922.7
2008-06-15,24.7,14.2,54,13.6,3.46,923.5
2008-06-16,24.9,14.3,63,12.5,2.54,925.0
2008-06-17,20.0,13.3,78,11.8,1.73,925.9
2008-06-18,22.6,13.3,74,6.0,2.31,924.7
2008-06-19,23.5,11.7,72,8.6,2.83,924.0
2008-06-20,24.0,11.9,65,11.4,3.26,923.5
2008-06-21,25.0,14.0,60,11.3,3.26,922.3
2008-06-22,25.9,15.5,64,6.4,2.83,923.0
2008-06-23,22.5,14.8,81,11.0,1.99,926.2
2008-06-24,20.2,15.1,83,9.2,1.31,927.7
2008-06-25,21.1,14.0,83,11.0,1.94,926.7
2008-06-26,19.4,13.5,77,15.0,1.99,927.5
2008-06-27,19.8,11.9,77,13.2,2.01,928.7
2008-06-28,21.3,9.9,77,10.4,2.66,928.8
2008-06-29,21.7,12.0,72,10.5,2.49,928.0
2008-06-30,23.2,11.1,68,6.2,2.95,927.2
2008-07-01,22.9,11.9,72,7.6,2.7,927.6
2008-07-02,22.4,13.0,76,8.3,2.29,928.1
2008-07-03,21.1,14.6,80,8.6,2.09,926.7
2008-07-04,22.8,12.2,74,8.6,2.78,924.8
2008-07-05,22.4,11.3,73,8.8,2.77,926.4
2008-07-06,22.4,11.0,70,8.7,3.01,927.6
2008-07-07,22.1,8.5,69,7.9,3.13,927.7
2008-07-08,21.4,7.9,73,7.7,2.97,926.5
2008-07-09,20.6,7.5,71,10.8,3.04,926.7
2008-07-10,20.3,10.5,72,14.4,2.14,928.9
2008-07-11,22.3,13.0,70,15.7,2.92,930.8
2008-07-12,20.9,11.3,69,17.5,3.0,929.4
2008-07-13,20.7,9.5,70,10.1,3.07,927.8
2008-07-14,21.6,7.3,71,9.5,3.16,927.4
2008-07-15,21.5,7.7,70,10.6,3.16,929.0
2008-07-16,20.9,7.6,72,8.8,2.96,928.6
2008-07-17,21.8,7.6,67,7.2,3.18,925.5
2008-07-18,23.5,9.9,58,11.7,3.48,924.7
2008-07-19,25.6,10.3,53,6.5,3.25,925.1
2008-07-20,25.4,10.8,59,6.6,3.34,925.9
2008-07-21,23.5,12.0,64,12.1,3.49,926.3
2008-07-22,23.5,10.2,63,11.5,3.43,925.8
2008-07-23,25.6,12.1,55,6.8,3.43,924.6
2008-07-24,26.9,11.8,55,6.3,3.54,924.5
2008-07-25,27.1,12.8,53,9.1,3.86,924.5
2008-07-26,24.4,14.0,73,13.7,2.87,926.9
2008-07-27,23.1,14.1,69,12.4,3.2,928.4
2008-07-28,23.6,10.3,65,8.1,3.47,927.9
2008-07-29,24.1,8.8,60,8.8,3.77,926.2
2008-07-30,24.2,8.9,57,9.3,3.72,924.2
2008-07-31,25.1,10.6,61,8.6,3.59,924.2
2008-08-01,25.0,11.4,61,11.3,3.81,923.9
2008-08-02,25.9,11.9,60,15.3,4.07,921.9
2008-08-03,28.1,17.3,47,19.5,4.75,921.0
2008-08-04,26.5,14.0,66,6.8,2.95,922.5
2008-08-05,24.0,17.1,77,9.2,1.9,925.4
2008-08-06,26.4,15.2,73,11.0,3.29,925.2
2008-08-07,26.2,15.9,67,12.2,3.79,924.8
2008-08-08,27.8,14.3,61,7.3,3.72,924.4
2008-08-09,26.2,16.9,65,12.7,3.42,925.6
2008-08-10,27.5,14.0,64,12.8,4.07,925.3
2008-08-11,24.9,15.8,67,14.2,3.25,925.9
2008-08-12,25.4,14.5,65,11.5,3.83,925.8
2008-08-13,26.3,12.5,60,11.1,4.22,926.0
2008-08-14,24.4,13.0,61,13.4,3.98,927.3
2008-08-15,25.2,12.7,61,13.6,4.14,927.0
2008-08-16,25.9,15.0,66,13.5,3.9,926.1
2008-08-17,25.1,13.7,60,10.9,4.07,925.7
2008-08-18,24.6,13.0,62,11.0,3.99,926.2
2008-08-19,24.8,11.9,61,11.2,4.24,926.4
2008-08-20,24.1,11.4,63,11.6,3.94,925.5
2008-08-21,25.1,11.5,61,11.0,4.15,924.9
2008-08-22,26.7,11.6,52,9.1,4.54,924.5
2008-08-23,24.2,12.7,59,16.3,3.65,926.5
2008-08-24,23.6,16.1,67,11.9,3.04,927.8
2008-08-25,25.9,13.7,62,9.5,3.97,926.3
2008-08-26,27.5,13.8,53,6.4,3.66,924.1
2008-08-27,28.5,12.8,51,7.8,4.5,922.5
2008-08-28,27.9,14.6,56,8.3,4.53,922.2
2008-08-29,29.7,13.1,52,8.3,4.77,921.8
2008-08-30,26.4,16.3,65,17.4,4.06,923.1
2008-08-31,21.9,13.5,75,14.3,2.9,924.8
2008-09-01,24.3,12.4,65,9.5,4.3,925.4
2008-09-02,26.0,10.5,55,8.8,4.77,923.8
2008-09-03,27.7,10.8,48,8.0,4.88,923.4
2008-09-04,29.5,12.3,48,7.1,4.82,923.0
2008-09-05,29.9,13.4,47,12.5,5.59,922.6
2008-09-06,31.3,13.9,46,9.1,5.38,923.3
2008-09-07,32.3,15.3,44,8.4,5.3,924.7
2008-09-08,29.5,17.5,54,13.4,5.04,926.7
2008-09-09,28.2,17.7,63,16.5,4.93,927.6
2008-09-10,28.1,16.3,59,12.5,4.88,927.7
2008-09-11,28.8,15.7,53,12.5,5.27,926.6
2008-09-12,30.7,14.3,49,8.9,5.51,924.6
2008-09-13,31.8,15.3,42,10.9,5.83,923.0
2008-09-14,31.2,18.2,46,13.2,5.53,923.6
2008-09-15,29.2,18.3,66,14.5,4.46,925.2
2008-09-16,27.7,17.2,73,12.1,3.61,925.8
2008-09-17,21.9,14.2,86,11.8,2.16,924.7
2008-09-18,16.5,13.5,89,13.0,1.19,924.6
2008-09-19,17.3,12.5,78,14.8,2.03,926.4
2008-09-20,23.2,12.9,71,12.8,3.67,925.8
2008-09-21,21.4,14.4,82,18.5,1.94,923.3
2008-09-22,23.7,16.2,71,16.8,4.29,921.8
2008-09-23,25.1,13.3,57,10.5,5.11,920.8
2008-09-24,23.6,12.9,66,12.7,4.07,923.7
2008-09-25,22.1,14.3,74,13.8,2.8,925.7
2008-09-26,21.6,15.7,85,11.6,2.54,924.0
2008-09-27,21.1,15.2,90,12.7,1.85,921.2
2008-09-28,24.0,13.6,75,14.0,3.92,922.3
2008-09-29,23.8,13.4,72,11.8,4.11,924.6
2008-09-30,25.8,14.2,72,13.1,4.12,924.3
2008-10-01,28.6,16.8,68,12.6,4.88,921.5
2008-10-02,26.6,17.9,79,11.4,3.39,921.5
2008-10-03,26.8,18.1,76,9.3,3.22,922.0
2008-10-04,29.1,19.8,68,14.9,5.08,922.7
2008-10-05,31.8,16.8,57,14.4,5.96,921.0
2008-10-06,29.4,19.0,62,13.8,5.51,924.4
2008-10-07,27.2,19.3,69,15.3,4.39,927.5
2008-10-08,24.4,16.6,78,18.1,3.26,927.5
2008-10-09,19.3,14.8,75,21.1,2.64,928.0
2008-10-10,22.1,13.4,72,16.1,3.43,926.6
2008-10-11,22.6,15.5,69,17.6,3.45,926.0
2008-10-12,25.0,15.1,69,20.1,4.2,926.1
2008-10-13,26.7,18.1,68,15.8,4.55,925.6
2008-10-14,28.5,17.1,62,11.4,5.37,924.0
2008-10-15,30.4,17.1,55,9.1,5.61,923.8
2008-10-16,31.9,17.9,51,7.6,5.75,923.6
2008-10-17,31.5,20.4,65,13.6,5.34,923.4
2008-10-18,31.3,20.1,67,16.6,5.55,922.4
2008-10-19,29.9,18.5,73,13.0,4.87,924.1
2008-10-20,23.3,17.9,86,13.0,2.25,927.0
2008-10-21,25.3,17.6,74,17.2,3.67,926.8
2008-10-22,26.3,17.7,66,14.5,4.54,926.0
2008-10-23,28.3,16.7,62,14.5,5.52,924.7
2008-10-24,29.3,17.1,56,12.6,6.08,924.7
2008-10-25,31.1,16.9,48,9.4,6.64,923.7
2008-10-26,32.2,18.3,45,11.1,6.49,922.9
2008-10-27,34.1,17.9,43,8.7,6.6,921.3
2008-10-28,31.8,20.9,58,13.8,5.77,921.6
2008-10-29,30.5,20.0,63,16.3,5.46,921.8
2008-10-30,31.1,20.0,59,12.5,5.01,922.6
2008-10-31,31.0,20.0,68,12.8,4.97,922.9
2008-11-01,26.4,19.5,79,14.4,3.47,923.7
2008-11-02,29.5,18.4,65,13.9,5.49,924.1
2008-11-03,32.7,20.1,59,12.4,5.89,923.3
2008-11-04,31.7,21.6,62,11.3,5.57,922.3
2008-11-05,29.9,20.7,71,11.6,4.69,921.9
2008-11-06,32.7,20.6,61,17.7,6.17,920.0
2008-11-07,28.1,20.2,79,9.4,3.75,920.6
2008-11-08,27.4,19.9,78,12.5,4.31,920.1
2008-11-09,29.2,18.4,78,9.2,4.76,920.2
2008-11-10,27.1,19.4,84,8.2,3.31,920.3
2008-11-11,25.8,19.2,85,12.4,3.26,920.3
2008-11-12,26.2,17.7,79,10.2,4.07,919.2
2008-11-13,26.7,19.1,85,14.7,3.36,918.4
2008-11-14,23.7,19.2,92,14.0,1.73,918.5
2008-11-15,27.8,18.6,84,11.8,4.54,918.0
2008-11-16,27.1,17.9,82,8.7,4.43,919.0
2008-11-17,26.5,19.6,82,10.7,3.68,920.8
2008-11-18,23.0,18.8,85,6.8,2.28,921.0
2008-11-19,23.9,17.3,83,16.4,3.62,920.9
2008-11-20,22.7,15.4,76,17.2,3.85,922.4
2008-11-21,20.9,15.3,77,14.4,2.8,924.5
2008-11-22,21.5,15.9,84,13.7,2.31,925.4
2008-11-23,22.2,15.3,82,13.8,2.75,923.9
2008-11-24,23.7,16.9,81,13.6,3.52,922.7
2008-11-25,24.6,16.9,80,13.0,4.15,922.8
2008-11-26,25.3,17.7,75,11.4,4.16,923.2
2008-11-27,22.0,17.4,89,10.9,1.82,922.7
2008-11-28,24.9,16.4,85,8.7,3.78,921.2
2008-11-29,24.6,17.7,86,9.8,3.47,920.7
2008-11-30,25.7,17.5,83,7.1,3.93,920.1
2008-12-01,26.1,18.3,83,8.9,3.94,919.6
2008-12-02,28.4,18.4,77,9.5,5.29,917.4
2008-12-03,26.2,19.5,88,15.5,3.38,914.1
2008-12-04,26.8,17.5,72,9.4,5.06,917.9
2008-12-05,24.8,17.3,76,13.0,4.14,922.5
2008-12-06,24.2,17.8,77,13.7,3.55,924.4
2008-12-07,25.3,18.4,76,13.0,4.03,925.6
2008-12-08,26.3,18.0,77,10.9,4.21,925.6
2008-12-09,27.3,16.5,74,6.1,5.09,923.5
2008-12-10,27.5,16.9,70,7.4,5.35,920.5
2008-12-11,28.1,18.7,72,13.6,4.64,919.8
2008-12-12,27.5,19.3,79,11.2,3.62,920.4
2008-12-13,22.9,17.6,91,8.9,1.56,921.0
2008-12-14,23.7,17.6,89,10.5,2.26,920.9
2008-12-15,22.6,18.9,95,10.0,1.31,917.7
2008-12-16,22.5,18.8,95,15.9,1.2,916.0
2008-12-17,22.0,19.3,93,15.5,1.38,918.2
2008-12-18,23.6,18.6,93,8.1,1.77,920.9
2008-12-19,24.5,18.6,89,10.0,2.84,920.9
2008-12-20,26.2,17.9,76,12.6,4.71,920.4
2008-12-21,25.4,18.4,82,13.5,3.93,921.0
2008-12-22,24.4,18.7,83,13.7,3.65,922.1
2008-12-23,24.1,18.8,89,9.2,2.52,922.3
2008-12-24,25.4,18.0,85,11.2,3.74,919.5
2008-12-25,25.2,19.0,89,16.3,3.28,917.2
2008-12-26,22.6,18.7,94,10.0,1.51,916.8
2008-12-27,22.7,19.3,95,10.8,1.23,918.9
2008-12-28,23.4,19.5,94,8.5,1.63,920.4
2008-12-29,24.9,19.3,91,13.5,2.19,921.1
2008-12-30,26.8,18.3,84,8.2,4.14,921.1
2008-12-31,27.9,19.1,77,9.6,4.75,921.8
2009-01-01,27.1,19.0,85,11.9,3.61,920.7
2009-01-02,27.7,18.7,84,12.9,4.04,918.8
2009-01-03,25.9,19.7,89,17.8,3.02,916.8
2009-01-04,26.5,19.3,91,18.6,2.87,916.5
2009-01-05,21.4,18.4,94,7.4,1.42,918.3
2009-01-06,24.0,18.0,91,7.7,1.82,919.3
2009-01-07,25.5,16.9,86,8.4,3.71,920.8
2009-01-08,26.6,17.7,84,7.6,4.37,922.2
2009-01-09,25.5,19.2,85,11.2,3.94,924.6
2009-01-10,26.6,19.2,74,14.7,5.28,926.4
2009-01-11,26.6,18.6,71,13.5,5.56,926.0
2009-01-12,27.1,18.2,78,14.9,4.86,924.7
2009-01-13,27.6,19.8,78,10.6,4.85,923.8
2009-01-14,28.3,18.3,74,10.0,5.34,922.6
2009-01-15,27.2,19.0,75,12.0,3.92,921.0
2009-01-16,28.0,20.2,76,11.0,4.03,921.8
2009-01-17,26.2,19.2,86,15.1,3.21,922.0
2009-01-18,26.7,19.2,89,13.3,2.6,922.3
2009-01-19,26.9,19.8,88,9.5,3.55,921.2
2009-01-20,25.2,19.8,90,12.3,3.1,920.2
2009-01-21,25.2,19.6,91,9.6,2.59,920.8
2009-01-22,24.3,19.1,91,14.8,1.8,921.9
2009-01-23,19.9,17.4,92,14.5,1.0,922.6
2009-01-24,24.8,17.0,79,14.8,3.73,921.9
2009-01-25,24.9,18.9,87,11.8,2.48,921.7
2009-01-26,24.3,19.0,88,12.0,2.76,922.7
2009-01-27,23.6,19.4,94,9.7,1.81,923.4
2009-01-28,26.7,19.7,88,9.4,3.27,922.7
2009-01-29,27.5,18.8,74,10.3,5.23,922.7
2009-01-30,28.9,17.5,73,8.9,5.45,921.7
2009-01-31,28.8,18.3,77,10.6,5.32,921.1
2009-02-01,28.2,18.9,82,8.4,4.61,921.0
2009-02-02,26.8,18.8,86,9.4,4.13,922.2
2009-02-03,26.8,19.7,76,12.1,3.98,923.8
2009-02-04,27.1,19.6,78,11.5,4.51,923.5
2009-02-05,28.2,18.9,78,10.5,4.81,922.3
2009-02-06,28.5,19.9,81,10.6,4.7,922.7
2009-02-07,27.9,20.3,85,9.7,4.35,922.5
2009-02-08,27.6,19.9,85,10.3,3.97,921.9
2009-02-09,26.4,19.5,86,11.0,3.68,921.2
2009-02-10,27.4,19.9,86,7.7,3.81,922.4
2009-02-11,28.5,20.4,83,12.0,4.06,922.4
2009-02-12,27.6,20.0,84,12.5,4.07,919.2
2009-02-13,24.5,19.8,90,10.1,1.99,918.3
2009-02-14,23.0,19.3,93,11.8,1.54,920.2
2009-02-15,25.8,19.3,77,14.8,3.48,921.8
2009-02-16,26.8,18.5,72,16.6,5.38,922.7
2009-02-17,26.1,18.1,75,12.8,4.61,923.3
2009-02-18,25.9,18.4,76,13.6,4.16,923.4
2009-02-19,26.2,17.7,75,12.3,4.65,923.5
2009-02-20,26.3,18.3,77,8.5,4.35,921.8
2009-02-21,27.2,17.8,77,5.8,4.43,920.5
2009-02-22,28.1,19.2,82,6.3,4.69,921.9
2009-02-23,28.1,19.2,81,9.5,4.45,921.7
2009-02-24,28.4,18.6,79,10.0,4.93,921.1
2009-02-25,27.7,19.0,83,6.2,4.48,922.5
2009-02-26,27.5,19.4,78,13.5,4.7,922.6
2009-02-27,27.6,20.2,74,12.5,4.2,922.6
2009-02-28,28.7,17.2,72,9.2,5.5,922.8
2009-03-01,28.7,16.8,71,7.9,5.4,923.4
2009-03-02,29.7,16.7,71,6.8,5.76,923.0
2009-03-03,29.8,17.6,68,5.8,5.39,922.2
2009-03-04,28.8,19.4,76,10.9,4.45,921.5
2009-03-05,28.9,20.3,77,8.2,4.31,920.6
2009-03-06,30.1,20.0,79,6.2,4.75,920.5
2009-03-07,28.0,20.3,84,8.5,3.96,921.9
2009-03-08,26.6,20.1,86,10.9,3.23,922.4
2009-03-09,27.5,19.9,80,13.3,4.04,922.1
2009-03-10,27.2,18.6,74,8.7,4.39,921.8
2009-03-11,27.9,18.8,73,13.2,4.7,921.9
2009-03-12,28.4,17.8,72,9.5,4.94,920.8
2009-03-13,28.6,17.6,70,13.5,4.95,919.6
2009-03-14,29.0,20.7,77,15.5,4.39,919.8
2009-03-15,28.8,19.9,82,12.3,4.34,921.2
2009-03-16,26.7,19.6,85,10.2,3.46,921.7
2009-03-17,26.3,19.5,82,12.4,3.09,924.2
2009-03-18,27.3,17.9,82,10.0,3.86,923.6
2009-03-19,26.9,19.4,73,14.7,4.81,923.5
2009-03-20,27.3,16.4,71,11.0,4.96,923.0
2009-03-21,26.8,18.3,81,9.4,3.93,921.5
2009-03-22,26.4,19.0,85,10.7,3.17,920.0
2009-03-23,25.5,19.0,87,7.6,2.33,919.7
2009-03-24,21.4,19.1,96,6.7,0.84,919.9
2009-03-25,22.6,18.7,93,10.3,1.48,919.5
2009-03-26,22.2,17.6,88,10.6,2.16,920.0
2009-03-27,22.7,18.9,92,8.5,1.41,920.6
2009-03-28,23.6,18.5,96,12.0,1.47,919.0
2009-03-29,24.3,19.0,94,15.3,1.63,918.5
2009-03-30,23.2,18.9,95,6.4,1.24,918.7
2009-03-31,24.9,19.0,94,9.5,1.39,918.0
2009-04-01,26.7,20.0,87,8.7,2.96,919.0
2009-04-02,25.7,18.9,87,13.9,2.9,921.0
2009-04-03,23.9,17.8,81,15.8,2.83,922.4
2009-04-04,24.7,18.2,81,9.4,2.46,922.8
2009-04-05,26.1,18.2,82,8.0,3.45,921.7
2009-04-06,27.1,17.8,82,10.0,3.54,921.5
2009-04-07,23.7,19.2,92,10.2,1.93,921.4
2009-04-08,23.7,19.0,92,9.4,1.66,920.5
2009-04-09,24.7,17.8,82,8.0,3.29,921.4
2009-04-10,26.3,16.1,79,8.0,3.82,920.7
2009-04-11,24.7,17.9,84,12.8,2.87,922.6
2009-04-12,24.3,19.0,87,11.0,2.24,924.8
2009-04-13,24.9,18.8,83,10.9,2.89,925.7
2009-04-14,25.1,17.4,87,6.8,2.81,925.0
2009-04-15,24.7,17.8,88,8.8,2.55,924.6
2009-04-16,23.4,16.9,81,14.8,3.02,926.1
2009-04-17,23.4,15.9,77,11.4,3.24,926.0
2009-04-18,23.5,14.2,78,7.2,2.89,924.7
2009-04-19,24.5,13.2,74,7.1,3.82,923.7
2009-04-20,25.4,14.5,70,6.1,4.07,924.1
2009-04-21,24.9,16.0,70,8.7,3.88,925.7
2009-04-22,23.1,15.5,79,13.1,2.86,924.5
2009-04-23,24.4,14.2,76,10.5,3.55,921.4
2009-04-24,24.7,15.2,76,10.4,3.36,921.2
2009-04-25,25.5,14.6,79,7.7,3.33,921.8
2009-04-26,25.4,15.5,79,11.4,3.25,922.3
2009-04-27,26.0,16.8,75,7.4,3.55,922.1
2009-04-28,24.8,15.5,76,10.9,3.2,922.8
2009-04-29,24.2,14.4,79,7.4,3.05,922.9
2009-04-30,25.0,14.4,80,9.0,3.15,922.9
2009-05-01,23.4,16.0,82,10.4,2.67,924.0
2009-05-02,22.3,14.9,82,10.0,2.49,924.2
2009-05-03,21.4,15.4,83,10.2,2.28,923.9
2009-05-04,22.9,14.1,80,10.5,2.78,923.7
2009-05-05,23.9,13.6,83,9.9,3.07,924.4
2009-05-06,24.1,15.7,78,14.7,3.09,923.2
2009-05-07,25.7,15.4,72,6.5,3.58,923.4
2009-05-08,25.0,14.5,77,8.2,3.13,924.2
2009-05-09,23.8,14.7,80,7.1,2.72,924.1
2009-05-10,25.3,14.8,81,5.6,3.15,923.5
2009-05-11,24.7,15.1,83,5.1,3.01,922.8
2009-05-12,25.2,14.4,78,6.4,3.1,922.5
2009-05-13,24.8,15.4,75,7.9,3.14,922.2
2009-05-14,25.2,14.6,73,13.8,3.42,921.3
2009-05-15,24.6,18.1,74,19.2,2.75,919.8
2009-05-16,23.6,16.9,81,9.4,2.48,921.7
2009-05-17,21.1,15.7,83,11.5,1.83,925.1
2009-05-18,23.4,14.9,76,8.6,2.63,926.8
2009-05-19,22.8,11.8,77,7.2,2.94,925.5
2009-05-20,22.0,12.1,75,15.0,3.11,926.2
2009-05-21,22.2,10.6,77,14.4,2.99,926.1
2009-05-22,21.6,11.8,79,12.4,2.81,926.9
2009-05-23,22.5,11.1,78,10.0,2.96,927.3
2009-05-24,23.4,11.7,78,6.7,2.91,925.2
2009-05-25,24.1,11.7,73,7.4,3.27,923.2
2009-05-26,25.1,12.9,72,8.4,3.19,923.0
2009-05-27,25.7,14.8,76,7.2,2.94,923.4
2009-05-28,26.1,14.4,73,9.0,3.37,924.3
2009-05-29,25.4,13.3,77,9.9,3.11,925.0
2009-05-30,22.8,16.1,82,10.3,2.11,925.2
2009-05-31,24.2,14.7,81,15.3,2.69,922.7
2009-06-01,23.5,16.0,87,16.1,1.98,920.5
2009-06-02,20.9,12.8,69,13.5,3.09,921.8
2009-06-03,21.0,8.7,65,7.6,3.01,923.9
2009-06-04,18.7,10.1,81,12.8,1.83,926.2
2009-06-05,23.6,13.4,81,13.0,2.59,926.7
2009-06-06,25.5,15.6,72,9.8,3.17,925.9
2009-06-07,22.0,14.8,77,11.1,2.33,926.8
2009-06-08,19.2,13.6,78,13.3,2.03,927.5
2009-06-09,22.0,11.4,76,8.3,2.51,926.4
2009-06-10,24.2,11.4,71,10.7,3.05,926.0
2009-06-11,25.0,13.0,74,10.0,2.94,925.9
2009-06-12,24.0,15.0,79,9.8,2.59,925.2
2009-06-13,18.9,13.6,90,8.3,1.47,924.4
2009-06-14,19.4,10.7,83,7.5,1.97,924.4
2009-06-15,21.4,12.2,81,7.0,2.14,924.9
2009-06-16,23.4,11.0,77,13.4,2.94,923.4
2009-06-17,22.8,16.6,73,16.9,2.51,922.6
2009-06-18,24.0,14.3,73,10.7,2.99,923.8
2009-06-19,23.7,11.2,78,7.9,2.55,924.7
2009-06-20,23.0,16.2,77,7.0,2.51,926.5
2009-06-21,21.9,14.1,74,6.9,2.34,925.8
2009-06-22,21.3,12.4,74,6.8,2.27,924.0
2009-06-23,22.6,11.9,63,11.0,2.93,924.4
2009-06-24,24.3,12.3,63,10.0,3.18,924.9
2009-06-25,24.4,12.3,72,12.3,2.81,925.2
2009-06-26,24.2,15.0,77,6.2,2.33,926.5
2009-06-27,21.9,15.5,88,9.2,1.7,927.8
2009-06-28,21.8,14.1,86,11.3,1.96,926.2
2009-06-29,23.0,11.2,80,7.0,2.54,924.5
2009-06-30,23.7,11.2,71,9.2,3.1,923.6
2009-07-01,25.2,14.0,64,8.4,3.01,923.3
2009-07-02,25.5,14.1,66,10.0,3.0,924.0
2009-07-03,25.5,13.3,70,8.3,2.96,924.2
2009-07-04,23.7,13.8,77,7.8,2.56,925.3
2009-07-05,22.1,14.4,80,13.0,2.33,927.6
2009-07-06,20.5,14.7,82,11.6,1.74,928.5
2009-07-07,21.4,13.9,81,8.4,2.12,927.6
2009-07-08,22.8,11.5,77,11.8,2.69,926.7
2009-07-09,23.5,13.1,73,11.7,2.84,926.2
2009-07-10,24.5,12.9,74,12.3,3.05,924.2
2009-07-11,25.3,13.7,68,20.9,3.37,921.9
2009-07-12,21.4,14.3,71,18.2,2.2,922.8
2009-07-13,24.9,9.9,73,6.4,3.14,926.0
2009-07-14,24.9,14.0,75,7.1,3.0,927.1
2009-07-15,21.6,13.6,74,15.1,2.34,927.7
2009-07-16,22.0,11.5,74,12.8,2.96,928.5
2009-07-17,23.4,11.3,75,11.0,2.98,928.4
2009-07-18,23.9,11.0,70,6.2,3.15,926.3
2009-07-19,24.5,14.8,65,10.2,2.84,923.2
2009-07-20,21.8,14.1,79,7.6,2.1,923.7
2009-07-21,22.9,14.3,77,10.5,2.26,924.4
2009-07-22,25.9,13.6,73,10.5,3.19,924.0
2009-07-23,26.9,13.4,71,8.4,3.39,922.7
2009-07-24,28.0,14.6,68,9.7,3.47,923.2
2009-07-25,25.8,16.3,75,15.9,2.92,926.0
2009-07-26,25.8,15.7,72,8.7,3.19,926.8
2009-07-27,27.5,14.3,70,6.9,3.47,925.7
2009-07-28,26.9,13.8,59,11.1,3.93,924.5
2009-07-29,28.0,12.2,56,10.2,4.06,924.4
2009-07-30,28.3,13.5,58,7.4,3.97,925.4
2009-07-31,24.0,15.5,66,16.9,3.56,927.7
2009-08-01,24.5,12.2,68,12.3,3.36,927.3
2009-08-02,25.9,13.1,70,11.6,3.5,926.8
2009-08-03,27.2,13.8,66,9.7,3.48,926.4
2009-08-04,28.0,14.1,63,8.6,3.72,926.2
2009-08-05,24.4,15.6,68,14.2,3.26,926.1
2009-08-06,26.6,12.7,62,7.2,3.87,925.6
2009-08-07,28.1,13.5,52,13.9,4.33,926.5
2009-08-08,25.5,13.3,56,15.0,4.32,927.9
2009-08-09,24.9,11.2,63,8.7,3.9,925.7
2009-08-10,26.8,12.3,54,13.9,4.31,924.3
2009-08-11,25.0,14.0,60,17.1,3.81,926.0
2009-08-12,23.2,14.6,69,12.7,3.0,929.0
2009-08-13,23.4,13.7,68,11.4,3.31,928.8
2009-08-14,23.6,11.1,68,13.3,3.38,926.3
2009-08-15,23.2,13.8,69,17.8,3.28,926.0
2009-08-16,22.4,14.3,72,17.6,2.7,926.7
2009-08-17,24.9,14.4,63,17.8,3.94,925.2
2009-08-18,25.2,13.1,63,10.9,3.6,922.8
2009-08-19,27.8,13.2,60,11.4,4.04,921.0
2009-08-20,28.9,14.6,61,14.9,4.05,920.6
2009-08-21,26.4,15.9,68,15.3,3.28,921.0
2009-08-22,18.9,13.5,73,16.1,2.29,924.1
2009-08-23,21.4,14.3,72,17.4,2.7,925.3
2009-08-24,23.0,15.2,78,13.0,2.27,925.3
2009-08-25,23.8,16.3,83,10.2,2.42,925.6
2009-08-26,19.8,15.6,86,16.6,1.44,926.7
2009-08-27,20.5,14.6,83,9.5,1.84,927.6
2009-08-28,23.1,13.3,79,9.8,3.17,926.8
2009-08-29,24.2,13.8,76,13.0,3.38,926.7
2009-08-30,23.9,13.0,71,12.1,3.94,926.2
2009-08-31,23.6,12.1,68,13.5,4.01,925.5
2009-09-01,26.6,13.0,65,9.7,3.98,925.2
2009-09-02,27.4,15.0,66,6.7,3.79,924.7
2009-09-03,28.0,16.5,67,8.9,4.18,924.1
2009-09-04,29.1,17.6,67,12.0,3.98,923.9
2009-09-05,27.4,18.5,75,7.5,3.54,923.9
2009-09-06,26.9,18.4,83,11.2,3.06,924.2
2009-09-07,26.8,18.3,82,12.4,3.77,923.1
2009-09-08,27.3,16.2,76,10.3,4.17,922.9
2009-09-09,26.1,17.9,69,14.7,4.13,925.6
2009-09-10,24.3,16.2,66,16.9,3.91,928.6
2009-09-11,24.8,15.1,68,15.8,3.78,929.1
2009-09-12,25.5,15.0,68,12.8,4.26,926.6
2009-09-13,26.7,13.9,67,8.7,4.1,925.1
2009-09-14,28.1,15.1,61,10.2,4.3,925.0
2009-09-15,26.2,17.9,67,11.9,4.17,925.9
2009-09-16,26.1,17.2,70,10.6,3.7,924.9
2009-09-17,27.5,16.6,66,11.4,4.19,923.0
2009-09-18,28.2,17.3,63,13.5,4.36,922.1
2009-09-19,30.1,18.4,58,10.5,4.48,922.8
2009-09-20,30.6,18.4,68,11.9,4.61,923.2
2009-09-21,27.6,19.1,84,15.1,3.53,922.9
2009-09-22,23.1,18.8,91,11.8,1.38,922.5
2009-09-23,23.2,18.2,93,16.1,1.99,921.2
2009-09-24,25.7,17.8,88,14.5,3.4,922.0
2009-09-25,21.6,15.6,81,12.0,2.41,924.5
2009-09-26,24.3,17.0,74,13.6,3.38,925.4
2009-09-27,26.2,14.4,75,10.5,4.73,924.3
2009-09-28,28.7,14.8,65,13.3,5.15,924.2
2009-09-29,29.4,19.2,63,11.1,4.54,924.2
2009-09-30,20.8,16.9,85,15.5,1.97,926.0
2009-10-01,20.4,15.1,80,11.4,2.3,926.3
2009-10-02,27.4,15.6,75,7.3,4.66,924.9
2009-10-03,28.1,17.7,77,6.9,4.13,924.8
2009-10-04,25.6,18.2,83,9.7,3.4,924.4
2009-10-05,24.7,18.1,78,12.8,3.34,923.8
2009-10-06,27.1,16.3,77,8.1,4.47,924.1
2009-10-07,28.1,18.1,74,11.0,4.68,924.2
2009-10-08,22.9,18.5,87,11.0,2.3,923.1
2009-10-09,22.7,16.6,79,12.5,2.58,921.9
2009-10-10,22.5,14.6,75,11.8,3.1,921.9
2009-10-11,23.9,15.7,81,12.0,3.52,921.3
2009-10-12,26.8,15.9,72,10.3,4.63,920.8
2009-10-13,28.1,16.7,70,6.8,4.78,920.6
2009-10-14,27.5,19.6,74,13.6,4.32,921.5
2009-10-15,28.4,17.9,74,10.6,4.65,921.0
2009-10-16,28.5,18.1,80,9.4,4.63,922.2
2009-10-17,25.6,19.3,86,10.5,3.04,923.0
2009-10-18,27.8,19.3,81,10.5,4.22,921.3
2009-10-19,27.7,19.6,82,9.7,4.15,919.8
2009-10-20,27.4,19.4,83,12.9,3.82,920.2
2009-10-21,27.2,19.5,84,7.5,3.76,920.7
2009-10-22,25.4,18.7,90,10.8,2.67,919.2
2009-10-23,27.2,19.7,86,6.3,4.04,918.9
2009-10-24,27.6,18.8,78,9.1,4.27,919.5
2009-10-25,28.1,18.0,75,8.6,4.67,919.1
2009-10-26,28.2,20.1,71,11.2,4.32,920.1
2009-10-27,25.0,19.4,87,11.3,2.87,920.5
2009-10-28,21.8,18.8,91,16.2,2.01,920.8
2009-10-29,20.3,17.6,87,13.8,1.83,919.4
2009-10-30,21.6,16.9,85,16.8,1.86,917.9
2009-10-31,25.1,18.3,83,15.0,3.22,919.6
2009-11-01,26.4,17.7,81,8.4,3.97,920.1
2009-11-02,26.4,18.4,83,10.0,4.16,921.3
2009-11-03,26.8,19.4,85,9.8,3.88,920.9
2009-11-04,26.8,18.5,81,12.0,4.1,921.8
2009-11-05,27.7,18.5,71,12.2,5.28,923.5
2009-11-06,27.3,17.0,71,9.0,5.09,922.4
2009-11-07,27.2,17.6,73,10.2,4.75,920.7
2009-11-08,27.9,19.2,74,14.0,4.66,920.0
2009-11-09,26.3,18.9,85,12.0,3.57,920.1
2009-11-10,25.3,19.4,89,7.2,2.63,920.6
2009-11-11,25.9,19.5,90,13.4,2.7,920.1
2009-11-12,26.6,18.9,89,9.9,2.94,919.4
2009-11-13,26.8,20.0,80,12.6,4.08,920.8
2009-11-14,27.6,18.5,71,11.3,5.57,922.0
2009-11-15,29.0,17.3,68,6.9,5.1,920.3
2009-11-16,29.8,19.9,78,11.4,5.3,919.5
2009-11-17,26.4,19.9,77,15.1,4.4,921.9
2009-11-18,25.9,18.7,72,12.4,4.17,922.9
2009-11-19,27.2,15.8,74,13.4,4.95,922.6
2009-11-20,27.5,18.8,72,9.4,4.88,923.0
2009-11-21,28.6,17.1,68,12.3,5.57,923.7
2009-11-22,29.2,16.9,66,8.1,5.95,923.0
2009-11-23,29.7,17.2,62,8.9,5.62,920.2
2009-11-24,29.1,18.8,67,8.4,5.23,919.8
2009-11-25,29.2,19.9,64,11.3,5.5,921.1
2009-11-26,29.6,19.2,60,10.2,5.85,922.2
2009-11-27,29.1,20.3,66,7.9,4.29,921.7
2009-11-28,30.1,21.5,72,10.2,4.64,920.7
2009-11-29,26.2,21.1,85,15.6,2.66,920.0
2009-11-30,23.6,20.4,90,15.3,1.98,919.4
2009-12-01,25.8,19.5,91,8.0,2.45,918.7
2009-12-02,25.9,19.5,84,12.8,3.69,919.8
2009-12-03,26.2,19.8,85,15.6,2.87,919.8
2009-12-04,25.1,19.9,90,11.0,2.44,918.4
2009-12-05,20.0,16.7,93,13.2,1.02,919.0
2009-12-06,20.8,17.7,95,12.3,0.98,921.0
2009-12-07,25.4,17.5,82,15.1,3.12,921.6
2009-12-08,27.0,19.0,83,11.7,3.4,921.3
2009-12-09,26.4,19.0,87,6.7,2.93,922.0
2009-12-10,26.2,19.6,82,9.2,3.02,923.2
2009-12-11,27.7,18.4,69,13.4,6.02,922.9
2009-12-12,28.9,16.7,64,14.8,6.34,920.3
2009-12-13,29.3,19.5,62,16.6,5.94,918.8
2009-12-14,25.4,19.7,88,10.3,2.94,922.3
2009-12-15,24.7,19.4,84,12.0,2.36,923.5
2009-12-16,27.5,18.9,74,10.7,5.21,923.7
2009-12-17,27.5,17.5,73,11.7,5.2,922.4
2009-12-18,28.3,18.4,80,6.3,4.58,923.7
2009-12-19,25.0,18.6,86,10.7,3.87,924.4
2009-12-20,25.4,17.9,84,7.6,4.17,924.0
2009-12-21,27.0,17.7,83,9.5,4.67,923.9
2009-12-22,27.7,16.7,79,8.3,5.3,924.5
2009-12-23,28.1,17.8,79,8.9,4.71,924.5
2009-12-24,26.8,18.8,85,10.2,4.01,922.8
2009-12-25,25.3,19.3,91,10.7,2.87,920.7
2009-12-26,25.2,19.1,88,12.7,2.91,918.5
2009-12-27,25.7,19.6,89,17.6,3.23,917.6
2009-12-28,22.9,19.7,97,15.3,1.1,917.6
2009-12-29,24.0,19.7,95,17.3,1.56,917.8
2009-12-30,23.7,20.0,96,17.1,1.43,917.7
2009-12-31,23.1,19.8,96,9.4,1.37,918.7
2010-01-01,26.3,19.6,84,12.5,3.46,921.0
2010-01-02,27.5,18.4,70,14.7,5.82,923.0
2010-01-03,28.4,16.1,71,7.9,5.79,923.5
2010-01-04,28.2,17.3,77,8.6,5.01,923.4
2010-01-05,28.7,18.8,77,8.0,5.21,921.6
2010-01-06,25.6,20.1,83,10.0,2.94,920.0
2010-01-07,26.7,19.8,84,8.4,3.98,920.9
2010-01-08,27.7,19.5,79,10.3,4.91,922.4
2010-01-09,27.9,19.7,75,13.0,5.18,923.0
2010-01-10,28.3,17.6,72,10.9,5.69,922.3
2010-01-11,27.7,18.1,74,10.1,4.89,921.3
2010-01-12,28.6,18.6,70,8.7,5.3,921.6
2010-01-13,27.6,18.9,75,7.9,4.48,922.5
2010-01-14,27.8,19.0,75,10.2,4.52,922.5
2010-01-15,28.2,20.3,82,8.0,4.36,924.8
2010-01-16,27.3,19.8,76,14.8,4.83,926.4
2010-01-17,27.8,19.6,68,11.9,4.82,926.3
2010-01-18,29.0,17.4,69,7.9,5.89,924.5
2010-01-19,28.3,18.2,75,8.7,4.96,923.1
2010-01-20,29.1,19.7,76,9.2,5.29,921.8
2010-01-21,28.9,19.2,72,10.9,5.27,922.0
2010-01-22,29.3,20.1,78,7.3,4.76,922.9
2010-01-23,27.2,19.1,84,8.7,4.41,922.8
2010-01-24,28.1,19.3,79,10.1,4.74,922.3
2010-01-25,27.8,19.9,78,14.0,4.31,922.1
2010-01-26,27.2,19.8,75,12.6,4.17,921.4
2010-01-27,27.2,19.0,70,14.5,4.87,921.2
2010-01-28,27.0,19.9,70,15.3,4.7,921.9
2010-01-29,28.4,19.2,66,13.5,5.48,922.4
2010-01-30,28.0,20.0,69,11.8,5.16,923.9
2010-01-31,28.3,19.7,69,11.1,5.19,924.6
2010-02-01,28.8,19.7,67,14.5,5.47,925.1
2010-02-02,29.3,19.3,65,11.4,5.7,924.5
2010-02-03,29.8,19.5,63,12.4,5.68,923.7
2010-02-04,29.5,20.5,66,14.2,5.46,923.8
2010-02-05,29.7,19.4,65,13.6,5.96,923.4
2010-02-06,28.5,19.5,73,13.3,4.99,922.9
2010-02-07,27.5,18.3,79,9.7,4.48,922.4
2010-02-08,28.4,19.0,75,7.8,4.94,921.4
2010-02-09,28.9,19.5,72,11.9,5.23,920.4
2010-02-10,28.8,18.2,80,7.9,4.88,921.5
2010-02-11,28.1,19.6,76,15.8,5.18,922.8
2010-02-12,28.0,19.5,71,17.3,4.92,924.3
2010-02-13,28.8,18.5,66,13.4,5.88,924.2
2010-02-14,29.4,19.9,68,12.1,5.46,923.5
2010-02-15,29.4,18.5,68,11.6,5.43,922.5
2010-02-16,30.0,19.3,66,8.3,5.24,922.2
2010-02-17,31.1,19.9,67,7.4,5.36,922.3
2010-02-18,30.9,21.4,71,13.3,5.03,924.1
2010-02-19,29.7,20.8,66,13.0,5.24,926.3
2010-02-20,29.6,20.7,65,15.4,5.18,925.6
2010-02-21,28.4,20.0,67,15.7,4.75,923.5
2010-02-22,30.1,19.1,68,8.1,5.17,922.3
2010-02-23,29.8,19.3,66,9.1,5.06,921.6
2010-02-24,30.2,20.1,65,10.2,4.98,921.4
2010-02-25,31.0,20.7,66,9.3,4.87,921.3
2010-02-26,25.2,20.4,84,10.2,2.17,921.9
2010-02-27,26.0,19.1,76,13.3,3.33,922.8
2010-02-28,28.0,19.4,78,13.8,3.54,922.9
2010-03-01,22.7,19.5,94,8.9,1.28,922.2
2010-03-02,21.8,17.8,92,10.5,1.41,921.7
2010-03-03,23.5,19.1,94,7.8,1.16,921.8
2010-03-04,24.4,19.9,93,6.9,1.89,921.3
2010-03-05,24.8,19.7,90,8.6,2.32,920.1
2010-03-06,25.8,19.2,85,13.7,3.27,918.2
2010-03-07,26.6,18.6,85,9.7,3.56,917.1
2010-03-08,27.7,19.5,81,15.3,4.19,919.3
2010-03-09,26.5,19.7,88,9.3,2.64,920.8
2010-03-10,27.5,20.0,83,11.3,4.12,919.9
2010-03-11,28.7,20.3,77,13.0,4.68,919.2
2010-03-12,28.2,20.2,77,11.8,4.67,919.8
2010-03-13,29.2,20.0,79,9.7,4.76,921.7
2010-03-14,28.8,19.4,83,12.8,4.47,923.2
2010-03-15,27.7,19.6,84,5.4,3.83,924.0
2010-03-16,26.8,19.3,87,11.6,3.04,924.7
2010-03-17,25.3,18.7,81,15.4,3.51,925.4
2010-03-18,26.3,18.6,82,13.3,3.9,925.4
2010-03-19,26.5,18.1,83,10.5,3.69,924.6
2010-03-20,27.2,17.2,82,10.0,4.35,922.1
2010-03-21,27.1,18.5,82,13.0,4.11,919.6
2010-03-22,27.0,18.4,85,14.3,3.92,920.4
2010-03-23,27.8,18.8,85,6.2,3.88,922.6
2010-03-24,27.2,19.3,82,14.4,3.71,923.4
2010-03-25,27.1,19.2,74,11.8,4.39,923.9
2010-03-26,26.6,18.5,77,14.0,3.81,924.3
2010-03-27,26.6,18.8,78,11.8,3.77,923.6
2010-03-28,27.0,19.0,76,11.0,4.11,922.5
2010-03-29,28.1,17.6,75,9.2,4.32,922.0
2010-03-30,28.4,18.7,79,10.9,4.25,922.3
2010-03-31,26.8,18.6,87,7.4,2.91,921.8
2010-04-01,24.4,19.5,90,9.0,1.95,922.1
2010-04-02,24.9,18.8,86,13.0,2.53,922.6
2010-04-03,24.3,19.7,89,9.9,1.77,923.2
2010-04-04,24.7,19.4,90,8.6,1.69,922.5
2010-04-05,26.5,18.0,87,8.0,3.11,921.2
2010-04-06,25.2,17.7,88,14.1,2.29,918.8
2010-04-07,22.6,15.2,72,12.2,3.37,918.5
2010-04-08,23.0,12.1,69,10.2,3.98,920.7
2010-04-09,21.7,11.6,74,16.6,3.12,924.1
2010-04-10,22.0,13.9,73,10.8,3.21,924.8
2010-04-11,22.3,12.2,75,13.8,3.2,924.2
2010-04-12,22.1,14.0,78,14.7,2.98,925.1
2010-04-13,23.2,15.8,76,14.8,3.03,927.1
2010-04-14,23.7,14.2,75,15.7,3.54,927.3
2010-04-15,24.1,15.3,75,12.8,3.5,925.3
2010-04-16,25.1,13.3,77,5.9,3.47,923.5
2010-04-17,26.2,16.4,76,9.5,3.77,924.9
2010-04-18,25.4,17.3,78,11.3,3.17,926.2
2010-04-19,25.9,16.3,78,9.3,2.96,925.2
2010-04-20,26.2,15.0,76,6.2,3.34,923.0
2010-04-21,26.8,14.6,71,6.9,4.2,922.7
2010-04-22,27.3,15.1,68,7.4,3.93,922.7
2010-04-23,28.8,16.5,64,5.8,4.27,923.0
2010-04-24,28.3,16.9,70,12.9,4.07,924.1
2010-04-25,26.8,17.6,74,13.4,4.01,924.5
2010-04-26,27.5,15.7,73,10.8,3.82,923.7
2010-04-27,28.6,16.9,67,9.4,4.06,923.7
2010-04-28,26.3,18.3,78,9.2,3.04,924.3
2010-04-29,25.6,17.9,80,8.1,2.98,924.8
2010-04-30,24.4,17.9,84,7.3,2.44,924.0
2010-05-01,23.7,16.7,84,6.6,2.44,923.4
2010-05-02,24.4,16.5,75,12.2,2.8,925.3
2010-05-03,24.1,15.4,73,16.3,3.37,926.0
2010-05-04,25.3,13.0,71,7.9,3.76,924.0
2010-05-05,26.0,13.6,65,7.7,3.79,922.4
2010-05-06,27.1,14.7,63,6.4,3.74,923.7
2010-05-07,27.5,14.4,65,7.8,3.89,924.2
2010-05-08,27.5,14.3,62,7.6,3.97,922.9
2010-05-09,27.9,18.1,64,10.9,3.66,922.1
2010-05-10,18.4,15.4,90,10.4,1.25,922.3
2010-05-11,20.4,14.6,87,12.2,1.71,922.0
2010-05-12,23.0,15.5,90,14.0,1.75,920.7
2010-05-13,21.9,12.0,75,13.1,3.32,922.5
2010-05-14,24.0,8.0,68,6.8,3.38,924.1
2010-05-15,24.6,11.9,75,6.4,3.15,924.2
2010-05-16,25.4,12.9,76,8.0,3.43,923.0
2010-05-17,25.8,13.4,75,9.8,3.55,923.8
2010-05-18,23.9,14.4,80,11.3,2.76,923.9
2010-05-19,24.7,15.2,77,11.5,3.11,922.7
2010-05-20,23.5,17.2,83,13.2,2.38,921.4
2010-05-21,24.0,14.3,82,11.7,2.68,921.0
2010-05-22,24.1,12.6,81,8.9,2.55,920.5
2010-05-23,24.6,14.5,83,7.7,2.52,921.3
2010-05-24,24.4,16.6,83,11.3,2.45,922.4
2010-05-25,25.3,16.6,80,8.4,2.68,923.4
2010-05-26,25.6,15.1,78,11.4,3.1,924.1
2010-05-27,22.5,16.0,78,18.9,2.43,926.0
2010-05-28,20.7,15.0,80,14.0,1.63,925.7
2010-05-29,22.8,13.5,76,10.0,2.87,925.2
2010-05-30,23.6,12.7,74,12.4,2.76,925.0
2010-05-31,25.5,14.7,74,17.4,3.06,923.6
2010-06-01,19.9,14.7,72,13.7,2.23,926.6
2010-06-02,18.4,14.1,86,14.7,1.32,927.3
2010-06-03,18.2,14.5,84,14.8,1.38,928.9
2010-06-04,20.2,13.3,80,17.4,1.85,928.5
2010-06-05,22.3,11.6,80,14.3,2.39,924.9
2010-06-06,20.6,11.8,69,9.8,2.87,924.6
2010-06-07,21.9,8.5,71,7.4,3.01,925.8
2010-06-08,22.8,11.0,79,7.2,2.54,927.0
2010-06-09,21.8,12.7,76,9.7,2.7,927.7
2010-06-10,21.9,10.3,76,8.2,2.8,927.0
2010-06-11,23.3,12.0,75,12.2,2.64,927.2
2010-06-12,19.4,11.7,72,14.5,2.55,928.7
2010-06-13,18.2,7.6,71,11.5,2.75,927.4
2010-06-14,19.5,6.7,76,7.3,2.71,926.4
2010-06-15,21.1,7.2,74,7.2,2.84,926.0
2010-06-16,22.0,8.0,73,5.8,2.94,925.3
2010-06-17,24.3,10.3,67,7.2,3.16,924.2
2010-06-18,24.8,9.2,69,11.0,3.36,923.5
2010-06-19,23.7,9.6,66,8.5,3.19,923.1
2010-06-20,24.7,11.2,59,8.9,3.31,922.3
2010-06-21,25.8,11.4,52,6.7,3.27,922.4
2010-06-22,26.5,13.7,55,10.1,3.48,923.6
2010-06-23,22.4,12.9,82,13.4,1.92,926.5
2010-06-24,21.7,14.9,80,15.7,2.2,929.0
2010-06-25,23.3,12.5,76,7.3,2.62,929.1
2010-06-26,22.2,9.8,74,11.9,3.04,927.6
2010-06-27,20.2,10.5,78,11.9,2.37,927.6
2010-06-28,23.1,9.4,74,7.4,2.95,927.7
2010-06-29,23.6,9.0,70,10.9,3.24,926.9
2010-06-30,21.5,9.1,74,6.9,2.72,927.7
2010-07-01,22.0,8.5,72,9.3,3.05,927.6
2010-07-02,22.3,8.8,72,10.2,3.06,927.5
2010-07-03,23.1,9.9,71,8.0,3.09,927.5
2010-07-04,21.5,10.8,79,11.5,1.93,926.9
2010-07-05,20.4,10.3,82,14.1,2.01,927.3
2010-07-06,21.5,12.4,77,10.5,2.41,927.8
2010-07-07,22.0,9.7,68,9.7,3.11,925.5
2010-07-08,24.2,9.8,65,8.9,3.12,925.9
2010-07-09,23.6,13.5,72,10.7,2.64,926.1
2010-07-10,23.7,14.3,76,11.3,2.63,925.7
2010-07-11,22.0,16.3,86,12.5,1.6,924.4
2010-07-12,24.2,16.6,74,14.3,2.75,924.0
2010-07-13,26.9,13.8,62,12.2,3.49,923.1
2010-07-14,27.1,14.2,68,7.4,3.16,924.0
2010-07-15,24.4,17.0,74,16.0,2.78,927.5
2010-07-16,24.4,17.4,74,15.5,2.95,930.0
2010-07-17,23.1,16.4,77,18.3,2.43,930.9
2010-07-18,21.3,14.1,81,13.8,1.73,929.9
2010-07-19,22.0,14.8,81,8.8,1.92,928.9
2010-07-20,23.6,11.5,75,9.0,3.04,927.6
2010-07-21,22.1,12.5,76,13.1,2.88,927.9
2010-07-22,24.3,10.7,69,10.5,3.42,927.8
2010-07-23,25.4,12.0,73,7.2,3.29,929.1
2010-07-24,22.1,12.5,73,17.3,2.84,929.1
2010-07-25,21.0,10.7,73,12.7,2.16,929.0
2010-07-26,22.5,11.0,70,7.2,2.59,927.5
2010-07-27,23.0,11.1,70,12.0,2.65,928.2
2010-07-28,22.5,14.4,70,17.0,2.7,929.9
2010-07-29,23.1,11.0,72,9.7,2.84,928.9
2010-07-30,22.2,13.6,74,12.2,2.79,926.9
2010-07-31,23.8,10.2,67,8.7,3.52,923.9
2010-08-01,25.9,11.8,61,7.2,3.61,923.8
2010-08-02,25.2,10.9,61,12.6,3.99,925.7
2010-08-03,24.5,10.4,64,8.6,3.73,926.3
2010-08-04,23.8,12.7,67,13.8,3.36,926.8
2010-08-05,25.0,10.6,65,7.9,3.61,925.9
2010-08-06,25.8,11.6,62,7.2,3.32,924.6
2010-08-07,23.4,12.2,67,9.3,3.52,926.4
2010-08-08,26.9,11.4,61,10.9,4.1,926.1
2010-08-09,28.4,14.4,50,9.4,4.09,925.7
2010-08-10,25.1,14.0,65,11.5,3.48,928.5
2010-08-11,20.7,15.2,75,12.6,2.16,929.7
2010-08-12,21.6,13.3,67,14.6,3.18,929.3
2010-08-13,25.0,9.7,61,8.5,3.96,927.1
2010-08-14,27.7,15.1,52,10.6,4.21,924.0
2010-08-15,22.9,12.3,71,15.3,2.49,924.8
2010-08-16,19.5,11.0,57,15.5,3.85,927.7
2010-08-17,19.0,9.1,62,16.6,3.69,929.7
2010-08-18,19.9,7.2,61,14.2,3.77,929.3
2010-08-19,20.6,7.0,64,12.6,3.7,927.6
2010-08-20,22.7,7.4,62,7.6,3.89,926.3
2010-08-21,25.0,8.6,59,13.1,4.43,927.2
2010-08-22,24.9,9.6,58,11.3,4.37,927.8
2010-08-23,25.2,9.9,57,11.0,4.47,926.5
2010-08-24,25.9,10.2,58,9.4,4.46,925.6
2010-08-25,27.4,10.7,52,9.1,4.65,925.4
2010-08-26,27.6,11.3,53,9.4,4.77,924.9
2010-08-27,28.4,12.2,52,8.3,4.68,924.1
2010-08-28,28.1,13.8,54,10.6,4.86,924.1
2010-08-29,26.6,14.6,57,10.9,4.48,925.0
2010-08-30,26.9,13.3,58,13.6,4.82,925.7
2010-08-31,24.7,15.2,60,15.3,3.85,927.5
2010-09-01,24.6,14.5,62,15.6,4.51,928.4
2010-09-02,26.5,13.3,62,10.2,4.38,928.2
2010-09-03,28.5,11.8,50,9.4,5.19,926.5
2010-09-04,28.9,12.2,44,9.7,5.32,925.0
2010-09-05,31.0,13.1,41,14.5,5.18,924.4
2010-09-06,26.9,16.5,63,17.7,4.26,928.6
2010-09-07,27.1,15.1,58,14.4,4.73,927.3
2010-09-08,26.2,15.8,66,13.8,3.96,925.5
2010-09-09,23.3,13.4,67,14.8,3.46,927.3
2010-09-10,23.5,12.9,63,14.4,4.08,928.6
2010-09-11,23.8,12.6,60,12.9,4.33,927.6
2010-09-12,25.8,10.5,53,9.9,5.0,925.6
2010-09-13,26.2,12.0,52,13.7,5.24,925.2
2010-09-14,28.0,13.3,55,9.0,5.03,925.4
2010-09-15,30.0,13.6,51,8.4,5.35,924.0
2010-09-16,28.1,16.2,56,14.3,5.18,923.9
2010-09-17,29.3,15.7,56,11.2,5.19,924.1
2010-09-18,31.0,15.6,47,17.1,5.93,925.1
2010-09-19,24.3,16.2,68,15.6,3.43,927.6
2010-09-20,25.9,14.2,62,15.5,4.33,926.5
2010-09-21,26.3,15.6,62,17.3,4.26,925.6
2010-09-22,27.9,16.6,58,16.1,5.18,925.2
2010-09-23,27.8,15.4,51,12.8,5.51,924.4
2010-09-24,28.9,15.4,50,16.6,5.68,923.4
2010-09-25,28.5,17.7,58,14.5,4.78,923.3
2010-09-26,29.4,16.9,52,14.1,5.69,922.4
2010-09-27,29.5,16.8,58,12.0,4.05,920.4
2010-09-28,26.0,17.5,81,7.9,2.99,918.8
2010-09-29,29.5,17.7,73,12.8,4.62,918.9
2010-09-30,27.5,18.4,78,10.4,3.04,920.7
2010-10-01,31.1,18.2,73,7.5,4.96,921.1
2010-10-02,30.0,19.7,78,11.6,3.99,922.4
2010-10-03,27.4,18.0,76,18.7,4.15,924.1
2010-10-04,25.7,16.2,69,16.5,3.53,924.9
2010-10-05,29.6,17.5,68,14.0,5.04,923.0
2010-10-06,29.7,18.9,72,8.4,4.51,922.5
2010-10-07,29.2,19.4,76,11.7,3.94,923.0
2010-10-08,30.4,19.3,74,17.7,4.87,922.0
2010-10-09,29.0,15.9,60,19.9,6.02,924.0
2010-10-10,22.2,14.1,67,13.7,3.3,925.7
2010-10-11,24.1,16.1,74,9.8,2.58,924.4
2010-10-12,22.0,15.4,77,14.3,2.69,924.3
2010-10-13,19.7,14.2,74,13.0,2.37,924.9
2010-10-14,26.9,14.7,69,8.9,4.29,925.3
2010-10-15,28.1,17.0,71,7.3,4.24,924.6
2010-10-16,27.7,17.8,68,10.9,4.21,923.5
2010-10-17,28.4,18.6,68,10.0,4.24,921.7
2010-10-18,28.1,19.1,74,16.5,4.26,920.2
2010-10-19,23.9,17.0,80,11.2,3.08,921.4
2010-10-20,24.4,16.2,78,12.0,3.19,922.0
2010-10-21,27.2,15.1,67,8.9,4.95,922.2
2010-10-22,27.9,15.9,63,10.8,5.32,921.4
2010-10-23,29.6,16.7,59,10.6,5.2,919.7
2010-10-24,27.2,20.0,61,7.2,3.62,919.9
2010-10-25,27.5,18.2,78,9.3,4.13,919.8
2010-10-26,27.0,18.4,80,14.6,4.11,917.7
2010-10-27,26.7,17.1,74,12.4,4.33,916.8
2010-10-28,27.6,17.1,73,10.8,3.66,918.8
2010-10-29,28.3,16.7,69,9.2,5.46,920.5
2010-10-30,29.5,18.3,70,18.2,5.38,920.8
2010-10-31,27.6,19.6,80,16.6,3.82,922.0
2010-11-01,26.7,19.2,84,11.9,3.2,921.8
2010-11-02,21.1,18.3,95,7.4,1.13,920.1
2010-11-03,24.3,17.5,80,9.2,3.74,920.2
2010-11-04,25.2,17.1,77,12.6,4.39,922.3
2010-11-05,26.2,17.1,82,12.9,4.24,922.1
2010-11-06,23.7,18.4,90,18.7,2.02,919.2
2010-11-07,25.5,18.8,89,10.7,3.19,920.8
2010-11-08,26.2,19.0,83,10.1,3.97,923.1
2010-11-09,26.5,19.0,84,8.7,4.23,922.1
2010-11-10,25.8,17.7,84,12.0,3.86,921.0
2010-11-11,22.2,17.5,84,13.9,2.14,923.1
2010-11-12,23.8,15.8,78,14.5,3.33,924.4
2010-11-13,22.4,16.2,83,13.8,2.71,923.3
2010-11-14,20.4,16.0,85,11.0,1.75,921.8
2010-11-15,22.8,16.2,85,13.6,2.56,921.8
2010-11-16,23.8,17.2,83,14.5,2.78,921.2
2010-11-17,22.9,17.9,89,14.0,2.51,919.2
2010-11-18,25.7,17.3,81,17.7,4.34,917.4
2010-11-19,28.7,19.0,67,14.3,5.7,918.7
2010-11-20,29.1,16.1,71,8.9,5.61,920.7
2010-11-21,27.1,19.5,81,8.4,4.12,920.8
2010-11-22,22.9,19.4,88,12.2,2.12,917.9
2010-11-23,25.6,18.6,91,11.5,2.66,915.3
2010-11-24,25.9,19.3,89,9.2,2.68,916.3
2010-11-25,26.4,19.5,91,12.8,2.65,918.4
2010-11-26,25.1,18.9,90,11.8,2.88,919.1
2010-11-27,27.2,19.4,83,8.7,4.39,919.1
2010-11-28,26.6,18.3,79,11.6,4.21,920.0
2010-11-29,26.5,18.8,78,12.1,4.13,921.0
2010-11-30,27.2,18.7,79,8.8,4.75,920.7
2010-12-01,26.9,20.3,85,7.6,3.56,920.7
2010-12-02,26.2,19.6,84,12.2,3.71,921.2
2010-12-03,28.6,19.8,78,12.8,5.04,920.2
2010-12-04,27.9,19.9,88,7.4,3.83,919.9
2010-12-05,28.0,20.6,81,8.0,4.04,919.8
2010-12-06,27.6,20.1,85,9.7,3.51,919.6
2010-12-07,25.4,20.1,90,10.3,2.71,917.8
2010-12-08,28.6,19.9,83,14.8,4.38,916.2
2010-12-09,28.7,19.2,83,12.7,5.09,915.8
2010-12-10,26.5,19.5,76,11.6,4.24,919.0
2010-12-11,28.1,18.5,70,7.6,5.78,920.0
2010-12-12,29.0,17.6,71,6.2,5.81,917.2
2010-12-13,28.8,19.9,71,13.5,5.58,914.4
2010-12-14,26.9,20.4,81,15.6,4.18,915.2
2010-12-15,27.3,20.5,88,10.0,3.07,918.6
2010-12-16,26.6,19.7,79,14.7,4.31,921.9
2010-12-17,27.1,18.1,69,11.8,5.66,921.2
2010-12-18,26.5,16.6,74,8.5,4.63,919.5
2010-12-19,26.8,17.6,72,10.0,5.41,920.3
2010-12-20,28.1,16.1,68,9.2,6.1,922.7
2010-12-21,29.5,16.7,67,7.6,6.19,922.6
2010-12-22,29.2,18.7,69,5.4,5.64,921.3
2010-12-23,29.4,19.3,76,10.3,5.43,919.1
2010-12-24,24.7,20.0,89,13.5,2.26,918.8
2010-12-25,26.3,19.4,89,12.0,3.21,918.8
2010-12-26,26.4,19.9,89,14.6,3.24,918.6
2010-12-27,24.1,19.7,94,9.7,1.79,918.1
2010-12-28,22.6,19.5,97,10.5,1.34,916.6
2010-12-29,24.4,18.7,92,8.9,3.03,915.9
2010-12-30,25.1,19.4,89,9.2,2.66,916.2
2010-12-31,24.0,19.2,91,9.3,2.16,917.3
2011-01-01,22.3,18.9,84,15.7,2.15,918.7
2011-01-02,22.5,18.6,89,11.6,1.64,917.9
2011-01-03,24.4,18.2,85,15.0,3.01,918.1
2011-01-04,24.5,19.3,89,17.9,2.31,919.2
2011-01-05,23.5,19.4,91,11.1,2.06,922.3
2011-01-06,25.3,18.7,79,15.8,3.88,922.2
2011-01-07,25.4,18.0,76,10.5,3.73,922.5
2011-01-08,26.6,18.5,72,13.2,5.53,922.4
2011-01-09,26.2,17.3,75,10.4,4.78,920.7
2011-01-10,27.0,16.6,71,11.0,5.32,918.2
2011-01-11,24.1,19.3,84,15.3,2.19,917.5
2011-01-12,24.8,19.5,88,16.4,2.76,918.4
2011-01-13,23.8,19.7,92,18.4,2.08,919.0
2011-01-14,23.4,19.8,96,16.6,1.34,919.4
2011-01-15,24.3,19.2,94,7.6,1.93,918.9
2011-01-16,27.9,19.4,86,11.2,4.37,919.9
2011-01-17,28.9,18.8,76,9.2,5.25,921.3
2011-01-18,29.0,18.9,77,9.7,5.48,920.9
2011-01-19,28.1,18.3,73,9.4,5.51,919.5
2011-01-20,28.4,17.1,70,8.3,5.25,919.0
2011-01-21,28.4,18.2,71,13.8,5.94,919.4
2011-01-22,27.3,20.0,75,14.3,4.99,921.9
2011-01-23,27.6,19.4,74,12.8,5.43,923.4
2011-01-24,27.0,19.7,72,13.0,4.77,922.9
2011-01-25,26.8,17.4,71,11.4,4.5,922.5
2011-01-26,27.2,18.4,73,11.6,5.07,922.7
2011-01-27,27.4,18.9,74,10.5,5.14,922.3
2011-01-28,28.0,18.1,72,7.9,5.08,922.8
2011-01-29,29.0,18.1,71,7.3,5.11,923.8
2011-01-30,30.7,19.2,64,9.0,5.87,923.2
2011-01-31,29.8,18.1,64,7.2,5.96,922.5
2011-02-01,29.0,18.8,64,7.5,5.38,922.7
2011-02-02,29.2,18.1,63,11.4,5.98,922.6
2011-02-03,28.1,16.9,65,10.3,5.01,922.2
2011-02-04,27.4,18.0,67,11.1,4.32,921.7
2011-02-05,29.0,17.0,65,12.8,5.82,921.4
2011-02-06,28.8,17.2,66,9.4,5.52,922.2
2011-02-07,28.9,17.9,67,10.7,5.45,923.5
2011-02-08,29.2,18.0,60,12.5,6.2,924.0
2011-02-09,28.7,18.9,65,11.2,4.98,921.8
2011-02-10,29.3,18.4,60,7.6,4.95,920.7
2011-02-11,29.3,20.2,69,7.1,4.65,922.6
2011-02-12,28.7,19.6,66,10.6,5.23,923.0
2011-02-13,28.6,18.7,60,8.9,5.09,922.4
2011-02-14,28.3,17.8,66,6.9,5.03,921.7
2011-02-15,28.3,18.8,64,10.0,4.91,921.7
2011-02-16,28.2,20.1,65,12.6,5.06,923.0
2011-02-17,26.8,20.3,66,13.8,4.09,924.0
2011-02-18,28.7,18.9,61,14.5,5.93,923.6
2011-02-19,28.9,18.5,61,11.3,5.56,922.9
2011-02-20,29.7,19.5,66,11.2,5.51,923.0
2011-02-21,29.7,19.7,67,8.8,5.35,924.2
2011-02-22,30.5,18.5,63,7.5,5.3,922.1
2011-02-23,30.9,21.1,70,13.9,5.23,919.2
2011-02-24,28.2,20.0,83,6.6,4.02,919.6
2011-02-25,27.4,20.6,84,8.7,3.98,920.7
2011-02-26,25.7,20.2,86,10.9,3.36,920.3
2011-02-27,28.5,19.8,80,9.9,4.73,919.9
2011-02-28,27.3,19.8,84,7.9,3.47,919.6
2011-03-01,27.4,19.4,87,7.1,3.34,919.4
2011-03-02,25.6,19.4,91,7.9,2.71,920.7
2011-03-03,25.2,18.6,88,10.6,2.54,921.7
2011-03-04,21.8,18.1,92,7.2,1.23,921.4
2011-03-05,20.7,18.2,95,8.0,0.92,921.0
2011-03-06,21.8,18.1,95,10.5,1.56,920.1
2011-03-07,22.7,19.0,94,10.2,1.56,920.4
2011-03-08,22.3,18.9,96,8.7,1.39,921.2
2011-03-09,24.7,18.0,91,8.2,2.42,919.9
2011-03-10,26.6,18.7,84,11.1,3.66,919.7
2011-03-11,26.0,19.4,84,10.1,3.17,919.7
2011-03-12,25.7,19.5,88,8.9,2.94,918.7
2011-03-13,23.3,19.8,92,9.4,1.82,915.4
2011-03-14,25.8,19.7,90,14.2,2.97,915.8
2011-03-15,25.0,19.7,94,8.8,2.45,919.6
2011-03-16,25.5,19.8,89,9.0,2.77,922.0
2011-03-17,24.3,19.0,85,10.5,2.17,922.0
2011-03-18,24.7,19.6,88,9.2,2.53,921.6
2011-03-19,26.7,18.0,79,11.8,3.89,921.1
2011-03-20,25.5,18.2,73,12.8,4.22,922.8
2011-03-21,24.7,18.8,73,15.2,3.85,923.0
2011-03-22,24.0,18.4,80,16.9,2.94,923.3
2011-03-23,24.4,18.0,81,14.9,3.2,924.3
2011-03-24,25.4,18.6,80,9.7,3.04,924.4
2011-03-25,26.8,16.4,79,8.2,3.98,922.5
2011-03-26,26.9,16.6,79,6.6,4.13,921.5
2011-03-27,27.6,17.7,79,7.6,4.45,921.8
2011-03-28,27.6,17.5,76,6.9,4.4,923.2
2011-03-29,28.2,17.1,72,6.8,4.67,923.1
2011-03-30,27.3,17.8,74,6.3,4.22,922.5
2011-03-31,26.6,19.1,83,11.3,3.3,921.5
2011-04-01,27.4,18.6,84,6.3,3.9,921.7
2011-04-02,27.1,18.5,85,8.6,3.48,921.1
2011-04-03,25.7,18.3,89,12.0,3.07,920.1
2011-04-04,24.0,18.8,89,11.6,2.19,920.6
2011-04-05,24.9,19.3,92,13.0,1.67,920.9
2011-04-06,25.7,18.4,82,9.2,3.33,922.1
2011-04-07,24.2,17.2,82,13.5,3.04,923.6
2011-04-08,23.9,17.4,80,12.8,3.06,924.5
2011-04-09,24.6,16.4,84,9.1,3.22,924.2
2011-04-10,24.4,17.1,87,12.7,2.82,924.6
2011-04-11,25.1,17.3,83,10.7,3.22,924.2
2011-04-12,25.9,16.4,79,13.6,3.81,922.5
2011-04-13,25.7,18.7,83,7.6,3.1,923.6
2011-04-14,26.0,16.3,78,10.0,4.03,923.7
2011-04-15,26.2,14.8,77,8.8,4.07,924.2
2011-04-16,25.5,16.3,79,10.5,3.15,923.9
2011-04-17,25.6,15.9,80,11.7,3.26,924.3
2011-04-18,25.2,15.9,82,11.4,3.31,926.0
2011-04-19,24.9,17.1,80,12.6,3.4,925.7
2011-04-20,24.4,16.9,78,12.4,3.17,924.4
2011-04-21,24.3,14.9,83,8.8,2.87,923.4
2011-04-22,25.2,17.5,81,8.5,3.1,923.5
2011-04-23,25.9,16.1,79,6.3,3.4,923.3
2011-04-24,25.3,15.7,78,5.8,3.16,922.5
2011-04-25,25.2,15.6,78,9.0,3.23,923.5
2011-04-26,23.5,16.3,83,11.4,2.65,924.9
2011-04-27,21.9,16.5,80,17.9,2.63,926.6
2011-04-28,22.4,14.4,78,16.6,2.65,925.4
2011-04-29,24.0,16.1,81,10.7,2.97,923.8
2011-04-30,24.6,15.2,82,7.8,3.13,922.6
2011-05-01,26.1,15.0,78,5.6,3.56,922.2
2011-05-02,26.5,15.4,77,7.8,3.65,922.5
2011-05-03,25.6,16.2,81,9.0,3.11,924.2
2011-05-04,24.2,17.9,81,9.1,2.61,925.0
2011-05-05,25.9,15.6,78,9.7,3.02,924.3
2011-05-06,27.0,17.0,75,10.7,3.44,924.5
2011-05-07,25.1,15.4,76,7.6,3.02,925.1
2011-05-08,25.0,15.6,75,7.5,3.16,924.5
2011-05-09,26.5,14.5,71,6.9,3.71,922.6
2011-05-10,23.6,14.5,75,11.5,2.56,923.7
2011-05-11,24.0,16.1,80,11.6,2.26,925.0
2011-05-12,24.2,14.3,80,10.5,2.45,923.0
2011-05-13,23.5,13.4,77,11.4,2.64,922.3
2011-05-14,22.5,14.5,77,8.9,2.62,923.2
2011-05-15,23.9,13.6,76,11.1,2.96,921.2
2011-05-16,23.4,14.9,81,11.1,2.83,920.2
2011-05-17,22.0,12.3,75,10.7,2.79,922.4
2011-05-18,20.7,12.1,76,11.6,2.42,923.4
2011-05-19,20.7,12.9,77,10.2,2.2,923.6
2011-05-20,20.4,14.1,82,10.6,1.98,925.6
2011-05-21,20.7,13.8,78,12.3,2.29,928.0
2011-05-22,20.1,12.5,77,15.5,2.52,928.1
2011-05-23,21.8,10.3,72,6.2,3.03,926.4
2011-05-24,23.4,10.7,70,7.9,3.18,925.3
2011-05-25,23.0,9.9,71,9.7,3.13,925.5
2011-05-26,24.2,11.1,70,6.6,3.17,925.0
2011-05-27,23.6,12.6,70,6.7,2.72,924.3
2011-05-28,22.5,13.8,74,8.4,2.5,924.0
2011-05-29,23.4,13.1,74,10.0,2.65,923.8
2011-05-30,22.2,13.1,78,8.9,2.4,925.4
2011-05-31,22.6,12.4,77,8.4,2.53,924.6
2011-06-01,24.0,13.1,73,8.4,2.69,923.1
2011-06-02,24.6,13.5,69,6.8,2.9,923.5
2011-06-03,24.7,13.6,68,14.7,3.08,923.4
2011-06-04,24.3,15.3,62,18.8,2.99,923.3
2011-06-05,20.8,12.4,70,12.5,2.95,925.1
2011-06-06,21.1,11.0,71,11.5,2.38,925.8
2011-06-07,23.0,11.6,73,15.0,3.08,923.8
2011-06-08,23.9,16.9,74,21.0,2.52,922.1
2011-06-09,25.4,14.0,74,14.7,2.95,923.0
2011-06-10,21.2,15.1,84,14.4,1.51,924.7
2011-06-11,21.8,13.0,81,7.2,2.07,925.8
2011-06-12,19.7,14.1,83,10.5,1.63,927.4
2011-06-13,22.4,11.6,77,5.7,2.74,927.4
2011-06-14,22.3,10.0,69,12.1,3.25,926.8
2011-06-15,19.6,10.3,74,16.2,2.47,927.5
2011-06-16,19.1,11.8,76,10.4,1.92,927.1
2011-06-17,22.4,9.0,72,12.4,2.73,925.9
2011-06-18,23.2,12.2,69,7.4,2.92,924.6
2011-06-19,23.9,11.2,71,7.2,2.99,923.6
2011-06-20,23.3,11.2,74,8.3,2.95,924.1
2011-06-21,24.0,11.2,71,7.2,3.03,924.2
2011-06-22,25.4,11.6,72,10.4,3.22,925.8
2011-06-23,23.2,12.2,77,12.5,2.79,925.8
2011-06-24,23.7,11.1,76,7.6,2.68,924.1
2011-06-25,23.6,11.3,74,9.3,2.82,924.4
2011-06-26,23.7,11.3,74,11.0,2.8,922.7
2011-06-27,21.9,15.2,74,16.5,2.35,921.9
2011-06-28,24.2,11.7,75,7.6,2.76,924.2
2011-06-29,21.8,15.3,81,14.0,1.76,926.3
2011-06-30,23.5,14.1,80,8.6,2.64,925.9
2011-07-01,24.9,11.4,74,6.8,3.01,925.2
2011-07-02,24.7,11.8,74,7.2,3.12,925.0
2011-07-03,25.2,11.7,68,8.5,3.26,923.7
2011-07-04,25.8,14.5,66,9.8,2.93,923.3
2011-07-05,24.4,13.8,77,12.6,2.31,924.0
2011-07-06,25.2,13.9,69,13.1,3.3,923.6
2011-07-07,25.0,14.1,58,15.1,3.46,922.9
2011-07-08,22.6,11.4,73,7.9,2.56,923.9
2011-07-09,21.4,12.5,73,12.2,2.59,926.6
2011-07-10,21.7,11.6,72,9.3,2.93,927.7
2011-07-11,22.7,8.8,67,7.6,3.18,925.9
2011-07-12,22.5,9.0,70,10.5,3.14,925.5
2011-07-13,22.0,8.8,70,9.2,3.12,924.4
2011-07-14,22.5,9.0,65,7.6,3.22,923.2
2011-07-15,23.4,8.9,65,7.5,3.21,923.9
2011-07-16,23.0,10.3,75,7.9,2.76,925.4
2011-07-17,24.2,12.0,75,7.1,2.92,925.4
2011-07-18,25.5,12.0,70,6.8,3.23,924.4
2011-07-19,26.3,13.0,69,8.7,3.09,925.5
2011-07-20,23.5,14.5,73,15.0,2.98,926.9
2011-07-21,23.6,11.1,68,8.7,3.25,926.2
2011-07-22,25.4,10.2,62,8.2,3.48,926.7
2011-07-23,22.6,14.1,75,21.1,2.58,929.8
2011-07-24,19.7,13.4,75,16.6,2.29,931.7
2011-07-25,18.0,12.8,77,19.4,1.71,930.3
2011-07-26,19.0,14.0,77,14.9,1.71,929.5
2011-07-27,22.4,12.6,70,9.4,2.82,926.7
2011-07-28,22.4,10.9,65,11.2,3.34,924.1
2011-07-29,24.2,11.1,64,9.2,3.4,922.1
2011-07-30,25.6,12.3,59,14.0,3.83,922.4
2011-07-31,27.1,12.3,58,8.7,3.88,922.5
2011-08-01,27.5,14.3,56,14.6,4.12,921.3
2011-08-02,28.5,18.6,43,20.1,4.94,919.9
2011-08-03,28.4,18.0,51,18.2,4.14,921.6
2011-08-04,24.3,13.4,55,12.7,3.76,924.9
2011-08-05,21.0,12.8,73,14.8,2.2,927.5
2011-08-06,26.6,14.0,70,9.3,3.6,928.9
2011-08-07,28.0,14.1,66,9.8,3.93,927.9
2011-08-08,28.6,14.0,62,7.6,4.04,926.3
2011-08-09,28.9,15.3,58,11.8,4.47,924.2
2011-08-10,28.5,15.7,56,15.0,3.92,923.4
2011-08-11,21.5,15.3,74,14.8,2.48,925.5
2011-08-12,24.2,14.3,71,9.6,3.34,925.4
2011-08-13,27.7,11.2,61,7.6,3.94,924.4
2011-08-14,29.2,12.3,50,11.8,4.74,924.4
2011-08-15,25.2,14.9,59,15.9,4.23,926.3
2011-08-16,24.3,11.8,58,11.8,4.17,926.7
2011-08-17,26.1,11.0,55,8.3,4.25,924.6
2011-08-18,27.3,11.4,51,11.7,4.69,922.7
2011-08-19,27.1,11.6,50,12.8,4.81,921.8
2011-08-20,28.7,12.9,54,10.1,4.54,922.0
2011-08-21,24.1,16.0,70,19.4,2.89,926.1
2011-08-22,22.9,13.6,69,14.7,3.09,927.6
2011-08-23,24.5,15.6,64,16.3,3.73,927.5
2011-08-24,26.0,12.8,64,12.3,4.16,927.0
2011-08-25,24.9,14.3,62,16.8,3.91,928.6
2011-08-26,27.7,12.7,57,8.4,4.27,927.5
2011-08-27,26.3,15.2,59,13.5,4.11,927.5
2011-08-28,26.3,15.0,60,10.1,4.41,927.1
2011-08-29,27.7,11.8,53,8.7,4.83,925.1
2011-08-30,28.9,13.2,50,8.9,4.9,924.3
2011-08-31,30.8,14.0,49,17.3,5.01,925.4
2011-09-01,21.9,15.4,75,13.1,2.26,927.4
2011-09-02,22.9,13.9,63,13.7,3.82,928.2
2011-09-03,22.7,9.0,52,11.2,4.42,928.2
2011-09-04,26.3,8.6,52,9.2,4.78,926.9
2011-09-05,27.7,9.7,48,8.4,5.03,925.6
2011-09-06,29.7,11.2,44,10.0,5.34,924.3
2011-09-07,28.1,13.5,45,12.8,5.39,924.4
2011-09-08,29.1,13.2,46,9.8,5.41,923.4
2011-09-09,31.0,13.5,42,9.5,5.7,921.8
2011-09-10,32.2,14.9,43,8.4,5.65,923.4
2011-09-11,32.2,16.9,41,13.7,5.96,926.2
2011-09-12,24.9,18.5,69,15.5,3.22,927.4
2011-09-13,27.1,16.7,64,11.3,4.14,926.5
2011-09-14,27.2,17.1,65,16.8,4.36,927.3
2011-09-15,24.0,17.1,68,16.2,3.53,929.6
2011-09-16,22.3,15.2,75,14.5,2.83,929.8
2011-09-17,21.7,13.8,62,16.7,3.86,929.3
2011-09-18,22.0,12.9,60,16.1,4.1,929.2
2011-09-19,21.3,11.9,62,14.5,3.89,927.7
2011-09-20,24.3,10.0,58,9.5,4.75,925.5
2011-09-21,27.9,10.7,51,8.3,5.24,923.5
2011-09-22,28.4,15.4,48,12.8,5.48,924.7
2011-09-23,29.3,16.4,48,16.2,5.56,924.6
2011-09-24,32.1,15.9,46,17.8,6.2,923.5
2011-09-25,21.1,15.6,73,18.1,2.85,927.3
2011-09-26,21.8,14.3,68,14.3,3.36,928.4
2011-09-27,26.2,12.3,58,9.0,5.11,926.6
2011-09-28,28.8,13.2,50,8.4,4.99,925.1
2011-09-29,27.8,16.8,55,14.8,4.8,925.4
2011-09-30,29.9,16.8,57,9.5,5.2,923.9
2011-10-01,31.4,16.6,45,9.4,6.01,922.2
2011-10-02,32.2,16.2,42,8.8,6.29,920.4
2011-10-03,24.3,17.8,68,10.8,3.03,922.2
2011-10-04,23.4,16.8,75,16.9,3.28,925.7
2011-10-05,21.5,16.7,78,16.2,2.14,926.6
2011-10-06,24.5,16.3,81,11.3,3.08,925.7
2011-10-07,25.8,15.0,74,14.3,4.03,925.2
2011-10-08,26.0,17.1,66,16.3,3.95,924.1
2011-10-09,27.5,16.3,64,13.0,4.36,921.7
2011-10-10,28.4,18.2,66,11.9,4.33,920.3
2011-10-11,28.8,18.5,76,8.8,4.16,920.8
2011-10-12,26.8,18.8,81,12.5,3.93,921.1
2011-10-13,23.8,19.7,84,10.6,2.03,920.9
2011-10-14,24.3,19.0,87,11.5,2.35,919.3
2011-10-15,25.1,18.1,87,9.4,2.76,917.8
2011-10-16,24.1,19.3,94,12.5,1.68,916.9
2011-10-17,26.1,17.5,89,14.8,2.78,917.2
2011-10-18,20.8,16.5,80,22.3,2.23,920.5
2011-10-19,21.9,14.1,64,18.2,4.29,924.4
2011-10-20,21.2,14.9,72,13.6,3.4,924.6
2011-10-21,20.6,13.9,71,14.5,3.27,925.2
2011-10-22,17.2,13.6,89,13.3,1.1,926.7
2011-10-23,18.9,15.3,90,10.6,1.48,927.7
2011-10-24,22.0,14.2,80,13.0,3.25,925.3
2011-10-25,23.9,14.8,79,13.4,3.5,922.3
2011-10-26,25.5,17.6,80,12.2,3.91,921.3
2011-10-27,27.2,17.7,82,10.7,4.36,921.8
2011-10-28,28.6,18.7,80,12.0,4.96,921.0
2011-10-29,27.6,18.3,81,9.2,4.51,920.2
2011-10-30,27.3,18.6,85,12.0,3.69,919.9
2011-10-31,21.5,13.1,89,16.0,2.05,920.5
2011-11-01,17.5,12.9,76,17.4,1.8,923.5
2011-11-02,19.8,13.4,70,13.7,3.34,925.5
2011-11-03,22.0,12.7,71,10.5,3.53,925.6
2011-11-04,23.1,13.6,71,11.6,3.81,925.6
2011-11-05,24.6,13.0,68,10.8,4.83,924.2
2011-11-06,25.7,12.4,65,9.2,5.34,922.9
2011-11-07,25.2,14.6,70,7.1,3.8,922.1
2011-11-08,24.4,15.7,73,10.5,4.15,921.5
2011-11-09,25.7,15.7,65,14.3,4.9,922.8
2011-11-10,25.7,14.3,71,6.9,4.59,922.7
2011-11-11,27.2,15.0,68,8.0,4.97,922.9
2011-11-12,27.3,16.9,67,10.8,5.02,922.9
2011-11-13,26.2,18.5,75,13.0,3.86,922.1
2011-11-14,27.1,18.6,75,17.3,4.45,920.6
2011-11-15,21.6,18.8,93,19.2,1.57,918.1
2011-11-16,24.6,18.1,82,21.7,3.46,917.4
2011-11-17,24.7,16.6,81,11.3,3.67,919.9
2011-11-18,23.2,16.5,84,13.0,2.82,921.4
2011-11-19,22.2,16.7,90,12.1,2.28,922.4
2011-11-20,21.3,15.7,83,12.7,2.64,922.4
2011-11-21,22.8,17.0,81,13.6,3.1,922.4
2011-11-22,25.7,17.3,80,16.7,3.79,920.6
2011-11-23,21.8,19.1,95,16.3,1.07,919.7
2011-11-24,26.4,18.6,84,9.8,4.09,920.6
2011-11-25,26.2,17.8,85,8.4,4.39,920.7
2011-11-26,22.4,18.6,94,11.9,1.4,921.7
2011-11-27,19.4,17.6,94,5.6,0.84,921.4
2011-11-28,21.1,17.4,93,9.0,1.5,921.8
2011-11-29,20.5,17.0,93,11.1,1.29,920.9
2011-11-30,25.2,17.8,85,14.6,3.53,919.7
2011-12-01,24.9,18.2,90,15.3,2.6,920.1
2011-12-02,25.1,18.7,88,9.5,2.94,919.8
2011-12-03,22.8,17.0,85,12.3,2.72,920.9
2011-12-04,21.2,17.1,87,8.8,1.6,921.6
2011-12-05,25.3,17.4,84,9.7,3.8,922.4
2011-12-06,26.3,18.3,84,8.6,3.81,922.1
2011-12-07,25.1,19.3,87,7.8,3.22,921.7
2011-12-08,26.1,19.2,85,11.5,3.87,921.1
2011-12-09,26.0,19.5,81,15.0,3.21,919.3
2011-12-10,23.1,19.3,93,15.1,1.99,917.7
2011-12-11,22.7,18.1,90,7.7,2.17,917.9
2011-12-12,25.7,17.6,82,8.6,4.3,919.3
2011-12-13,26.6,18.8,82,8.4,4.44,920.1
2011-12-14,26.1,19.5,87,11.8,3.09,919.6
2011-12-15,21.7,19.2,95,13.4,1.02,918.9
2011-12-16,21.9,19.0,94,17.6,1.24,919.2
2011-12-17,22.9,18.8,92,14.7,1.82,920.9
2011-12-18,21.9,19.0,93,10.5,1.58,921.3
2011-12-19,21.3,18.8,94,12.0,1.41,921.3
2011-12-20,24.8,17.3,87,8.2,3.54,922.4
2011-12-21,26.3,17.4,85,8.5,4.02,921.4
2011-12-22,25.2,17.9,87,10.4,4.16,921.6
2011-12-23,25.9,17.2,82,11.5,4.51,922.5
2011-12-24,26.8,18.2,84,9.1,4.33,923.5
2011-12-25,27.6,18.4,79,9.4,4.72,923.2
2011-12-26,27.3,18.8,72,7.3,4.88,923.8
2011-12-27,24.8,17.7,78,8.4,3.59,923.5
2011-12-28,23.6,17.7,89,14.5,2.84,921.8
2011-12-29,22.9,18.4,95,10.0,2.18,920.6
2011-12-30,25.4,18.5,89,11.9,3.41,921.5
2011-12-31,23.8,18.9,90,11.2,2.46,920.3
2012-01-01,23.0,19.3,96,18.4,1.02,917.8
2012-01-02,23.5,19.3,94,17.1,1.6,917.0
2012-01-03,26.2,19.2,88,11.7,3.47,919.4
2012-01-04,26.3,18.9,86,10.8,4.0,921.8
2012-01-05,25.9,18.4,87,7.9,4.3,922.3
2012-01-06,25.8,18.7,87,10.1,3.77,923.1
2012-01-07,24.7,18.7,87,10.7,2.75,923.0
2012-01-08,21.3,18.2,91,11.6,1.42,923.8
2012-01-09,20.3,17.3,94,10.0,1.08,923.9
2012-01-10,22.4,18.2,92,15.1,1.93,924.4
2012-01-11,21.8,18.0,87,14.2,2.1,925.2
2012-01-12,25.3,17.7,78,13.3,4.25,924.8
2012-01-13,24.2,17.6,80,11.3,3.24,923.5
2012-01-14,27.7,17.2,77,13.4,5.23,923.5
2012-01-15,28.0,18.4,80,10.3,5.38,923.2
2012-01-16,27.3,18.2,76,9.8,5.05,923.1
2012-01-17,28.1,17.2,69,9.5,5.78,921.8
2012-01-18,26.1,17.8,69,10.2,4.77,921.8
2012-01-19,25.5,17.6,71,12.8,4.05,922.1
2012-01-20,25.6,17.1,73,12.7,3.92,923.2
2012-01-21,25.5,17.2,74,12.4,3.85,922.8
2012-01-22,25.8,16.6,74,12.4,4.69,922.2
2012-01-23,26.3,18.2,72,14.7,4.82,922.4
2012-01-24,26.5,17.4,70,13.5,5.03,922.6
2012-01-25,26.7,18.4,72,12.3,4.92,922.5
2012-01-26,27.7,16.8,71,6.6,5.18,921.1
2012-01-27,27.8,19.3,67,10.5,5.2,921.0
2012-01-28,27.8,20.5,71,10.7,4.34,922.2
2012-01-29,26.2,18.9,83,11.7,3.96,920.8
2012-01-30,25.9,18.8,86,10.2,3.63,920.2
2012-01-31,23.5,18.5,86,11.5,2.89,920.9
2012-02-01,24.0,18.4,88,13.2,3.18,923.0
2012-02-02,26.3,18.4,74,15.5,4.81,924.2
2012-02-03,25.9,17.5,73,14.2,5.02,924.9
2012-02-04,26.1,17.1,72,12.9,5.2,924.9
2012-02-05,27.4,16.4,70,12.3,5.51,924.4
2012-02-06,26.2,17.2,74,10.7,4.31,923.9
2012-02-07,27.8,18.4,68,6.2,4.72,921.4
2012-02-08,29.3,18.7,68,6.9,5.24,919.7
2012-02-09,29.2,18.3,73,7.2,5.2,919.9
2012-02-10,28.7,19.7,74,10.0,4.65,920.7
2012-02-11,28.3,20.1,72,11.4,4.49,921.4
2012-02-12,25.5,19.5,85,11.5,3.11,921.5
2012-02-13,26.4,19.3,80,8.8,4.02,922.9
2012-02-14,26.1,18.2,71,13.8,4.7,925.1
2012-02-15,26.8,17.3,72,13.3,5.02,925.8
2012-02-16,26.8,18.7,71,12.4,5.09,925.1
2012-02-17,26.2,19.0,70,13.0,4.48,924.4
2012-02-18,25.8,18.0,73,14.1,3.74,924.7
2012-02-19,26.5,17.9,74,11.8,3.87,924.7
2012-02-20,27.1,17.7,68,12.8,4.37,923.4
2012-02-21,26.9,16.8,66,14.1,4.51,923.1
2012-02-22,27.1,18.1,73,10.9,4.26,921.9
2012-02-23,28.1,18.9,76,10.2,4.62,921.1
2012-02-24,27.4,19.5,74,9.1,4.5,920.8
2012-02-25,28.4,18.0,63,12.0,5.35,920.4
2012-02-26,28.7,16.0,62,12.2,5.39,921.4
2012-02-27,29.8,17.3,60,7.4,5.16,921.8
2012-02-28,29.7,17.8,61,11.8,5.42,922.5
2012-02-29,29.6,18.2,58,10.0,5.86,923.3
2012-03-01,30.5,16.4,55,8.5,6.04,923.0
2012-03-02,31.3,17.0,52,8.5,6.01,922.5
2012-03-03,31.0,16.6,51,11.9,6.47,923.3
2012-03-04,28.7,18.4,56,13.4,5.77,924.3
2012-03-05,27.6,18.4,62,13.6,4.8,924.1
2012-03-06,28.1,19.3,60,13.9,5.12,924.7
2012-03-07,26.9,18.1,59,13.0,5.17,925.0
2012-03-08,28.6,17.8,57,10.0,5.12,924.6
2012-03-09,28.9,17.4,58,8.1,5.01,923.7
2012-03-10,28.9,19.6,63,15.1,4.64,924.9
2012-03-11,28.6,19.8,69,7.9,4.42,924.7
2012-03-12,27.1,18.5,82,10.4,3.67,923.1
2012-03-13,26.5,18.1,83,9.7,3.56,922.6
2012-03-14,27.3,18.3,76,10.5,4.33,922.6
2012-03-15,28.3,18.4,77,9.0,4.33,922.3
2012-03-16,26.7,19.1,89,8.9,2.83,922.6
2012-03-17,24.2,18.9,87,12.9,2.56,922.8
2012-03-18,21.8,17.0,79,15.1,2.32,922.7
2012-03-19,20.9,16.9,82,7.7,1.63,922.8
2012-03-20,23.5,17.1,87,8.2,2.42,922.1
2012-03-21,25.3,16.6,83,8.7,3.37,921.0
2012-03-22,27.0,18.4,79,12.2,4.22,919.8
2012-03-23,25.4,19.1,86,12.1,3.04,920.2
2012-03-24,26.9,18.3,84,12.0,3.49,921.6
2012-03-25,27.5,18.5,85,8.1,3.58,923.1
2012-03-26,26.8,18.4,80,11.0,3.96,923.3
2012-03-27,26.3,16.2,74,9.7,4.53,922.7
2012-03-28,27.4,16.0,70,7.1,4.26,922.3
2012-03-29,24.3,18.9,85,12.3,2.8,925.1
2012-03-30,26.0,18.2,78,11.9,3.67,926.4
2012-03-31,26.3,18.0,79,10.2,3.66,925.6
2012-04-01,26.2,17.2,82,12.8,3.71,924.3
2012-04-02,26.1,18.3,78,13.6,3.64,924.1
2012-04-03,25.9,18.5,78,12.7,3.45,923.9
2012-04-04,26.3,16.8,75,11.7,3.91,923.6
2012-04-05,27.4,17.5,77,9.9,4.11,922.1
2012-04-06,28.4,18.8,78,9.2,3.68,921.6
2012-04-07,26.4,18.0,84,7.0,3.28,922.0
2012-04-08,26.9,18.3,78,10.8,3.83,922.7
2012-04-09,26.1,17.4,75,13.5,3.89,923.0
2012-04-10,26.2,18.4,69,14.6,3.95,925.0
2012-04-11,25.7,17.7,74,13.3,3.4,926.0
2012-04-12,25.4,17.6,75,12.4,3.36,924.7
2012-04-13,25.6,15.9,75,12.0,3.56,923.3
2012-04-14,27.0,16.1,72,7.1,3.91,922.0
2012-04-15,28.9,16.9,67,10.1,4.35,921.5
2012-04-16,27.5,18.1,78,10.0,3.06,922.6
2012-04-17,22.6,18.5,81,10.1,1.82,925.3
2012-04-18,26.0,15.4,69,8.7,3.84,925.4
2012-04-19,25.1,14.9,70,10.8,3.72,923.9
2012-04-20,26.0,14.4,65,7.2,3.98,922.0
2012-04-21,27.6,16.2,56,10.8,4.38,921.5
2012-04-22,27.1,18.9,64,10.7,2.94,922.4
2012-04-23,22.8,18.1,89,7.9,1.6,923.1
2012-04-24,25.4,17.6,81,7.8,2.76,923.0
2012-04-25,25.9,18.2,80,10.5,3.0,923.1
2012-04-26,27.3,18.7,76,16.6,3.32,921.4
2012-04-27,25.6,19.3,80,15.1,2.18,921.3
2012-04-28,27.1,17.5,81,7.9,3.22,922.0
2012-04-29,27.9,18.3,80,8.1,3.43,922.2
2012-04-30,26.7,18.2,80,11.0,3.13,922.5
2012-05-01,23.4,15.4,82,10.5,2.35,922.7
2012-05-02,19.7,13.3,81,10.5,1.82,925.7
2012-05-03,24.0,14.4,70,12.8,3.51,928.0
2012-05-04,23.0,15.5,71,15.1,2.91,927.9
2012-05-05,23.7,14.5,75,10.5,3.16,926.4
2012-05-06,22.9,13.1,81,12.1,2.8,925.5
2012-05-07,21.9,15.1,70,14.8,3.21,927.9
2012-05-08,20.4,14.6,81,10.1,1.89,928.1
2012-05-09,21.9,14.9,85,10.7,2.24,925.3
2012-05-10,23.2,13.8,78,9.8,2.66,922.8
2012-05-11,24.9,14.1,71,10.9,3.21,922.4
2012-05-12,26.4,14.1,69,12.9,3.34,921.0
2012-05-13,24.9,17.1,74,8.0,2.79,921.3
2012-05-14,19.1,15.7,93,10.4,0.87,923.5
2012-05-15,17.6,14.2,93,11.2,1.06,924.3
2012-05-16,19.9,14.0,84,10.1,1.73,924.6
2012-05-17,20.6,12.7,77,14.6,2.27,925.0
2012-05-18,20.0,13.3,77,15.4,2.33,925.4
2012-05-19,20.1,13.9,78,13.0,2.3,926.1
2012-05-20,19.9,13.3,81,13.8,2.07,927.2
2012-05-21,20.4,13.3,80,10.0,2.22,927.8
2012-05-22,19.7,13.5,82,11.2,2.11,927.0
2012-05-23,21.0,13.7,85,11.3,2.26,926.6
2012-05-24,21.8,14.1,82,9.4,2.29,925.9
2012-05-25,23.4,13.1,81,11.3,2.84,924.2
2012-05-26,24.1,15.8,83,13.4,2.57,923.7
2012-05-27,25.1,15.2,80,11.4,2.94,924.3
2012-05-28,25.6,14.1,78,4.8,2.87,926.1
2012-05-29,25.2,15.1,79,5.5,2.92,925.5
2012-05-30,25.7,14.5,75,9.5,3.08,924.0
2012-05-31,25.7,15.6,74,5.6,2.82,924.8
2012-06-01,25.0,14.8,82,8.4,2.8,926.0
2012-06-02,24.8,15.3,82,8.5,2.7,924.9
2012-06-03,25.4,14.9,77,12.3,3.02,923.6
2012-06-04,26.7,15.3,73,11.8,3.4,923.2
2012-06-05,27.0,16.2,75,12.7,3.21,924.5
2012-06-06,23.8,16.5,83,5.2,1.9,926.7
2012-06-07,24.8,15.9,87,7.2,2.4,925.9
2012-06-08,21.4,15.3,84,10.7,1.65,925.3
2012-06-09,22.6,15.0,83,6.9,2.19,925.8
2012-06-10,21.8,14.5,81,10.9,2.03,926.7
2012-06-11,23.0,14.2,80,12.5,2.25,926.2
2012-06-12,23.7,12.5,80,7.4,2.76,925.3
2012-06-13,23.3,13.2,79,11.5,2.42,926.2
2012-06-14,23.1,12.7,79,9.6,2.55,925.9
2012-06-15,22.2,12.1,79,8.6,2.48,925.1
2012-06-16,22.3,12.5,75,8.2,2.41,924.8
2012-06-17,23.9,11.5,73,6.6,2.85,924.4
2012-06-18,24.5,11.4,70,10.6,3.2,923.5
2012-06-19,25.7,12.8,71,12.8,2.93,923.1
2012-06-20,26.9,14.8,72,16.6,3.19,922.5
2012-06-21,26.9,16.5,74,9.1,2.97,923.0
2012-06-22,26.5,16.0,74,15.9,2.92,923.6
2012-06-23,25.5,17.4,79,11.8,2.59,927.5
2012-06-24,21.8,16.2,82,11.2,1.75,929.4
2012-06-25,23.8,12.8,78,7.1,2.63,927.7
2012-06-26,20.8,12.7,75,15.3,2.69,928.9
2012-06-27,22.6,10.1,77,13.7,2.79,929.6
2012-06-28,22.6,13.8,75,13.2,2.48,929.4
2012-06-29,23.7,12.0,71,7.9,3.05,927.3
2012-06-30,24.2,12.9,75,6.6,2.63,926.9
2012-07-01,24.4,12.7,72,8.5,3.2,926.7
2012-07-02,23.6,11.5,73,11.1,3.11,926.9
2012-07-03,23.0,11.5,71,10.4,3.09,927.0
2012-07-04,22.5,10.5,71,13.6,3.11,925.9
2012-07-05,22.6,12.4,74,11.5,2.92,926.0
2012-07-06,22.5,11.3,75,13.0,2.8,925.0
2012-07-07,23.4,11.0,71,7.6,3.01,925.4
2012-07-08,24.7,13.3,63,13.0,3.16,925.5
2012-07-09,20.3,12.7,74,14.1,2.54,927.7
2012-07-10,21.6,10.2,71,7.2,2.95,925.0
2012-07-11,23.7,12.3,64,12.6,3.04,921.3
2012-07-12,26.0,15.2,58,21.3,3.55,920.4
2012-07-13,23.8,16.2,68,16.3,2.69,923.7
2012-07-14,25.4,11.2,73,7.4,2.99,925.8
2012-07-15,24.0,14.4,79,10.0,2.41,926.9
2012-07-16,20.9,15.1,78,15.5,2.12,927.9
2012-07-17,19.3,14.3,82,16.7,1.52,927.6
2012-07-18,22.4,14.4,80,17.6,2.34,926.1
2012-07-19,22.4,9.3,64,7.0,3.04,925.6
2012-07-20,23.7,8.1,69,8.9,3.12,925.1
2012-07-21,25.8,11.5,67,11.2,3.59,925.3
2012-07-22,27.3,12.8,59,10.7,3.66,926.9
2012-07-23,26.4,13.1,63,9.9,3.36,927.5
2012-07-24,25.7,13.3,57,12.3,3.95,927.4
2012-07-25,25.7,12.3,57,8.2,3.6,925.6
2012-07-26,25.8,11.5,57,10.0,3.83,925.7
2012-07-27,26.1,11.3,54,8.7,3.75,926.1
2012-07-28,25.8,10.8,60,9.5,3.85,926.0
2012-07-29,24.7,11.1,64,8.9,3.65,925.5
2012-07-30,25.3,9.9,63,14.7,3.89,927.6
2012-07-31,23.3,13.5,66,17.5,3.63,930.6
2012-08-01,21.7,15.0,73,16.2,2.19,930.2
2012-08-02,21.8,13.4,74,14.1,2.31,928.7
2012-08-03,23.4,12.6,71,12.3,3.41,927.7
2012-08-04,25.4,12.0,65,6.7,3.53,927.0
2012-08-05,27.1,14.7,59,14.1,4.18,925.1
2012-08-06,22.2,14.8,70,9.6,2.72,925.3
2012-08-07,20.8,13.5,75,13.5,2.13,927.3
2012-08-08,23.0,11.2,69,10.8,3.57,929.0
2012-08-09,21.4,10.5,72,12.4,2.96,927.8
2012-08-10,22.0,11.5,68,13.7,3.01,927.6
2012-08-11,22.5,10.4,67,14.3,3.41,928.0
2012-08-12,21.6,11.0,72,15.4,2.55,929.3
2012-08-13,22.1,13.2,72,14.6,2.55,931.1
2012-08-14,21.3,14.2,77,18.7,2.57,929.7
2012-08-15,21.2,12.9,76,15.7,2.31,930.0
2012-08-16,20.9,15.5,78,17.3,2.07,930.3
2012-08-17,22.2,13.7,70,18.9,3.13,930.3
2012-08-18,22.6,14.1,65,20.2,3.31,930.6
2012-08-19,22.0,14.5,70,16.3,2.91,931.2
2012-08-20,22.3,13.0,65,21.5,3.42,931.2
2012-08-21,21.1,9.3,74,16.3,2.48,930.9
2012-08-22,23.3,13.8,63,14.9,4.15,930.6
2012-08-23,22.4,13.8,68,18.2,2.87,930.3
2012-08-24,23.0,14.3,66,19.8,3.47,929.8
2012-08-25,23.7,11.7,63,11.8,4.19,928.7
2012-08-26,24.7,12.3,65,13.8,3.57,928.6
2012-08-27,24.9,11.9,66,10.8,3.65,927.8
2012-08-28,24.3,13.3,64,10.6,3.18,926.4
2012-08-29,27.4,13.3,62,16.2,4.38,924.6
2012-08-30,27.2,13.7,61,11.3,4.53,926.3
2012-08-31,26.3,12.5,57,9.6,4.52,927.1
2012-09-01,28.2,11.5,55,7.9,4.72,925.7
2012-09-02,28.9,12.6,51,7.7,4.96,926.4
2012-09-03,30.4,13.1,44,16.3,5.24,927.4
2012-09-04,25.5,15.3,61,18.7,4.27,930.3
2012-09-05,25.8,15.6,59,9.7,4.53,929.5
2012-09-06,27.7,12.3,51,11.1,5.1,927.1
2012-09-07,26.6,14.4,60,11.6,4.73,927.8
2012-09-08,27.1,14.4,58,11.5,4.4,928.5
2012-09-09,29.6,13.8,52,8.0,4.89,927.6
2012-09-10,30.2,15.2,47,9.7,5.06,925.1
2012-09-11,31.7,15.7,42,14.3,5.49,922.8
2012-09-12,33.3,17.0,38,13.1,5.79,923.1
2012-09-13,33.4,18.6,49,17.4,5.68,924.1
2012-09-14,28.1,18.3,67,14.1,4.22,926.9
2012-09-15,27.7,18.2,63,15.5,4.79,927.2
2012-09-16,28.5,16.8,58,14.2,5.2,926.6
2012-09-17,28.2,16.9,58,11.9,4.62,925.9
2012-09-18,30.5,15.5,52,9.1,5.57,923.7
2012-09-19,32.4,15.8,44,16.5,6.3,921.6
2012-09-20,31.3,18.3,48,15.0,4.92,921.7
2012-09-21,30.7,18.6,65,14.1,4.63,922.2
2012-09-22,27.4,17.3,76,12.5,3.58,924.6
2012-09-23,20.6,15.7,77,15.1,2.37,926.7
2012-09-24,24.5,15.3,68,17.3,3.58,926.5
2012-09-25,26.8,16.4,66,12.4,3.65,924.3
2012-09-26,24.5,11.6,82,17.2,2.32,924.2
2012-09-27,20.6,9.2,59,15.5,4.91,928.0
2012-09-28,20.9,10.0,63,15.9,4.74,929.3
2012-09-29,21.5,10.4,60,12.3,4.75,928.9
2012-09-30,21.2,10.9,68,12.2,4.06,926.3
2012-10-01,25.0,9.8,62,9.4,5.1,923.7
2012-10-02,27.7,12.3,57,10.7,5.5,924.2
2012-10-03,27.4,15.4,55,15.3,5.59,926.2
2012-10-04,27.4,15.2,59,13.9,5.38,925.5
2012-10-05,27.3,16.6,59,16.4,5.49,924.8
2012-10-06,25.9,17.1,59,17.5,4.59,925.6
2012-10-07,26.4,14.9,56,17.0,5.45,926.4
2012-10-08,24.6,16.4,61,18.7,3.98,926.2
2012-10-09,25.7,16.0,60,18.9,4.32,924.3
2012-10-10,27.4,15.7,58,15.0,4.82,922.3
2012-10-11,30.1,14.7,52,9.0,5.73,922.0
2012-10-12,30.9,18.3,52,13.0,5.96,923.8
2012-10-13,24.5,18.3,79,11.9,2.91,925.2
2012-10-14,22.9,16.6,78,13.4,2.76,924.6
2012-10-15,23.9,14.0,67,10.1,3.76,923.4
2012-10-16,27.2,15.3,58,12.0,5.52,923.0
2012-10-17,26.3,16.5,65,15.9,3.89,923.3
2012-10-18,28.7,17.0,62,11.7,4.57,922.3
2012-10-19,29.7,18.1,64,12.4,5.2,923.6
2012-10-20,29.4,18.0,69,14.5,5.05,923.9
2012-10-21,29.6,18.7,60,10.2,5.28,921.7
2012-10-22,29.3,19.1,60,9.9,3.72,919.9
2012-10-23,33.0,19.1,61,11.7,5.65,920.4
2012-10-24,32.6,19.6,65,11.0,5.41,922.5
2012-10-25,28.6,20.6,73,17.1,4.22,923.4
2012-10-26,30.6,19.1,55,14.8,6.44,923.8
2012-10-27,31.4,18.3,49,10.4,6.47,923.7
2012-10-28,34.0,17.8,44,7.8,6.79,922.7
2012-10-29,32.8,21.3,48,13.5,6.47,923.3
2012-10-30,34.5,22.2,52,7.7,5.82,921.8
2012-10-31,34.3,21.3,62,8.5,5.38,919.6
2012-11-01,33.0,20.4,68,13.5,6.07,918.9
2012-11-02,27.2,20.3,78,12.3,3.85,920.9
2012-11-03,22.6,19.5,91,8.3,1.87,921.1
2012-11-04,25.3,18.7,87,8.7,3.02,919.6
2012-11-05,26.8,18.8,84,9.1,3.55,919.5
2012-11-06,24.9,18.7,82,11.4,3.07,920.8
2012-11-07,25.4,18.5,80,13.2,4.06,922.3
2012-11-08,25.8,18.9,75,15.6,4.07,921.1
2012-11-09,19.5,17.9,95,15.7,0.79,919.9
2012-11-10,20.6,17.7,92,14.7,1.29,920.6
2012-11-11,23.1,17.6,85,14.8,2.31,921.7
2012-11-12,26.3,18.0,80,10.8,4.36,921.5
2012-11-13,25.3,19.1,87,13.0,2.8,919.1
2012-11-14,22.7,18.3,84,12.2,2.18,919.7
2012-11-15,22.1,17.4,86,12.7,2.17,919.7
2012-11-16,24.0,17.7,91,13.5,2.2,920.1
2012-11-17,25.1,15.9,74,15.6,4.7,922.8
2012-11-18,22.8,15.3,77,12.7,3.65,924.7
2012-11-19,24.6,17.0,79,14.4,4.07,923.7
2012-11-20,22.8,18.1,87,11.4,2.4,921.5
2012-11-21,27.8,16.7,73,8.2,5.35,921.3
2012-11-22,28.1,16.1,68,7.6,5.6,921.6
2012-11-23,28.5,16.9,67,11.2,5.94,920.6
2012-11-24,28.3,18.9,70,15.0,5.32,919.9
2012-11-25,23.9,19.6,90,8.9,1.91,920.4
2012-11-26,23.9,18.7,83,11.9,2.44,921.8
2012-11-27,22.5,18.2,92,9.7,1.81,919.6
2012-11-28,25.2,19.1,89,11.8,2.79,918.5
2012-11-29,28.5,18.0,74,14.5,5.55,920.9
2012-11-30,25.9,18.4,79,18.0,4.12,923.2
2012-12-01,26.0,19.4,83,13.0,3.92,923.2
2012-12-02,27.3,19.2,79,9.2,4.73,921.9
2012-12-03,27.5,18.2,78,7.2,4.71,922.2
2012-12-04,26.8,18.6,72,9.8,4.94,923.5
2012-12-05,26.8,16.7,72,10.5,5.06,922.4
2012-12-06,27.9,17.4,72,6.5,5.2,920.9
2012-12-07,28.7,18.9,70,6.2,5.38,921.0
2012-12-08,29.4,20.1,76,9.1,5.29,921.6
2012-12-09,27.6,20.4,83,7.7,3.45,921.7
2012-12-10,27.2,20.5,85,10.2,3.62,920.1
2012-12-11,27.6,20.2,80,14.6,4.58,919.5
2012-12-12,27.2,21.2,83,7.8,3.88,919.0
2012-12-13,28.2,19.9,86,8.3,4.1,919.7
2012-12-14,27.3,20.0,85,10.2,4.02,919.9
2012-12-15,28.3,19.9,81,11.2,4.66,920.7
2012-12-16,28.9,20.4,77,13.1,5.22,920.6
2012-12-17,29.3,20.9,76,12.3,5.26,920.7
2012-12-18,29.3,19.7,71,9.0,5.56,920.5
2012-12-19,29.0,19.5,82,9.0,4.92,921.0
2012-12-20,27.9,20.2,81,12.1,4.43,921.5
2012-12-21,29.1,19.1,76,8.7,5.48,921.7
2012-12-22,29.7,19.0,69,11.2,6.1,921.8
2012-12-23,28.2,21.0,72,14.1,5.01,923.1
2012-12-24,28.3,19.5,69,11.4,5.03,922.9
2012-12-25,29.9,17.9,68,9.2,6.04,921.9
2012-12-26,29.8,20.1,68,6.8,5.22,922.2
2012-12-27,30.9,21.1,65,12.1,6.03,921.2
2012-12-28,30.2,21.8,66,10.9,5.45,921.8
2012-12-29,30.2,19.5,69,12.1,5.78,923.0
2012-12-30,29.1,19.8,69,11.9,5.48,923.8
2012-12-31,28.8,19.2,63,13.4,6.1,923.9
2013-01-01,29.4,17.1,61,12.2,6.1,922.7
2013-01-02,29.5,18.6,60,10.8,5.69,922.1
2013-01-03,29.0,19.1,66,12.1,5.43,924.3
2013-01-04,28.6,19.9,66,12.8,5.19,926.3
2013-01-05,28.7,19.1,64,9.6,5.69,925.3
2013-01-06,29.9,18.6,60,8.7,5.78,922.9
2013-01-07,30.5,20.2,66,9.8,5.48,922.2
2013-01-08,28.9,21.3,77,12.1,4.21,922.6
2013-01-09,27.5,20.7,71,12.6,3.81,922.7
2013-01-10,27.8,20.4,70,13.6,4.36,921.4
2013-01-11,22.1,19.3,92,8.3,1.1,919.9
2013-01-12,25.3,18.6,85,12.9,2.36,921.9
2013-01-13,24.9,18.2,85,15.0,2.48,923.7
2013-01-14,26.0,18.6,75,10.8,4.12,923.3
2013-01-15,24.9,19.4,82,11.0,2.73,920.7
2013-01-16,25.4,18.8,85,14.9,3.42,920.0
2013-01-17,25.5,19.0,88,14.3,3.13,920.9
2013-01-18,26.8,18.3,84,12.6,4.31,919.7
2013-01-19,28.1,18.6,80,13.2,4.94,919.4
2013-01-20,26.9,18.9,84,11.5,3.67,919.9
2013-01-21,25.2,18.6,78,13.0,4.04,922.3
2013-01-22,24.8,17.9,72,13.7,4.33,924.4
2013-01-23,24.2,18.7,77,11.6,3.14,924.0
2013-01-24,25.6,18.6,81,10.4,3.37,922.0
2013-01-25,25.7,18.9,84,17.7,3.72,920.4
2013-01-26,25.2,20.3,90,16.9,2.07,920.7
2013-01-27,26.0,20.4,92,7.3,2.39,922.4
2013-01-28,22.3,19.4,97,9.3,1.09,923.6
2013-01-29,21.7,18.6,96,7.0,1.08,923.7
2013-01-30,25.9,19.2,86,6.7,2.89,923.3
2013-01-31,26.3,19.7,88,5.8,2.9,922.5
2013-02-01,26.1,19.3,90,6.5,3.43,922.3
2013-02-02,26.9,19.4,86,7.6,3.69,923.6
2013-02-03,28.0,18.6,80,11.7,5.07,921.7
2013-02-04,26.9,19.3,76,14.8,3.68,920.2
2013-02-05,27.4,19.2,82,7.9,4.1,921.9
2013-02-06,24.6,18.8,85,11.4,2.63,923.0
2013-02-07,26.8,18.7,75,16.1,4.59,923.4
2013-02-08,26.5,18.9,75,16.0,4.5,923.7
2013-02-09,27.0,19.3,80,14.8,3.96,924.1
2013-02-10,27.1,19.1,73,13.1,4.87,923.5
2013-02-11,27.0,17.0,74,11.0,4.45,922.5
2013-02-12,28.3,16.2,70,7.3,5.69,921.6
2013-02-13,29.0,17.0,67,6.9,5.43,922.2
2013-02-14,28.3,17.1,69,9.7,5.16,922.9
2013-02-15,28.6,17.5,72,8.9,4.84,922.6
2013-02-16,28.0,18.6,72,10.6,4.62,921.6
2013-02-17,28.1,18.4,71,10.5,4.56,922.5
2013-02-18,29.1,17.3,68,9.7,5.49,922.9
2013-02-19,27.1,18.0,72,14.4,4.45,923.4
2013-02-20,28.0,18.6,66,14.3,5.86,923.8
2013-02-21,28.4,18.8,65,11.5,5.72,923.7
2013-02-22,28.2,17.8,68,7.6,5.04,922.8
2013-02-23,28.1,18.5,68,11.3,5.08,922.7
2013-02-24,26.7,19.7,70,14.5,4.52,923.6
2013-02-25,27.2,18.5,70,10.8,4.2,922.8
2013-02-26,29.8,18.3,64,8.2,5.28,922.0
2013-02-27,29.5,19.8,72,10.0,4.61,922.8
2013-02-28,25.3,19.6,87,9.1,2.61,922.9
2013-03-01,22.8,18.9,93,9.4,1.38,923.2
2013-03-02,24.9,18.3,87,15.9,2.86,924.3
2013-03-03,26.6,19.4,80,13.8,3.94,924.9
2013-03-04,27.0,17.6,74,9.4,4.47,923.8
2013-03-05,28.5,18.5,74,10.2,4.79,922.3
2013-03-06,30.1,19.3,73,10.1,4.96,922.8
2013-03-07,29.0,20.1,81,10.9,4.41,924.4
2013-03-08,28.6,20.3,79,11.1,4.47,924.9
2013-03-09,28.9,18.3,72,9.4,4.95,923.3
2013-03-10,30.3,19.8,70,14.0,5.11,921.7
2013-03-11,29.4,22.2,78,11.5,4.16,920.4
2013-03-12,29.8,21.1,79,9.7,4.55,920.1
2013-03-13,30.3,21.3,80,12.9,4.44,920.5
2013-03-14,25.8,20.6,90,11.0,2.17,921.6
2013-03-15,24.5,19.5,83,15.2,2.58,923.7
2013-03-16,27.7,19.1,75,10.2,4.3,923.9
2013-03-17,27.2,19.2,76,6.9,3.98,923.2
2013-03-18,25.8,18.0,84,18.6,3.42,923.3
2013-03-19,22.0,16.5,77,18.7,2.71,923.4
2013-03-20,23.5,15.8,77,13.7,2.57,922.8
2013-03-21,27.0,17.0,81,12.8,3.67,923.0
2013-03-22,24.9,18.7,88,8.9,2.19,923.1
2013-03-23,25.2,18.4,88,8.3,3.13,922.5
2013-03-24,25.4,18.8,87,8.7,2.77,921.2
2013-03-25,25.7,19.5,86,10.4,3.05,922.5
2013-03-26,25.8,19.3,90,10.5,2.25,923.0
2013-03-27,23.6,18.6,93,14.3,1.78,921.3
2013-03-28,23.9,19.3,92,9.5,1.75,921.8
2013-03-29,21.3,17.3,87,12.3,1.75,924.5
2013-03-30,23.0,17.6,84,15.5,2.23,926.7
2013-03-31,23.0,17.6,89,9.1,2.01,927.1
2013-04-01,26.1,17.2,83,7.6,3.66,925.7
2013-04-02,26.0,18.4,82,12.1,3.63,924.6
2013-04-03,25.5,18.2,84,12.0,2.88,924.0
2013-04-04,26.0,18.8,86,10.0,2.94,923.1
2013-04-05,25.8,18.5,83,11.2,2.98,922.1
2013-04-06,26.7,19.0,85,13.4,3.57,922.2
2013-04-07,27.3,18.3,85,10.2,3.63,922.6
2013-04-08,25.2,18.5,90,9.2,2.64,922.8
2013-04-09,24.7,19.0,88,10.2,2.25,922.7
2013-04-10,20.7,18.2,92,9.8,0.95,923.6
2013-04-11,21.6,18.2,90,15.5,1.34,924.4
2013-04-12,24.5,18.1,87,11.4,2.63,923.7
2013-04-13,26.3,17.9,89,14.8,2.97,921.4
2013-04-14,24.6,18.9,84,7.4,2.65,921.5
2013-04-15,22.3,18.1,89,7.0,1.69,922.8
2013-04-16,25.3,18.1,79,10.5,3.13,920.9
2013-04-17,25.4,13.9,76,7.4,3.57,921.5
2013-04-18,24.0,16.6,77,10.1,2.73,923.4
2013-04-19,24.7,15.8,78,7.6,3.07,924.2
2013-04-20,23.5,15.1,76,11.6,2.98,924.6
2013-04-21,22.3,11.7,76,11.7,3.5,925.0
2013-04-22,21.2,13.5,75,16.0,2.92,926.8
2013-04-23,21.9,13.3,73,13.8,3.54,927.4
2013-04-24,21.7,15.9,75,9.6,2.3,927.1
2013-04-25,21.3,12.6,80,9.2,2.29,926.6
2013-04-26,22.2,12.0,78,10.2,3.28,925.5
2013-04-27,23.4,11.5,74,7.1,3.77,924.2
2013-04-28,23.1,11.3,77,8.1,3.5,924.1
2013-04-29,22.8,11.0,77,9.7,3.2,923.9
2013-04-30,25.1,12.2,74,5.5,3.72,923.7
2013-05-01,26.3,13.2,76,8.4,3.63,924.3
2013-05-02,25.0,14.0,76,9.3,3.37,924.6
2013-05-03,25.1,12.6,74,8.7,3.78,923.5
2013-05-04,25.9,13.4,66,5.6,3.86,922.8
2013-05-05,26.2,13.9,60,6.8,3.89,922.2
2013-05-06,25.9,17.3,62,12.7,3.45,921.9
2013-05-07,24.8,15.3,73,14.4,3.04,923.9
2013-05-08,24.4,12.0,67,8.3,3.72,924.6
2013-05-09,22.8,11.9,76,8.4,2.71,926.4
2013-05-10,22.8,13.8,76,10.4,3.19,927.2
2013-05-11,21.2,12.5,77,10.4,2.39,927.0
2013-05-12,23.1,10.6,73,10.5,3.42,925.8
2013-05-13,24.1,12.1,75,10.4,3.13,925.8
2013-05-14,25.3,15.1,76,8.7,3.44,926.1
2013-05-15,25.1,13.7,76,9.5,3.3,925.1
2013-05-16,24.8,13.8,78,7.9,2.68,924.5
2013-05-17,25.5,13.5,78,13.0,3.1,925.9
2013-05-18,21.7,16.6,80,16.6,1.96,927.8
2013-05-19,23.6,14.9,78,10.5,2.51,927.5
2013-05-20,24.7,14.2,77,9.8,2.52,924.3
2013-05-21,25.9,17.3,71,10.2,3.1,921.6
2013-05-22,25.8,15.4,79,7.2,2.77,921.4
2013-05-23,23.8,16.5,89,7.2,1.92,921.6
2013-05-24,20.2,15.4,88,10.5,1.66,922.7
2013-05-25,20.0,15.4,86,9.8,1.37,924.6
2013-05-26,20.4,15.2,80,15.1,1.74,926.3
2013-05-27,22.5,13.9,79,9.4,2.36,924.8
2013-05-28,24.8,14.7,79,12.6,2.98,921.8
2013-05-29,22.3,15.2,91,16.3,1.23,922.1
2013-05-30,23.2,15.8,88,14.5,2.16,923.3
2013-05-31,23.2,13.7,84,9.0,2.21,925.0
2013-06-01,23.0,16.6,83,10.3,1.9,925.8
2013-06-02,24.4,15.0,82,8.1,2.5,924.5
2013-06-03,24.3,15.3,85,8.5,2.31,924.7
2013-06-04,22.1,15.2,82,13.6,2.17,926.3
2013-06-05,22.6,13.5,81,11.0,2.5,926.5
2013-06-06,22.9,13.6,85,9.5,2.16,926.6
2013-06-07,24.2,13.1,83,6.8,2.8,926.8
2013-06-08,24.0,14.5,81,10.1,2.44,928.0
2013-06-09,21.7,14.6,85,11.7,2.0,927.9
2013-06-10,22.5,14.1,82,10.4,2.43,927.3
2013-06-11,23.2,12.2,80,6.6,2.77,927.2
2013-06-12,23.6,12.1,79,6.6,2.93,927.0
2013-06-13,23.7,12.8,79,6.1,2.78,925.6
2013-06-14,23.2,13.0,81,6.2,2.54,924.2
2013-06-15,23.2,12.5,79,6.2,2.58,924.0
2013-06-16,22.5,13.8,81,12.7,2.52,924.8
2013-06-17,23.9,13.3,79,13.2,2.6,924.6
2013-06-18,24.8,13.6,76,6.8,2.72,924.9
2013-06-19,24.1,13.6,80,10.2,2.46,924.6
2013-06-20,24.3,12.1,78,7.8,2.98,924.3
2013-06-21,24.6,12.4,72,13.7,3.12,922.8
2013-06-22,25.6,17.9,69,17.9,2.94,923.6
2013-06-23,25.1,15.4,81,10.3,2.61,926.0
2013-06-24,21.0,16.2,84,10.8,1.31,927.2
2013-06-25,22.4,15.8,78,13.4,2.15,926.5
2013-06-26,24.2,12.9,77,8.6,2.73,925.6
2013-06-27,25.0,13.5,77,6.1,2.62,925.9
2013-06-28,24.6,15.4,80,5.9,2.57,924.0
2013-06-29,24.3,15.0,76,9.5,2.54,923.3
2013-06-30,26.0,14.5,71,5.6,2.79,923.4
2013-07-01,25.2,15.8,75,12.6,2.82,924.6
2013-07-02,22.8,14.1,80,12.5,2.46,925.9
2013-07-03,20.8,13.9,78,11.4,2.05,929.3
2013-07-04,22.0,14.6,75,13.1,2.5,930.5
2013-07-05,20.9,11.8,75,8.6,2.73,929.1
2013-07-06,22.4,9.0,74,9.1,3.02,926.1
2013-07-07,24.5,11.0,71,8.1,3.19,925.4
2013-07-08,25.2,12.2,68,8.9,3.21,927.0
2013-07-09,22.7,11.7,70,13.0,2.97,929.3
2013-07-10,21.0,14.0,76,12.0,2.19,929.8
2013-07-11,19.9,12.6,74,10.5,2.2,928.5
2013-07-12,22.0,12.1,71,10.2,2.54,928.3
2013-07-13,23.7,13.0,75,13.6,2.65,927.4
2013-07-14,25.1,13.8,72,6.7,2.87,926.1
2013-07-15,25.6,15.4,64,16.9,3.23,924.3
2013-07-16,26.1,12.3,61,7.3,3.25,924.8
2013-07-17,24.9,13.4,71,9.7,3.16,925.9
2013-07-18,25.5,12.7,69,9.5,3.35,924.6
2013-07-19,25.9,13.9,66,9.2,3.07,924.0
2013-07-20,27.3,14.6,65,12.4,3.54,922.8
2013-07-21,28.2,15.0,63,11.5,3.76,923.3
2013-07-22,28.7,14.6,68,7.2,3.59,923.8
2013-07-23,27.5,15.3,71,8.4,3.28,923.5
2013-07-24,20.7,15.3,81,12.7,1.67,926.0
2013-07-25,22.8,15.3,78,15.4,2.01,927.1
2013-07-26,22.2,15.2,79,10.5,1.92,929.3
2013-07-27,23.3,12.5,65,8.8,3.01,928.2
2013-07-28,25.1,12.1,67,7.4,3.44,926.3
2013-07-29,24.1,11.2,70,8.6,3.21,927.4
2013-07-30,23.8,11.4,70,10.1,3.48,928.5
2013-07-31,24.3,10.0,67,8.4,3.65,928.0
2013-08-01,25.8,9.7,59,8.3,3.8,926.9
2013-08-02,26.4,10.3,53,8.3,3.9,925.7
2013-08-03,27.1,10.7,53,8.6,3.96,925.1
2013-08-04,27.3,11.8,50,10.2,4.12,925.6
2013-08-05,27.1,11.7,58,14.1,4.2,926.2
2013-08-06,25.3,13.4,65,12.6,3.8,927.4
2013-08-07,24.5,11.3,65,15.3,3.93,925.1
2013-08-08,24.2,14.4,66,15.8,3.56,924.6
2013-08-09,25.0,13.6,66,10.4,3.54,925.2
2013-08-10,25.8,13.8,63,10.6,3.57,924.4
2013-08-11,27.2,12.7,55,9.2,3.9,922.6
2013-08-12,25.8,17.0,62,16.5,3.54,924.0
2013-08-13,26.7,15.3,62,10.2,3.75,924.9
2013-08-14,28.7,14.2,55,10.7,4.14,924.0
2013-08-15,20.1,12.9,73,13.4,2.22,924.9
2013-08-16,22.0,12.4,70,13.5,2.74,927.0
2013-08-17,23.2,14.3,69,12.3,2.73,926.9
2013-08-18,19.4,15.1,72,15.4,1.93,928.1
2013-08-19,19.3,12.5,73,12.4,1.7,928.5
2013-08-20,21.4,11.4,69,16.2,2.99,928.5
2013-08-21,23.6,14.5,71,17.3,3.29,927.6
2013-08-22,24.2,14.7,71,12.0,2.98,925.8
2013-08-23,27.1,14.1,64,9.9,3.87,925.5
2013-08-24,26.3,13.5,55,12.3,4.61,926.3
2013-08-25,26.7,13.0,56,11.0,4.34,925.2
2013-08-26,29.1,13.4,56,7.8,4.43,922.9
2013-08-27,28.7,18.2,50,14.2,4.27,923.4
2013-08-28,24.0,14.5,63,15.6,3.75,927.2
2013-08-29,23.2,12.8,67,12.4,3.71,929.6
2013-08-30,24.3,12.3,64,12.4,4.18,928.9
2013-08-31,24.6,10.9,56,11.0,4.44,927.1
2013-09-01,26.8,11.2,51,8.9,4.78,924.8
2013-09-02,27.4,13.5,57,12.3,4.74,923.2
2013-09-03,28.8,14.9,52,12.2,4.75,922.7
2013-09-04,23.4,15.7,74,8.1,1.94,926.3
2013-09-05,21.5,13.6,77,16.6,2.69,928.7
2013-09-06,22.1,15.3,70,13.4,3.02,928.6
2013-09-07,23.3,14.1,69,12.8,3.74,928.0
2013-09-08,24.2,14.4,66,11.9,3.96,928.2
2013-09-09,25.2,11.7,64,12.2,4.49,928.1
2013-09-10,25.6,13.0,64,14.0,4.33,928.6
2013-09-11,23.8,15.1,65,17.2,4.11,927.7
2013-09-12,24.7,15.1,60,15.8,4.61,926.6
2013-09-13,24.1,14.2,68,16.1,3.89,926.3
2013-09-14,25.1,14.4,65,13.8,4.16,926.7
2013-09-15,27.0,14.9,64,10.2,4.18,925.7
2013-09-16,27.5,15.2,62,11.2,4.45,922.4
2013-09-17,30.5,16.5,61,12.0,4.92,922.5
2013-09-18,27.3,17.8,73,6.9,2.95,926.2
2013-09-19,26.8,18.7,70,15.5,3.9,927.8
2013-09-20,27.6,18.6,64,16.8,4.66,926.0
2013-09-21,28.7,16.7,61,12.3,5.0,923.6
2013-09-22,32.1,16.2,54,9.9,5.65,923.3
2013-09-23,32.9,18.8,50,10.3,5.34,923.4
2013-09-24,32.7,20.9,61,14.3,5.05,922.8
2013-09-25,28.7,16.8,61,15.3,5.15,922.2
2013-09-26,24.1,14.0,62,16.0,3.9,924.0
2013-09-27,27.4,14.6,63,15.1,4.5,924.7
2013-09-28,29.1,15.9,62,11.4,4.86,924.4
2013-09-29,28.6,18.6,71,7.6,3.54,924.7
2013-09-30,25.3,16.5,77,11.8,3.49,923.1
2013-10-01,24.7,17.5,81,16.9,2.64,923.0
2013-10-02,26.0,17.9,81,9.5,2.74,923.7
2013-10-03,28.1,17.9,78,8.2,4.26,924.3
2013-10-04,28.1,18.5,80,12.5,3.75,922.8
2013-10-05,26.0,18.3,80,17.7,3.86,921.6
2013-10-06,23.0,16.0,76,13.4,3.37,923.8
2013-10-07,17.9,14.8,85,14.5,1.33,926.8
2013-10-08,17.0,13.9,83,15.5,1.5,927.9
2013-10-09,18.0,13.2,81,13.3,1.99,927.6
2013-10-10,21.1,14.2,74,15.0,3.07,926.9
2013-10-11,22.4,14.3,65,16.6,4.27,927.0
2013-10-12,21.1,13.3,69,16.9,3.75,926.7
2013-10-13,23.6,13.7,68,15.0,4.9,925.8
2013-10-14,25.3,14.9,67,12.0,4.43,924.7
2013-10-15,26.9,16.2,68,12.1,4.95,924.3
2013-10-16,26.2,16.5,67,15.5,4.74,923.6
2013-10-17,24.9,16.6,82,10.8,3.07,922.4
2013-10-18,25.3,16.7,86,15.0,3.18,920.1
2013-10-19,25.0,17.6,87,14.0,3.15,919.7
2013-10-20,26.9,16.2,78,11.0,4.32,921.8
2013-10-21,28.1,18.0,76,11.6,4.79,923.1
2013-10-22,28.0,18.3,76,8.7,4.46,922.9
2013-10-23,27.1,19.1,71,14.8,4.62,924.6
2013-10-24,27.8,16.5,64,11.7,5.72,925.2
2013-10-25,29.2,15.0,60,14.2,6.28,925.0
2013-10-26,26.5,18.7,70,13.7,4.01,924.2
2013-10-27,30.9,15.9,58,12.6,5.97,920.7
2013-10-28,27.2,18.3,70,16.7,4.79,921.2
2013-10-29,24.1,17.0,75,14.5,2.92,923.0
2013-10-30,25.8,17.9,77,10.3,3.14,922.5
2013-10-31,24.8,17.9,79,14.0,3.14,923.3
2013-11-01,21.3,17.1,79,15.7,2.18,924.7
2013-11-02,24.1,16.0,68,14.1,3.85,924.8
2013-11-03,26.2,15.9,62,12.9,5.29,922.9
2013-11-04,27.6,15.0,54,9.7,5.55,919.8
2013-11-05,26.4,17.6,61,15.0,4.15,921.8
2013-11-06,20.8,16.6,91,11.6,1.55,924.8
2013-11-07,23.8,16.2,85,12.0,2.66,924.8
2013-11-08,23.1,17.4,90,8.7,1.89,922.1
2013-11-09,27.7,16.2,75,7.2,4.52,920.5
2013-11-10,28.5,18.0,71,10.2,4.57,920.5
2013-11-11,29.4,19.4,69,14.8,5.37,920.4
2013-11-12,32.3,19.3,63,11.1,6.02,920.3
2013-11-13,26.3,19.1,75,21.1,4.01,922.8
2013-11-14,24.8,17.1,66,14.4,4.72,924.9
2013-11-15,25.7,16.9,76,15.9,4.22,924.7
2013-11-16,27.7,18.0,68,14.5,5.45,923.1
2013-11-17,28.0,17.3,72,8.0,4.75,922.0
2013-11-18,25.1,18.0,82,13.2,3.33,922.8
2013-11-19,27.8,18.7,68,15.3,5.43,923.9
2013-11-20,28.2,18.0,62,14.6,5.87,924.6
2013-11-21,29.2,15.0,58,11.4,6.41,921.9
2013-11-22,32.0,16.6,49,8.2,6.41,918.1
2013-11-23,27.2,20.1,68,13.7,3.84,920.0
2013-11-24,27.1,19.0,76,11.2,3.65,923.1
2013-11-25,24.9,18.4,83,9.5,2.56,923.1
2013-11-26,21.3,18.2,94,7.6,1.35,919.2
2013-11-27,22.3,18.0,87,17.1,2.08,917.2
2013-11-28,26.5,17.9,80,16.0,3.87,918.9
2013-11-29,26.5,19.4,82,12.3,4.05,921.0
2013-11-30,25.9,19.5,89,8.8,3.01,923.4
2013-12-01,28.3,19.0,78,8.9,4.38,922.9
2013-12-02,28.4,20.1,70,9.8,4.37,921.6
2013-12-03,27.2,20.0,76,17.7,3.7,921.1
2013-12-04,29.7,20.8,71,6.1,5.13,921.4
2013-12-05,30.8,21.0,72,10.9,5.34,920.2
2013-12-06,28.1,20.5,81,8.5,3.9,919.9
2013-12-07,25.7,19.9,83,9.2,2.84,921.9
2013-12-08,24.8,19.6,91,8.0,2.12,922.5
2013-12-09,25.7,19.4,85,11.1,3.15,922.6
2013-12-10,26.6,19.5,82,15.9,4.05,921.1
2013-12-11,25.4,20.0,90,13.6,2.33,918.6
2013-12-12,20.4,18.5,94,13.0,0.92,918.4
2013-12-13,22.1,17.5,84,13.0,1.9,919.2
2013-12-14,26.2,17.6,77,7.9,3.79,920.5
2013-12-15,24.1,18.4,89,5.4,2.37,919.8
2013-12-16,25.1,18.9,88,7.9,2.97,918.3
2013-12-17,22.3,18.2,91,13.5,2.05,917.0
2013-12-18,25.5,17.7,81,12.6,3.56,916.5
2013-12-19,27.0,16.3,77,8.7,4.98,916.8
2013-12-20,27.2,17.1,80,9.2,4.79,916.8
2013-12-21,23.8,18.7,92,8.2,2.3,917.0
2013-12-22,24.0,18.8,91,13.4,2.11,916.8
2013-12-23,23.1,19.4,95,14.3,1.6,917.7
2013-12-24,23.4,19.6,96,12.0,1.31,919.4
2013-12-25,27.0,19.5,86,17.2,4.14,921.0
2013-12-26,27.8,19.1,85,10.5,4.16,921.2
2013-12-27,27.8,19.8,83,12.6,4.45,922.1
2013-12-28,26.9,19.0,78,17.4,4.85,922.8
2013-12-29,27.1,19.4,78,14.7,4.97,922.5
2013-12-30,27.9,20.7,79,15.8,4.89,922.1
2013-12-31,28.6,20.1,83,12.3,4.64,921.9
2014-01-01,29.3,19.9,83,8.2,5.02,921.6
2014-01-02,29.9,20.2,74,8.6,5.63,920.8
2014-01-03,29.5,17.3,69,7.8,6.2,921.4
2014-01-04,30.0,16.6,66,10.8,6.55,922.9
2014-01-05,28.4,18.0,68,10.6,5.45,924.1
2014-01-06,27.7,16.6,68,12.1,5.65,923.9
2014-01-07,27.1,17.8,66,12.9,5.29,923.8
2014-01-08,26.9,16.9,68,12.6,4.93,923.6
2014-01-09,27.2,16.3,75,11.2,5.22,923.0
2014-01-10,26.5,18.7,80,13.8,4.19,923.3
2014-01-11,27.3,19.1,73,11.2,5.23,924.5
2014-01-12,28.7,17.5,69,12.4,5.67,925.5
2014-01-13,28.9,20.0,67,12.6,5.74,926.5
2014-01-14,29.2,17.7,66,11.6,6.1,925.5
2014-01-15,29.8,16.8,64,8.0,6.17,923.9
2014-01-16,30.6,17.1,62,7.3,6.32,923.1
2014-01-17,29.7,19.2,70,8.9,5.08,924.0
2014-01-18,26.1,18.0,84,8.8,3.56,923.7
2014-01-19,26.4,18.6,84,8.4,4.14,922.7
2014-01-20,26.2,18.5,86,6.8,4.41,922.7
2014-01-21,26.3,18.8,81,11.2,4.14,924.0
2014-01-22,27.1,19.1,84,6.8,4.18,924.4
2014-01-23,27.1,18.5,82,6.6,4.68,923.8
2014-01-24,27.4,19.4,80,11.5,4.9,922.3
2014-01-25,28.4,18.0,69,9.9,5.41,921.5
2014-01-26,28.1,17.1,68,12.3,5.67,923.3
2014-01-27,26.9,18.8,74,13.7,4.8,925.4
2014-01-28,27.8,17.8,65,12.8,5.94,925.5
2014-01-29,27.9,15.9,68,13.4,5.62,925.4
2014-01-30,27.6,17.9,70,13.8,4.74,925.3
2014-01-31,28.6,16.9,65,12.0,6.18,925.1
2014-02-01,28.2,17.1,68,12.9,5.23,924.1
2014-02-02,29.4,17.4,64,14.8,5.74,923.3
2014-02-03,29.3,17.8,64,13.4,5.93,922.9
2014-02-04,30.5,17.0,62,12.3,6.35,923.5
2014-02-05,29.1,19.5,64,15.2,5.49,924.5
2014-02-06,28.1,18.1,64,15.1,5.15,924.8
2014-02-07,29.0,17.9,63,13.1,5.9,925.2
2014-02-08,29.8,17.4,58,12.2,6.39,924.5
2014-02-09,29.3,16.4,58,11.8,6.2,924.1
2014-02-10,29.2,16.2,60,12.6,5.71,924.4
2014-02-11,29.0,18.8,59,13.0,5.53,924.0
2014-02-12,28.0,17.7,59,10.1,4.66,922.5
2014-02-13,29.1,16.4,57,8.0,5.29,920.9
2014-02-14,28.6,18.3,63,8.0,4.42,921.7
2014-02-15,29.4,20.1,66,9.4,4.68,922.5
2014-02-16,27.5,20.3,72,10.0,3.55,922.7
2014-02-17,26.9,20.1,77,10.6,2.95,922.2
2014-02-18,24.4,18.3,84,13.4,3.07,922.1
2014-02-19,26.4,18.1,75,14.8,4.59,922.7
2014-02-20,26.5,17.8,70,12.0,4.59,923.3
2014-02-21,27.4,18.7,67,11.5,4.83,923.9
2014-02-22,28.4,18.8,69,14.0,5.17,924.6
2014-02-23,29.1,19.0,66,15.9,5.29,924.6
2014-02-24,29.6,20.0,64,13.6,5.28,924.5
2014-02-25,28.8,19.5,64,12.9,4.95,924.2
2014-02-26,30.2,18.4,60,14.1,5.64,923.2
2014-02-27,29.3,18.7,63,8.3,4.46,921.7
2014-02-28,30.5,18.9,61,7.1,4.76,921.2
2014-03-01,28.2,19.1,80,9.5,3.9,921.7
2014-03-02,27.4,19.0,80,9.7,4.17,921.7
2014-03-03,25.9,19.0,77,13.8,3.3,922.8
2014-03-04,28.1,18.4,68,14.5,4.69,924.1
2014-03-05,27.6,19.4,70,12.5,4.08,924.3
2014-03-06,27.9,19.8,77,9.0,3.42,922.7
2014-03-07,24.6,19.5,86,9.2,2.67,921.9
2014-03-08,23.6,18.7,89,5.9,1.86,921.6
2014-03-09,25.4,18.1,88,9.7,3.14,922.5
2014-03-10,26.7,18.5,80,10.8,4.08,923.5
2014-03-11,26.5,17.6,76,12.2,4.46,923.2
2014-03-12,27.5,17.4,72,10.4,4.77,924.8
2014-03-13,26.7,19.5,72,13.2,4.28,925.6
2014-03-14,27.0,19.0,71,14.5,4.55,924.5
2014-03-15,26.6,17.8,73,12.6,4.18,924.0
2014-03-16,27.6,16.2,69,11.3,4.71,923.3
2014-03-17,27.9,17.2,68,11.7,4.49,923.7
2014-03-18,28.1,17.9,68,6.6,4.31,923.7
2014-03-19,28.1,17.4,69,8.2,4.43,922.5
2014-03-20,28.7,17.9,69,9.5,4.67,921.5
2014-03-21,29.9,19.7,69,9.7,4.7,922.5
2014-03-22,29.6,19.6,76,10.3,4.33,923.1
2014-03-23,24.5,19.4,86,17.1,2.19,923.3
2014-03-24,21.6,17.5,81,15.9,2.26,924.8
2014-03-25,24.2,16.7,76,13.5,2.88,925.4
2014-03-26,25.0,17.0,78,12.9,3.1,925.6
2014-03-27,25.5,18.3,76,13.8,3.53,924.7
2014-03-28,26.2,18.5,76,12.6,3.87,923.7
2014-03-29,26.1,18.9,77,10.7,3.36,923.4
2014-03-30,25.7,19.4,80,11.7,2.68,924.1
2014-03-31,27.1,18.1,83,6.4,3.35,924.7
2014-04-01,27.6,18.1,84,8.1,3.76,924.5
2014-04-02,26.9,19.3,85,9.9,3.47,923.0
2014-04-03,27.0,18.5,85,8.4,3.29,922.7
2014-04-04,24.7,19.1,85,14.6,2.41,924.8
2014-04-05,25.0,18.0,75,17.7,3.22,926.2
2014-04-06,26.9,17.1,74,7.0,4.13,925.3
2014-04-07,27.9,15.1,69,6.5,4.63,922.9
2014-04-08,29.0,16.3,67,8.0,4.62,921.9
2014-04-09,29.0,17.2,67,8.3,4.07,921.6
2014-04-10,28.6,18.9,75,8.2,3.66,922.5
2014-04-11,26.4,19.4,81,11.3,3.36,924.2
2014-04-12,26.3,19.1,74,15.3,3.06,924.5
2014-04-13,26.5,19.5,72,5.2,3.29,923.5
2014-04-14,27.4,20.0,70,12.9,3.24,923.4
2014-04-15,24.9,18.2,76,14.5,2.76,923.8
2014-04-16,25.3,17.9,80,9.1,2.89,923.7
2014-04-17,26.2,18.6,80,8.6,2.87,923.5
2014-04-18,26.8,18.0,78,5.9,3.38,922.7
2014-04-19,28.0,18.1,79,6.7,3.34,923.8
2014-04-20,28.4,18.3,76,6.7,3.59,923.8
2014-04-21,26.3,19.1,81,9.4,3.03,923.8
2014-04-22,27.3,17.9,74,10.5,3.4,923.2
2014-04-23,27.0,19.0,78,6.8,2.81,923.6
2014-04-24,23.5,18.4,88,6.5,1.43,922.9
2014-04-25,23.4,16.4,78,14.0,2.73,921.9
2014-04-26,23.7,14.6,72,9.6,3.16,922.9
2014-04-27,23.8,13.6,67,8.9,3.53,924.9
2014-04-28,21.9,13.7,70,15.1,3.0,926.9
2014-04-29,21.3,11.9,67,12.0,3.76,926.7
2014-04-30,22.5,9.0,67,13.2,3.77,923.8
2014-05-01,24.6,10.4,66,9.8,3.7,922.9
2014-05-02,25.8,11.9,64,12.1,4.06,924.3
2014-05-03,24.3,11.5,68,13.2,3.9,926.3
2014-05-04,23.7,13.4,74,11.8,2.85,926.4
2014-05-05,26.6,12.8,72,9.3,3.66,924.9
2014-05-06,26.5,14.5,67,10.9,3.96,925.5
2014-05-07,26.8,14.0,70,8.7,3.25,926.3
2014-05-08,26.7,17.6,76,6.3,2.98,924.4
2014-05-09,26.0,17.7,68,13.7,3.53,921.0
2014-05-10,23.8,15.8,76,14.3,2.81,922.6
2014-05-11,22.0,14.3,71,18.2,2.89,926.6
2014-05-12,21.7,12.4,66,9.9,3.34,926.2
2014-05-13,23.8,10.0,61,8.8,3.69,924.7
2014-05-14,25.0,11.1,67,8.9,3.49,924.5
2014-05-15,25.6,12.7,69,7.7,3.36,924.4
2014-05-16,26.3,12.6,64,5.8,3.43,922.6
2014-05-17,25.5,13.1,67,9.7,3.37,923.6
2014-05-18,23.2,15.5,71,9.7,2.02,924.3
2014-05-19,26.6,14.4,65,6.9,3.46,924.3
2014-05-20,25.2,14.1,70,8.2,2.91,924.6
2014-05-21,25.5,12.7,67,10.2,3.58,923.5
2014-05-22,26.6,13.0,62,14.3,3.73,923.3
2014-05-23,28.3,17.7,60,10.1,3.54,923.8
2014-05-24,28.1,17.6,69,8.9,3.18,923.8
2014-05-25,23.0,18.2,83,10.0,1.38,924.5
2014-05-26,25.9,18.3,81,12.8,2.5,924.5
2014-05-27,25.4,15.5,77,14.8,2.76,923.6
2014-05-28,25.3,12.5,68,11.0,3.28,923.3
2014-05-29,21.4,14.1,76,12.1,2.34,924.6
2014-05-30,19.3,14.3,81,12.6,1.53,926.2
2014-05-31,23.2,13.7,69,9.7,2.71,925.2
2014-06-01,24.7,13.5,62,9.9,3.11,922.3
2014-06-02,24.3,15.7,72,12.1,2.79,920.4
2014-06-03,23.4,13.4,76,7.2,2.59,921.2
2014-06-04,22.2,15.2,81,10.7,2.08,922.8
2014-06-05,25.3,13.3,75,8.0,2.86,922.6
2014-06-06,26.7,14.0,68,8.0,3.24,921.9
2014-06-07,26.8,14.0,67,8.1,3.4,922.6
2014-06-08,25.6,13.3,67,9.8,3.37,924.1
2014-06-09,25.6,12.6,69,7.9,3.15,927.2
2014-06-10,24.0,14.9,72,19.0,3.16,928.8
2014-06-11,23.2,15.7,72,17.5,2.68,929.2
2014-06-12,23.7,15.6,73,16.3,2.63,929.2
2014-06-13,22.5,14.7,76,15.7,2.29,929.3
2014-06-14,22.0,15.7,76,13.3,1.97,929.0
2014-06-15,24.6,13.0,70,11.0,2.9,927.7
2014-06-16,24.3,13.4,72,9.8,2.99,928.1
2014-06-17,25.0,12.8,70,7.9,2.92,927.8
2014-06-18,24.8,13.5,73,7.1,2.53,927.9
2014-06-19,24.1,13.9,75,10.0,2.64,928.2
2014-06-20,21.2,14.2,78,11.6,1.96,927.6
2014-06-21,22.8,14.6,75,10.3,2.32,927.6
2014-06-22,21.4,14.5,73,11.5,2.13,928.7
2014-06-23,21.3,14.1,76,10.6,2.07,929.2
2014-06-24,23.6,11.3,71,6.9,2.95,927.6
2014-06-25,23.7,10.6,69,9.2,3.14,924.8
2014-06-26,24.1,11.0,70,8.0,3.11,924.6
2014-06-27,25.2,11.1,67,7.3,3.25,925.6
2014-06-28,24.8,12.5,74,8.9,3.03,926.6
2014-06-29,25.9,13.2,65,12.3,3.27,925.4
2014-06-30,25.3,16.9,71,10.7,2.76,924.5
2014-07-01,26.8,15.0,61,15.5,3.4,924.0
2014-07-02,26.8,14.4,60,7.6,2.78,925.6
2014-07-03,26.3,13.6,65,7.1,3.07,927.8
2014-07-04,25.8,13.2,68,10.9,3.28,928.4
2014-07-05,23.2,12.6,67,14.8,3.19,928.0
2014-07-06,23.4,12.7,70,16.4,2.84,929.1
2014-07-07,23.6,14.6,70,15.5,2.97,930.0
2014-07-08,23.4,14.1,75,11.8,2.57,929.4
2014-07-09,22.2,14.3,77,8.6,2.26,927.5
2014-07-10,23.0,13.2,73,12.5,2.59,925.9
2014-07-11,22.4,13.4,77,11.0,2.44,926.0
2014-07-12,22.4,13.3,72,11.1,2.6,928.8
2014-07-13,20.8,12.9,75,12.3,2.14,930.6
2014-07-14,20.8,12.0,69,10.7,2.49,929.8
2014-07-15,21.3,10.3,69,11.3,2.87,929.2
2014-07-16,22.5,12.7,70,15.0,2.65,929.4
2014-07-17,24.0,11.7,66,8.2,3.26,929.1
2014-07-18,26.2,12.2,62,14.8,3.79,927.1
2014-07-19,24.1,13.8,63,11.9,2.87,926.7
2014-07-20,23.0,14.3,70,10.6,2.54,927.6
2014-07-21,23.2,14.0,72,12.7,2.91,928.5
2014-07-22,22.3,12.5,66,13.1,3.27,929.2
2014-07-23,23.2,11.4,66,15.1,3.29,927.9
2014-07-24,25.4,14.4,67,17.0,3.27,926.0
2014-07-25,21.0,15.9,82,9.4,1.46,925.7
2014-07-26,16.7,14.2,91,6.4,0.72,927.0
2014-07-27,20.7,11.5,90,6.8,1.63,928.4
2014-07-28,20.7,13.3,83,17.6,1.96,931.0
2014-07-29,19.3,13.3,77,19.8,2.26,931.8
2014-07-30,20.8,11.7,73,11.9,2.72,930.2
2014-07-31,21.6,10.5,74,7.7,2.64,927.4
2014-08-01,22.8,10.8,72,7.3,2.92,926.4
2014-08-02,24.5,12.1,65,5.6,3.45,925.6
2014-08-03,25.7,13.2,57,6.6,3.64,924.2
2014-08-04,26.8,13.5,54,10.5,3.99,925.1
2014-08-05,24.6,13.7,61,17.7,3.65,927.3
2014-08-06,20.8,10.9,61,14.0,3.67,929.4
2014-08-07,21.5,8.2,66,7.4,3.43,928.7
2014-08-08,24.8,8.7,58,11.4,4.08,927.1
2014-08-09,22.1,9.4,65,15.3,3.54,927.4
2014-08-10,22.2,10.9,70,15.2,3.44,927.1
2014-08-11,24.6,10.0,63,7.9,3.78,926.5
2014-08-12,26.0,10.6,61,8.5,3.93,925.6
2014-08-13,27.7,12.2,58,13.3,4.01,925.2
2014-08-14,20.4,13.7,74,19.0,2.65,929.1
2014-08-15,21.6,12.1,71,14.7,3.0,931.7
2014-08-16,21.2,12.7,78,16.6,2.39,931.5
2014-08-17,22.5,14.6,78,13.4,2.61,929.9
2014-08-18,23.9,13.6,74,7.6,2.86,927.2
2014-08-19,24.3,13.7,71,8.3,3.25,926.6
2014-08-20,25.5,14.7,66,11.5,3.86,928.1
2014-08-21,24.8,12.7,68,9.6,3.78,927.8
2014-08-22,27.2,11.6,56,8.0,4.32,926.0
2014-08-23,27.6,11.7,49,9.9,4.89,924.9
2014-08-24,26.6,11.0,46,12.9,5.1,924.3
2014-08-25,27.7,10.9,46,9.2,4.83,924.0
2014-08-26,29.8,12.4,47,10.1,4.97,923.2
2014-08-27,30.8,14.8,49,11.7,5.08,922.8
2014-08-28,29.1,16.9,57,9.4,4.34,923.8
2014-08-29,27.3,16.5,72,11.0,3.54,925.7
2014-08-30,26.7,16.4,72,12.2,3.34,926.5
2014-08-31,27.9,15.6,65,11.1,4.49,924.8
2014-09-01,29.9,15.7,56,20.5,4.55,922.5
2014-09-02,30.8,15.3,58,6.9,4.68,922.2
2014-09-03,27.6,18.3,64,15.6,3.26,922.7
2014-09-04,26.7,15.8,65,17.4,4.85,925.4
2014-09-05,21.8,12.7,61,20.3,4.37,928.1
2014-09-06,22.1,11.5,58,15.6,4.55,928.5
2014-09-07,24.2,11.5,59,11.5,4.52,928.3
2014-09-08,23.5,11.6,60,13.2,4.3,928.4
2014-09-09,24.5,14.0,60,14.6,4.5,927.4
2014-09-10,26.7,13.8,57,13.5,4.97,925.9
2014-09-11,28.0,14.3,57,11.2,5.06,925.3
2014-09-12,27.4,13.0,53,14.0,5.3,924.8
2014-09-13,26.6,14.8,55,15.5,4.98,926.7
2014-09-14,26.6,13.4,56,14.3,5.07,926.5
2014-09-15,27.9,13.9,52,11.9,5.18,924.8
2014-09-16,31.6,14.4,45,8.4,5.39,922.9
2014-09-17,29.5,18.4,50,13.7,5.38,925.0
2014-09-18,28.5,17.5,58,15.5,5.36,925.3
2014-09-19,30.0,16.5,47,12.8,5.45,923.7
2014-09-20,31.0,16.7,44,10.4,5.28,923.1
2014-09-21,30.7,17.4,58,19.2,4.89,922.2
2014-09-22,27.4,16.7,58,15.7,5.56,925.0
2014-09-23,26.8,15.1,52,15.2,5.51,926.4
2014-09-24,27.6,14.8,52,14.5,5.56,926.0
2014-09-25,29.4,14.0,47,9.3,5.63,924.9
2014-09-26,29.7,16.4,50,12.0,5.03,923.9
2014-09-27,30.0,18.4,47,10.3,5.23,924.8
2014-09-28,30.3,19.0,54,14.2,5.32,925.3
2014-09-29,31.0,19.3,54,12.5,5.35,924.7
2014-09-30,33.5,20.2,54,9.2,5.3,924.1
2014-10-01,32.1,19.5,74,12.2,4.69,923.7
2014-10-02,29.4,18.0,62,21.7,6.12,926.1
2014-10-03,23.6,13.9,59,21.9,5.5,928.9
2014-10-04,21.6,10.7,57,17.9,5.15,928.7
2014-10-05,22.5,10.3,51,15.3,5.51,928.7
2014-10-06,23.6,11.1,55,14.4,5.19,928.3
2014-10-07,24.1,13.6,54,15.5,4.98,927.0
2014-10-08,25.6,14.3,55,15.3,4.86,925.0
2014-10-09,27.1,14.2,53,16.6,5.7,924.3
2014-10-10,29.0,15.0,50,12.1,6.05,925.1
2014-10-11,32.1,14.9,39,11.5,6.7,925.4
2014-10-12,33.0,17.6,40,13.8,6.97,925.8
2014-10-13,33.3,18.7,38,10.5,6.97,925.5
2014-10-14,34.8,17.9,36,8.0,6.58,924.6
2014-10-15,34.5,20.0,37,12.7,6.76,925.1
2014-10-16,31.3,20.6,54,15.5,5.92,926.2
2014-10-17,32.6,19.5,49,9.1,6.08,924.3
2014-10-18,34.0,20.3,45,9.5,6.21,922.9
2014-10-19,34.9,20.7,47,7.4,6.36,922.0
2014-10-20,34.4,20.8,62,14.8,5.79,922.7
2014-10-21,23.8,18.1,81,14.8,2.73,924.1
2014-10-22,22.2,16.6,72,13.5,3.08,925.9
2014-10-23,23.8,17.2,71,11.4,3.29,926.0
2014-10-24,27.2,16.3,64,8.8,4.97,923.3
2014-10-25,27.2,17.4,63,9.7,4.76,922.3
2014-10-26,21.2,18.2,91,6.2,1.22,922.6
2014-10-27,25.6,16.7,83,9.4,3.98,922.9
2014-10-28,23.7,16.2,81,10.9,3.6,922.9
2014-10-29,23.2,15.8,78,12.0,3.77,921.3
2014-10-30,24.6,18.1,86,13.7,2.76,921.7
2014-10-31,26.3,18.7,82,10.5,4.19,923.7
2014-11-01,26.6,19.0,75,12.2,4.39,925.0
2014-11-02,27.1,17.0,67,13.6,5.34,923.5
2014-11-03,26.6,17.9,65,13.2,4.81,921.8
2014-11-04,27.4,16.4,63,12.0,5.09,921.7
2014-11-05,28.5,17.5,62,10.0,4.79,923.2
2014-11-06,29.2,19.8,68,11.2,4.96,925.4
2014-11-07,27.9,19.3,69,13.0,4.84,923.2
2014-11-08,29.5,18.8,69,13.9,4.77,920.7
2014-11-09,28.3,19.9,78,11.2,4.19,920.3
2014-11-10,25.3,19.0,83,9.6,2.85,920.6
2014-11-11,26.5,18.5,76,10.2,4.35,920.3
2014-11-12,27.9,19.4,81,14.1,3.94,919.2
2014-11-13,25.2,19.0,87,13.0,2.49,918.0
2014-11-14,26.4,18.6,85,11.5,3.05,918.7
2014-11-15,21.1,17.2,83,13.8,2.27,921.3
2014-11-16,24.0,16.1,72,12.4,3.69,922.7
2014-11-17,26.0,15.4,66,11.4,4.98,922.5
2014-11-18,25.2,16.0,63,12.0,5.02,922.6
2014-11-19,25.7,14.6,64,11.9,5.82,923.1
2014-11-20,27.3,14.7,62,9.9,5.68,923.4
2014-11-21,28.4,15.0,64,13.7,5.4,923.1
2014-11-22,28.8,18.1,66,8.6,4.85,922.3
2014-11-23,26.8,20.2,82,14.7,3.27,922.2
2014-11-24,24.8,19.6,88,8.8,2.63,923.2
2014-11-25,25.8,19.6,89,12.4,2.54,921.6
2014-11-26,24.4,19.8,86,16.3,1.97,920.5
2014-11-27,24.4,19.0,85,14.2,2.63,920.9
2014-11-28,23.5,19.4,93,8.0,1.68,922.4
2014-11-29,22.6,18.7,89,11.4,1.55,924.0
2014-11-30,22.0,17.6,91,9.2,1.73,924.1
2014-12-01,20.9,15.6,88,18.1,1.9,923.9
2014-12-02,24.3,14.3,75,15.9,4.09,924.1
2014-12-03,26.3,15.8,72,10.6,5.13,922.5
2014-12-04,27.7,16.6,74,6.2,5.05,921.2
2014-12-05,23.3,18.5,90,8.0,1.92,922.5
2014-12-06,23.1,17.8,85,11.8,2.97,924.1
2014-12-07,24.8,17.1,77,13.6,4.03,924.4
2014-12-08,25.5,17.6,76,12.0,3.79,924.1
2014-12-09,27.1,19.0,81,11.0,4.01,923.0
2014-12-10,25.6,19.0,74,15.0,4.17,922.5
2014-12-11,26.0,17.4,71,13.0,4.47,922.7
2014-12-12,27.1,18.6,70,12.0,4.94,922.3
2014-12-13,25.7,19.4,81,12.3,3.22,920.5
2014-12-14,22.7,19.2,94,10.6,1.56,919.1
2014-12-15,25.6,19.3,82,16.4,3.37,921.7
2014-12-16,26.0,19.1,75,12.0,3.87,923.1
2014-12-17,26.0,17.0,72,10.8,4.25,921.5
2014-12-18,28.1,18.4,69,12.8,5.52,920.2
2014-12-19,27.4,18.8,74,6.7,4.93,919.8
2014-12-20,28.0,18.9,81,11.5,4.6,921.1
2014-12-21,28.1,19.6,86,12.6,4.12,922.2
2014-12-22,27.1,19.7,84,14.3,4.0,922.4
2014-12-23,27.1,19.4,82,9.2,3.79,922.7
2014-12-24,28.0,19.3,72,9.6,5.23,923.4
2014-12-25,28.4,18.0,70,12.3,5.9,925.4
2014-12-26,29.0,18.6,68,14.2,5.6,926.8
2014-12-27,28.9,17.5,69,11.3,6.15,925.1
2014-12-28,30.9,16.0,61,7.8,6.57,922.4
2014-12-29,31.5,18.7,55,9.9,6.26,921.9
2014-12-30,32.6,20.4,51,9.7,6.17,921.6
2014-12-31,31.4,20.4,57,12.5,5.64,922.6
2015-01-01,32.2,20.0,62,8.1,5.92,923.1
2015-01-02,32.0,21.6,65,6.2,5.62,922.8
2015-01-03,30.8,20.5,75,12.2,5.24,923.1
2015-01-04,29.3,21.0,79,8.2,5.01,924.4
2015-01-05,28.2,19.9,69,12.3,5.44,924.8
2015-01-06,28.8,19.9,63,11.7,5.72,925.8
2015-01-07,27.3,19.8,68,14.8,4.89,925.2
2015-01-08,28.7,17.3,63,12.8,6.19,924.8
2015-01-09,29.9,16.6,59,14.3,6.34,925.0
2015-01-10,30.5,17.6,57,9.4,6.1,924.5
2015-01-11,31.6,17.4,54,10.7,6.9,924.3
2015-01-12,32.7,18.1,52,9.5,7.09,924.4
2015-01-13,32.4,19.4,52,11.5,7.04,924.0
2015-01-14,31.1,19.6,51,12.1,6.73,924.2
2015-01-15,29.7,18.2,56,10.8,5.26,924.5
2015-01-16,31.0,18.4,56,12.3,6.23,924.8
2015-01-17,31.6,19.1,53,9.4,6.52,924.1
2015-01-18,32.2,18.3,51,11.2,7.0,923.8
2015-01-19,31.7,19.4,52,11.9,6.77,924.0
2015-01-20,32.2,18.5,47,9.7,7.19,922.4
2015-01-21,31.9,19.3,50,8.0,6.24,921.9
2015-01-22,31.0,21.0,54,10.7,5.8,922.6
2015-01-23,29.5,20.5,67,12.7,4.95,923.8
2015-01-24,27.1,19.1,78,11.1,3.55,923.9
2015-01-25,27.5,18.8,75,8.2,4.19,923.6
2015-01-26,29.2,19.0,73,8.4,5.27,923.6
2015-01-27,27.8,19.4,80,5.9,4.26,924.1
2015-01-28,29.0,20.6,78,9.9,4.19,923.9
2015-01-29,28.9,19.4,71,8.7,5.08,923.2
2015-01-30,30.3,20.1,64,6.9,5.18,922.9
2015-01-31,30.5,21.4,67,13.3,5.41,924.1
2015-02-01,30.2,20.6,62,13.7,5.93,924.6
2015-02-02,30.1,19.8,58,12.2,5.63,923.6
2015-02-03,30.7,20.0,63,15.3,5.46,922.6
2015-02-04,30.7,19.3,63,10.9,4.99,920.9
2015-02-05,24.1,19.6,87,15.3,2.09,919.1
2015-02-06,22.2,18.7,96,15.8,1.2,918.0
2015-02-07,24.3,18.7,94,13.9,2.11,919.0
2015-02-08,22.3,18.9,93,14.7,1.54,921.7
2015-02-09,24.1,18.6,92,14.9,1.52,922.7
2015-02-10,27.0,18.1,86,11.6,4.07,923.8
2015-02-11,27.4,18.9,75,12.5,4.51,925.0
2015-02-12,28.7,17.4,72,9.0,5.37,925.3
2015-02-13,29.2,17.3,70,8.4,5.38,925.0
2015-02-14,28.0,17.8,73,6.8,4.97,923.6
2015-02-15,28.0,18.7,73,9.9,4.79,922.6
2015-02-16,28.2,19.3,74,9.5,4.78,922.9
2015-02-17,27.4,20.1,72,12.4,4.57,922.5
2015-02-18,25.6,19.9,81,13.4,2.71,922.0
2015-02-19,26.7,19.4,84,13.0,3.33,922.3
2015-02-20,27.9,18.8,72,12.0,4.9,923.6
2015-02-21,28.0,17.4,70,12.6,5.0,925.2
2015-02-22,27.9,17.7,69,13.4,5.25,925.2
2015-02-23,27.4,18.9,70,12.3,4.68,925.2
2015-02-24,27.1,19.2,74,10.9,4.56,925.5
2015-02-25,27.5,19.4,78,10.4,4.25,925.9
2015-02-26,29.4,18.5,76,7.9,5.14,922.6
2015-02-27,27.9,18.6,84,11.6,4.06,920.7
2015-02-28,29.0,18.2,75,12.3,4.96,921.3
2015-03-01,26.7,20.1,75,15.8,4.06,924.2
2015-03-02,26.5,19.1,67,13.0,4.37,924.8
2015-03-03,27.9,19.2,77,11.2,4.48,923.8
2015-03-04,27.2,19.1,79,10.0,4.24,923.7
2015-03-05,27.8,19.1,79,7.2,4.52,923.1
2015-03-06,27.7,17.7,77,7.6,4.43,922.5
2015-03-07,28.1,18.4,75,8.2,4.45,922.1
2015-03-08,28.0,19.9,80,10.0,3.82,922.6
2015-03-09,29.0,19.6,77,9.4,4.11,921.8
2015-03-10,28.2,19.7,77,12.1,3.49,921.8
2015-03-11,29.1,20.0,75,12.5,4.4,921.1
2015-03-12,28.0,20.3,81,12.0,3.77,921.8
2015-03-13,28.2,18.3,74,7.6,4.51,921.9
2015-03-14,28.7,18.9,72,9.5,4.48,921.9
2015-03-15,26.7,19.2,75,10.8,3.11,922.6
2015-03-16,27.9,17.8,76,10.0,4.2,921.7
2015-03-17,27.4,19.5,77,10.8,3.95,922.6
2015-03-18,27.8,19.0,70,11.8,4.71,923.6
2015-03-19,27.3,19.2,66,12.7,4.01,923.5
2015-03-20,26.6,19.0,75,12.0,3.43,921.8
2015-03-21,23.5,18.3,88,7.4,1.36,920.8
2015-03-22,24.3,18.2,89,13.6,2.58,921.2
2015-03-23,25.2,18.5,88,11.5,2.68,923.8
2015-03-24,25.6,18.7,86,7.3,3.07,925.6
2015-03-25,25.6,18.6,79,11.2,3.36,925.3
2015-03-26,27.7,16.2,75,7.1,4.06,923.0
2015-03-27,29.0,17.2,72,6.4,4.58,924.3
2015-03-28,29.4,18.8,69,7.2,4.8,925.3
2015-03-29,29.0,19.3,73,8.1,4.54,923.8
2015-03-30,29.3,19.9,75,9.9,4.07,922.8
2015-03-31,28.6,20.2,77,10.5,3.83,923.0
2015-04-01,29.8,19.6,74,9.2,4.15,922.9
2015-04-02,23.2,19.5,85,11.8,1.93,923.8
2015-04-03,24.3,18.2,79,10.5,3.03,923.1
2015-04-04,24.3,18.8,79,11.9,2.47,921.7
2015-04-05,27.1,18.5,81,10.4,3.4,921.0
2015-04-06,26.9,19.1,88,16.2,2.7,918.9
2015-04-07,25.2,18.5,77,16.4,3.4,920.9
2015-04-08,18.4,16.0,85,13.3,1.08,924.3
2015-04-09,23.0,15.6,80,9.4,2.37,925.4
2015-04-10,24.6,15.9,77,9.1,2.98,926.1
2015-04-11,24.1,16.7,76,9.7,2.64,925.4
2015-04-12,25.1,15.7,76,7.0,3.13,923.9
2015-04-13,25.4,15.2,74,9.8,3.24,924.7
2015-04-14,25.9,15.1,71,7.6,3.94,924.6
2015-04-15,26.9,15.5,69,7.7,4.19,923.4
2015-04-16,26.2,16.6,69,7.9,2.82,922.6
2015-04-17,26.7,17.3,76,8.0,3.61,923.8
2015-04-18,27.0,18.9,73,13.2,3.37,923.8
2015-04-19,28.5,17.9,75,6.4,3.67,922.6
2015-04-20,27.4,19.2,80,8.7,3.22,922.2
2015-04-21,28.5,20.5,77,8.7,3.49,922.0
2015-04-22,27.2,19.2,85,7.7,2.52,922.8
2015-04-23,24.5,19.8,85,9.4,1.9,924.5
2015-04-24,26.4,19.0,83,9.0,2.7,924.9
2015-04-25,26.4,18.9,81,11.7,2.94,924.0
2015-04-26,25.5,14.8,66,12.0,4.2,924.9
2015-04-27,25.2,14.8,71,10.5,3.5,924.6
2015-04-28,26.1,14.9,71,8.5,3.4,923.2
2015-04-29,25.1,15.6,77,7.1,2.98,922.9
2015-04-30,24.5,16.4,78,9.0,3.01,923.6
2015-05-01,22.4,16.6,80,9.2,2.45,923.4
2015-05-02,23.9,17.0,78,11.2,2.62,923.6
2015-05-03,25.7,16.4,72,13.3,3.4,924.2
2015-05-04,25.9,17.2,73,12.7,3.22,923.9
2015-05-05,22.9,17.4,87,6.9,1.2,924.1
2015-05-06,22.7,17.8,91,8.4,1.6,924.2
2015-05-07,23.2,17.4,89,13.0,1.61,923.2
2015-05-08,22.0,16.2,76,15.7,2.48,926.4
2015-05-09,22.7,15.6,79,11.8,2.19,926.9
2015-05-10,24.9,14.3,76,8.5,3.15,924.1
2015-05-11,21.9,15.9,85,20.7,1.71,921.8
2015-05-12,23.6,15.0,78,11.9,3.01,922.9
2015-05-13,23.5,12.6,74,10.6,2.79,925.4
2015-05-14,21.3,15.9,79,13.7,1.97,926.9
2015-05-15,20.7,14.6,76,10.7,2.38,927.9
2015-05-16,21.8,13.3,72,13.4,2.93,928.5
2015-05-17,22.9,14.9,76,12.0,2.51,929.3
2015-05-18,20.9,16.4,83,9.5,1.45,928.3
2015-05-19,22.4,15.8,83,11.8,2.33,927.3
2015-05-20,22.5,15.5,79,15.5,2.43,927.4
2015-05-21,22.1,15.9,78,16.3,2.27,929.1
2015-05-22,22.3,14.7,75,13.8,2.87,929.1
2015-05-23,21.9,13.7,77,9.5,2.25,927.2
2015-05-24,24.6,12.8,72,6.0,2.93,924.8
2015-05-25,26.5,13.7,75,7.1,3.29,924.3
2015-05-26,26.4,13.1,73,10.2,3.52,924.4
2015-05-27,25.8,13.3,74,12.5,3.28,924.0
2015-05-28,26.8,15.1,74,14.8,3.33,923.1
2015-05-29,23.3,15.8,78,14.5,2.08,921.9
2015-05-30,25.8,14.5,76,9.8,2.96,923.4
2015-05-31,26.6,14.9,74,10.2,3.18,925.1
2015-06-01,26.6,15.1,74,10.5,2.97,925.8
2015-06-02,23.0,16.8,80,11.5,1.97,926.5
2015-06-03,20.1,15.6,90,9.2,1.2,927.3
2015-06-04,23.0,14.1,80,10.0,2.7,928.3
2015-06-05,23.2,12.4,80,13.0,2.36,927.9
2015-06-06,23.4,15.9,79,14.9,2.37,927.1
2015-06-07,24.2,14.1,75,8.9,2.62,927.1
2015-06-08,24.1,12.0,71,8.6,3.29,926.0
2015-06-09,24.7,11.0,69,7.4,3.18,924.9
2015-06-10,26.1,12.8,69,8.7,3.19,925.2
2015-06-11,27.0,14.2,66,10.4,3.42,924.7
2015-06-12,27.2,15.1,62,6.7,3.14,924.6
2015-06-13,25.6,14.5,68,12.7,3.29,924.4
2015-06-14,26.6,14.2,59,15.7,3.75,923.0
2015-06-15,27.9,18.9,53,19.8,4.04,923.6
2015-06-16,24.5,16.8,80,9.0,1.88,925.4
2015-06-17,24.6,17.0,79,9.2,2.23,926.7
2015-06-18,25.2,14.2,76,9.5,2.62,925.6
2015-06-19,23.5,14.3,79,15.6,2.36,927.0
2015-06-20,20.0,14.5,76,21.9,2.28,930.7
2015-06-21,22.3,13.1,73,13.5,2.38,931.0
2015-06-22,22.5,14.5,78,13.1,2.1,929.8
2015-06-23,23.3,13.0,75,8.0,2.48,929.2
2015-06-24,23.2,12.8,74,16.8,2.96,930.3
2015-06-25,16.8,13.4,82,15.9,1.09,932.8
2015-06-26,18.8,11.8,75,18.7,2.11,933.5
2015-06-27,20.0,11.3,76,17.5,2.18,931.9
2015-06-28,20.9,11.4,72,11.9,2.81,929.5
2015-06-29,20.0,13.0,76,15.9,1.94,928.4
2015-06-30,23.3,13.6,74,11.3,2.5,927.6
2015-07-01,24.7,13.2,76,9.7,2.6,927.0
2015-07-02,23.8,14.3,77,11.0,2.6,925.8
2015-07-03,24.4,13.8,70,12.1,2.95,924.4
2015-07-04,27.0,14.2,64,17.2,3.39,923.5
2015-07-05,22.1,15.6,78,13.7,2.2,925.3
2015-07-06,21.8,14.9,77,11.4,1.92,926.7
2015-07-07,21.2,15.5,78,11.3,1.62,926.3
2015-07-08,24.2,14.9,74,12.0,2.35,925.5
2015-07-09,23.3,15.4,73,10.7,1.98,925.7
2015-07-10,25.9,12.9,72,8.5,3.14,927.3
2015-07-11,25.7,14.1,73,10.7,3.22,927.6
2015-07-12,25.2,13.4,75,10.6,3.16,926.4
2015-07-13,25.7,12.0,72,11.2,3.41,925.9
2015-07-14,25.5,12.5,73,7.9,3.16,926.6
2015-07-15,24.8,12.6,73,12.8,3.19,928.6
2015-07-16,23.2,13.5,75,16.0,2.79,929.5
2015-07-17,22.2,15.2,76,12.5,2.26,930.3
2015-07-18,23.6,13.8,70,14.2,3.24,929.1
2015-07-19,23.7,12.8,72,13.0,2.76,928.7
2015-07-20,23.3,14.0,71,14.0,3.28,927.5
2015-07-21,25.2,12.0,66,11.6,3.11,925.3
2015-07-22,23.5,14.3,68,14.2,2.67,927.1
2015-07-23,22.7,14.0,75,13.5,2.43,929.2
2015-07-24,23.7,14.5,72,12.5,2.71,927.9
2015-07-25,26.2,12.4,65,9.2,3.39,925.8
2015-07-26,25.1,14.7,68,8.0,2.87,925.3
2015-07-27,24.5,15.3,74,7.7,2.61,925.6
2015-07-28,25.8,14.7,68,9.7,3.09,926.5
2015-07-29,26.5,14.0,66,8.2,3.5,928.0
2015-07-30,25.4,13.2,65,10.8,3.67,928.3
2015-07-31,23.7,12.1,70,10.2,3.04,927.9
2015-08-01,24.8,11.6,68,10.6,3.55,927.3
2015-08-02,23.6,11.3,67,12.0,3.44,926.0
2015-08-03,26.0,10.7,60,7.6,3.72,926.2
2015-08-04,26.8,11.7,59,8.4,3.93,926.7
2015-08-05,25.8,12.0,58,8.4,3.88,926.0
2015-08-06,25.6,11.6,56,10.0,3.93,925.4
2015-08-07,26.2,12.4,56,8.0,3.91,925.4
2015-08-08,24.5,13.6,66,12.3,3.35,926.4
2015-08-09,22.2,14.2,74,14.2,2.06,927.4
2015-08-10,21.8,14.3,72,13.1,2.28,929.5
2015-08-11,22.2,13.4,68,15.0,3.34,929.9
2015-08-12,22.9,12.6,63,12.8,3.69,929.2
2015-08-13,23.9,11.9,65,12.6,3.4,929.2
2015-08-14,21.5,13.7,74,15.2,2.13,928.9
2015-08-15,24.9,12.3,65,10.5,3.97,928.7
2015-08-16,24.4,13.3,69,14.3,3.35,928.9
2015-08-17,23.2,14.9,71,18.4,2.87,928.9
2015-08-18,24.8,13.9,71,15.3,3.4,927.7
2015-08-19,27.2,13.6,66,10.2,3.53,924.2
2015-08-20,28.1,15.8,59,10.6,3.62,923.2
2015-08-21,26.2,15.0,62,12.1,3.86,924.9
2015-08-22,24.2,16.1,69,14.8,3.14,923.8
2015-08-23,28.3,14.6,62,8.2,4.07,923.1
2015-08-24,28.6,13.3,61,11.8,4.55,923.1
2015-08-25,25.5,16.9,64,16.7,3.54,925.1
2015-08-26,28.4,15.4,59,7.6,4.04,924.7
2015-08-27,30.3,16.3,59,11.6,4.49,924.7
2015-08-28,26.5,16.9,72,12.9,3.56,926.6
2015-08-29,25.4,16.9,64,12.6,3.47,928.1
2015-08-30,27.1,14.6,67,10.8,4.44,928.0
2015-08-31,29.2,12.8,58,7.9,4.85,926.8
2015-09-01,31.6,14.5,49,13.3,5.2,925.2
2015-09-02,27.4,17.2,61,16.3,4.11,925.7
2015-09-03,30.0,17.0,58,12.8,4.8,924.1
2015-09-04,32.0,16.3,48,20.6,5.52,922.5
2015-09-05,28.9,17.6,68,13.0,4.27,924.2
2015-09-06,29.1,16.7,69,17.7,3.93,923.6
2015-09-07,31.3,18.5,66,11.3,4.56,922.4
2015-09-08,30.1,18.8,67,13.6,4.03,921.9
2015-09-09,25.3,18.2,77,5.8,2.3,923.1
2015-09-10,26.3,17.7,74,10.8,2.47,923.3
2015-09-11,29.9,18.2,70,13.7,4.22,922.5
2015-09-12,27.0,18.5,81,9.3,3.45,924.0
2015-09-13,23.7,16.6,86,11.0,2.09,925.4
2015-09-14,22.5,15.6,82,13.0,2.27,926.8
2015-09-15,26.7,17.0,76,15.0,3.56,927.5
2015-09-16,26.9,17.2,72,12.7,4.62,926.2
2015-09-17,28.9,14.5,62,8.8,5.21,924.9
2015-09-18,29.5,13.8,57,8.9,5.4,924.7
2015-09-19,29.4,14.1,56,11.3,5.6,924.9
2015-09-20,29.5,14.1,52,11.0,5.75,924.7
2015-09-21,29.3,15.0,52,10.2,5.62,924.0
2015-09-22,31.1,16.3,50,8.4,5.44,923.5
2015-09-23,32.3,17.2,46,7.2,5.67,922.7
2015-09-24,33.9,18.6,42,9.7,6.16,922.7
2015-09-25,34.8,18.9,43,7.7,5.86,922.7
2015-09-26,33.0,21.7,49,13.4,5.86,923.8
2015-09-27,31.7,19.8,51,13.9,5.8,923.3
2015-09-28,33.6,19.3,43,13.5,6.21,921.7
2015-09-29,32.5,19.7,52,14.1,4.87,922.5
2015-09-30,31.1,19.5,59,11.7,5.16,922.7
2015-10-01,30.7,19.4,54,13.0,5.53,923.2
2015-10-02,31.1,20.1,52,14.6,5.87,923.6
2015-10-03,32.4,19.3,43,8.2,5.51,923.0
2015-10-04,34.3,20.7,46,12.6,5.81,922.7
2015-10-05,27.3,20.2,71,15.4,4.13,924.0
2015-10-06,25.9,17.9,70,14.5,3.59,925.8
2015-10-07,29.6,18.3,57,11.2,5.52,925.2
2015-10-08,29.5,16.5,52,14.4,6.08,924.6
2015-10-09,31.0,16.1,45,12.1,6.5,923.9
2015-10-10,32.6,17.2,42,9.4,6.21,924.6
2015-10-11,31.6,18.8,44,14.3,6.76,924.6
2015-10-12,31.3,18.2,46,14.5,6.75,924.7
2015-10-13,31.7,18.0,44,12.2,6.59,925.3
2015-10-14,32.8,18.6,42,12.5,6.74,925.1
2015-10-15,34.3,19.9,39,11.5,6.91,924.7
2015-10-16,35.4,20.3,36,9.9,6.71,924.8
2015-10-17,35.5,20.8,35,11.1,7.11,924.9
2015-10-18,30.5,20.6,62,15.9,5.52,926.7
2015-10-19,30.4,18.9,62,13.0,5.03,925.9
2015-10-20,32.0,19.0,58,10.6,5.48,924.6
2015-10-21,34.9,20.4,57,9.4,5.72,922.9
2015-10-22,34.9,22.0,65,11.9,5.83,922.1
2015-10-23,33.3,20.9,67,12.4,5.58,923.4
2015-10-24,30.0,21.3,62,14.1,5.52,925.1
2015-10-25,29.9,20.7,60,14.0,5.48,925.8
2015-10-26,27.9,19.9,65,13.7,4.54,925.6
2015-10-27,28.0,20.0,66,13.4,4.01,923.8
2015-10-28,25.6,19.0,79,13.4,3.18,922.6
2015-10-29,25.5,19.3,79,17.1,3.02,923.0
2015-10-30,27.1,17.1,64,18.2,5.14,923.8
2015-10-31,29.8,18.9,64,14.2,5.12,922.8
2015-11-01,28.3,20.2,65,14.4,4.29,922.4
2015-11-02,30.3,20.4,55,14.3,6.16,922.5
2015-11-03,31.1,20.4,56,14.3,5.74,923.2
2015-11-04,33.7,22.1,45,9.5,6.01,922.5
2015-11-05,35.5,20.1,41,10.1,6.94,921.3
2015-11-06,35.3,22.0,47,8.7,6.13,922.4
2015-11-07,33.8,21.4,56,12.7,6.53,923.7
2015-11-08,32.1,21.1,59,13.4,5.87,924.7
2015-11-09,33.2,21.9,53,10.6,6.16,926.2
2015-11-10,31.6,21.7,53,13.0,6.49,926.0
2015-11-11,31.4,21.1,53,11.6,5.85,923.9
2015-11-12,33.1,22.1,52,7.4,5.34,921.4
2015-11-13,33.9,22.2,66,12.3,5.51,921.3
2015-11-14,30.9,21.0,68,14.6,5.01,921.7
2015-11-15,32.0,21.6,64,15.1,5.46,921.6
2015-11-16,25.0,20.9,86,9.2,1.63,920.6
2015-11-17,25.9,20.2,90,10.5,2.66,919.9
2015-11-18,24.7,20.1,92,13.6,1.59,918.2
2015-11-19,28.8,19.7,83,12.3,4.54,917.6
2015-11-20,27.0,20.6,89,14.3,3.1,918.4
2015-11-21,27.7,20.0,84,12.1,3.94,920.6
2015-11-22,26.7,19.0,77,11.3,4.48,921.9
2015-11-23,28.0,19.7,83,8.7,4.2,919.2
2015-11-24,26.1,19.1,88,17.2,3.15,917.8
2015-11-25,26.9,18.6,80,15.1,3.89,919.6
2015-11-26,27.4,19.1,81,11.6,4.35,921.5
2015-11-27,23.9,19.9,81,13.0,3.12,922.2
2015-11-28,27.8,18.2,74,11.2,4.67,921.4
2015-11-29,29.0,20.4,78,13.0,4.8,922.8
2015-11-30,28.6,20.6,85,9.2,4.01,923.7
2015-12-01,28.1,20.5,83,13.1,4.21,925.1
2015-12-02,28.3,20.8,80,9.0,4.33,923.6
2015-12-03,27.5,19.9,86,9.5,3.33,921.9
2015-12-04,28.7,20.3,84,7.7,4.37,920.9
2015-12-05,28.8,19.9,81,14.5,4.87,920.5
2015-12-06,28.5,20.9,79,14.3,4.83,921.2
2015-12-07,27.4,20.1,85,14.0,4.02,921.8
2015-12-08,26.0,20.4,89,10.4,2.88,923.7
2015-12-09,26.3,21.0,84,10.6,3.39,924.5
2015-12-10,29.9,20.3,77,15.5,5.37,923.0
2015-12-11,29.0,21.1,78,10.0,4.56,923.4
2015-12-12,26.8,20.9,79,13.0,3.47,923.6
2015-12-13,27.6,21.4,70,9.9,3.76,923.8
2015-12-14,28.5,20.2,71,11.7,5.17,923.6
2015-12-15,29.5,19.4,65,10.2,5.66,923.5
2015-12-16,29.5,18.1,64,9.0,5.96,923.0
2015-12-17,29.3,20.1,69,13.2,5.52,923.6
2015-12-18,28.5,20.9,75,10.9,4.89,923.8
2015-12-19,29.2,18.9,78,7.3,5.18,923.9
2015-12-20,28.1,18.6,78,9.2,4.79,923.9
2015-12-21,28.1,20.0,74,15.0,5.06,923.9
2015-12-22,28.4,19.8,62,12.2,5.68,924.4
2015-12-23,29.4,19.6,62,14.3,6.32,924.9
2015-12-24,29.6,19.3,60,13.3,5.96,924.9
2015-12-25,29.7,19.9,63,12.0,5.64,924.2
2015-12-26,27.7,20.1,75,11.5,4.13,922.9
2015-12-27,25.0,19.0,81,13.5,3.11,922.4
2015-12-28,27.4,18.6,75,15.3,4.17,923.7
2015-12-29,27.2,19.1,78,8.9,3.38,925.9
2015-12-30,29.5,19.7,78,11.3,4.82,925.9
2015-12-31,30.0,18.7,70,12.2,5.45,923.0
2016-01-01,30.3,21.6,66,11.7,5.56,921.0
2016-01-02,31.7,20.8,72,9.7,5.26,921.3
2016-01-03,26.4,19.9,82,12.4,2.78,921.2
2016-01-04,24.8,18.7,79,13.5,3.32,922.5
2016-01-05,25.4,17.6,72,12.7,4.12,923.7
2016-01-06,29.1,17.7,65,10.7,5.48,922.6
2016-01-07,28.5,18.4,66,9.0,4.93,920.6
2016-01-08,29.1,20.0,73,13.7,4.86,921.2
2016-01-09,28.7,20.7,77,15.3,4.99,923.1
2016-01-10,29.1,21.2,72,13.8,4.61,923.5
2016-01-11,29.7,21.3,64,16.2,5.56,922.5
2016-01-12,24.4,20.8,87,9.6,1.48,921.0
2016-01-13,22.7,20.2,96,10.0,1.43,919.7
2016-01-14,25.2,20.5,88,18.9,2.37,919.6
2016-01-15,24.2,20.8,92,14.8,1.58,919.8
2016-01-16,22.6,20.2,97,18.9,1.14,918.4
2016-01-17,20.4,18.3,95,11.5,0.88,918.9
2016-01-18,23.8,19.2,93,9.7,1.25,919.6
2016-01-19,21.9,19.5,96,10.2,0.83,919.0
2016-01-20,21.5,18.2,94,14.8,1.17,918.5
2016-01-21,23.9,18.0,82,16.2,3.16,919.7
2016-01-22,23.6,17.9,80,13.3,2.62,921.2
2016-01-23,26.9,18.0,82,11.4,4.19,922.0
2016-01-24,27.1,18.9,81,8.2,3.86,922.5
2016-01-25,26.9,20.2,86,10.8,3.46,922.6
2016-01-26,27.7,19.5,84,10.0,4.22,921.1
2016-01-27,28.0,20.7,85,9.8,4.16,921.1
2016-01-28,25.6,20.7,88,11.5,2.81,923.1
2016-01-29,26.2,20.5,79,14.6,3.68,924.9
2016-01-30,28.3,19.3,70,12.0,5.74,925.5
2016-01-31,28.1,16.9,71,11.0,5.93,925.4
2016-02-01,28.0,17.3,76,8.3,4.62,925.1
2016-02-02,29.2,18.0,71,7.3,5.68,923.3
2016-02-03,28.0,19.1,76,7.7,4.89,922.6
2016-02-04,27.3,19.2,76,8.6,4.53,923.2
2016-02-05,28.4,18.3,71,11.7,5.11,924.6
2016-02-06,29.4,18.4,66,8.3,5.15,925.1
2016-02-07,28.8,18.7,71,12.8,5.02,924.7
2016-02-08,28.2,19.0,68,13.4,5.31,925.3
2016-02-09,29.2,16.8,66,9.8,5.55,925.7
2016-02-10,30.9,17.7,63,7.0,5.93,924.1
2016-02-11,31.3,19.7,61,7.6,5.55,922.2
2016-02-12,26.1,20.8,83,9.2,2.37,921.6
2016-02-13,25.6,20.1,88,7.0,2.33,921.4
2016-02-14,27.6,20.1,82,10.4,4.59,921.8
2016-02-15,28.8,19.4,82,12.2,4.88,923.0
2016-02-16,29.0,20.5,79,12.2,4.96,923.6
2016-02-17,29.4,19.8,76,7.9,5.19,923.4
2016-02-18,27.6,20.7,74,7.1,3.73,923.6
2016-02-19,29.4,19.9,66,9.7,5.12,923.0
2016-02-20,28.1,20.2,71,10.0,4.8,923.0
2016-02-21,28.4,19.8,72,10.5,4.8,922.7
2016-02-22,27.5,19.9,71,13.6,4.66,923.8
2016-02-23,28.6,18.9,69,11.3,5.27,925.5
2016-02-24,28.7,19.1,76,12.5,4.94,923.9
2016-02-25,29.9,19.9,72,8.5,5.09,922.4
2016-02-26,28.0,20.2,79,11.1,2.94,922.6
2016-02-27,30.2,20.5,75,10.3,4.95,924.2
2016-02-28,30.3,20.7,77,9.2,4.65,924.5
2016-02-29,29.1,21.5,78,12.0,4.34,924.3
2016-03-01,27.6,19.3,74,16.3,4.47,925.2
2016-03-02,28.6,19.8,70,15.3,5.08,924.5
2016-03-03,27.7,19.9,71,13.4,4.03,922.3
2016-03-04,29.0,19.6,73,15.5,4.66,921.5
2016-03-05,27.6,19.2,82,14.2,3.61,923.1
2016-03-06,28.5,20.0,82,8.2,3.97,923.8
2016-03-07,27.2,21.0,82,13.0,3.68,924.1
2016-03-08,26.8,19.6,77,11.1,3.48,923.9
2016-03-09,27.4,18.1,74,14.8,4.32,923.0
2016-03-10,29.4,18.1,69,11.3,5.09,921.9
2016-03-11,26.8,20.3,73,12.8,2.97,922.2
2016-03-12,25.6,20.3,86,9.8,2.36,923.8
2016-03-13,27.1,19.4,87,9.3,3.17,925.4
2016-03-14,27.1,20.1,84,11.1,3.79,926.7
2016-03-15,26.8,19.9,74,13.0,4.27,927.0
2016-03-16,26.4,19.3,76,11.2,3.93,927.1
2016-03-17,26.1,19.1,76,12.6,3.65,926.3
2016-03-18,26.8,19.1,80,10.4,4.09,925.3
2016-03-19,28.2,18.2,75,7.1,4.42,924.2
2016-03-20,28.4,17.8,70,12.6,4.62,924.3
2016-03-21,27.5,18.8,71,12.4,3.9,924.8
2016-03-22,29.2,17.3,71,7.6,4.87,924.3
2016-03-23,29.1,19.6,70,6.9,4.29,922.9
2016-03-24,28.9,19.6,79,10.2,4.29,923.6
2016-03-25,28.7,20.3,75,14.6,4.3,924.1
2016-03-26,28.1,20.8,78,8.7,3.31,925.4
2016-03-27,28.7,19.7,78,11.8,4.22,925.2
2016-03-28,28.6,19.0,72,10.6,4.75,924.7
2016-03-29,28.9,18.3,69,9.3,4.43,925.5
2016-03-30,28.2,18.8,73,10.1,4.02,926.6
2016-03-31,27.8,20.1,77,12.4,3.86,926.8
2016-04-01,28.5,17.9,76,7.4,4.31,925.1
2016-04-02,27.7,19.4,76,9.4,3.83,923.7
2016-04-03,29.1,19.1,74,7.7,4.32,924.0
2016-04-04,29.5,19.3,69,10.7,4.48,925.9
2016-04-05,28.3,18.9,66,12.3,4.42,926.8
2016-04-06,26.9,18.0,73,10.6,3.3,924.4
2016-04-07,28.7,18.6,69,7.9,3.96,922.6
2016-04-08,30.4,17.8,63,6.8,4.67,921.6
2016-04-09,30.0,17.4,62,7.7,4.72,922.4
2016-04-10,29.7,17.9,63,8.9,4.71,922.7
2016-04-11,29.1,18.9,64,10.1,4.74,924.0
2016-04-12,29.1,16.6,63,10.6,4.6,925.1
2016-04-13,28.5,19.5,66,12.7,4.25,925.8
2016-04-14,28.6,19.3,64,11.5,3.98,926.0
2016-04-15,29.3,17.5,63,10.0,4.57,925.6
2016-04-16,29.1,17.1,62,12.8,4.83,926.1
2016-04-17,28.8,17.4,66,15.1,4.22,927.4
2016-04-18,28.9,18.4,68,13.1,4.21,927.6
2016-04-19,27.8,19.5,68,15.3,3.79,926.3
2016-04-20,27.9,17.3,67,11.4,3.72,925.3
2016-04-21,28.3,18.0,68,13.0,3.69,924.7
2016-04-22,27.4,17.9,72,7.2,3.29,924.9
2016-04-23,27.9,16.8,66,13.1,3.93,924.1
2016-04-24,27.9,15.0,61,12.0,4.42,922.6
2016-04-25,28.7,16.0,63,12.4,3.91,920.9
2016-04-26,29.7,16.7,59,12.5,4.03,920.3
2016-04-27,30.2,19.4,67,19.1,4.21,922.0
2016-04-28,23.5,18.5,89,8.9,1.95,923.4
2016-04-29,20.7,16.0,92,11.0,1.45,923.5
2016-04-30,22.9,16.4,90,10.7,1.6,922.2
2016-05-01,24.3,15.5,78,8.8,2.84,923.8
2016-05-02,21.8,13.9,73,9.3,2.76,926.1
2016-05-03,23.7,12.8,72,8.1,3.42,925.7
2016-05-04,25.5,12.6,70,8.7,3.69,924.8
2016-05-05,26.3,13.8,72,6.8,3.38,925.4
2016-05-06,25.4,15.5,72,11.4,3.38,925.9
2016-05-07,26.3,15.3,72,8.5,3.41,925.4
2016-05-08,26.0,15.6,73,7.9,3.26,924.3
2016-05-09,26.7,16.6,72,9.2,3.18,924.7
2016-05-10,27.8,16.0,68,9.9,3.85,924.3
2016-05-11,27.3,15.9,68,6.5,3.13,924.0
2016-05-12,27.2,16.4,75,8.6,3.19,924.9
2016-05-13,22.1,17.1,86,10.4,1.52,926.0
2016-05-14,19.6,16.1,84,11.7,1.32,927.3
2016-05-15,23.0,15.8,75,14.3,2.22,926.7
2016-05-16,26.6,14.3,75,17.6,3.56,924.9
2016-05-17,26.1,18.5,77,17.3,2.99,923.1
2016-05-18,27.8,16.7,76,9.5,3.22,923.5
2016-05-19,25.7,18.5,83,8.1,2.48,926.2
2016-05-20,25.2,18.2,81,11.7,2.57,928.3
2016-05-21,25.9,16.1,77,8.1,2.63,927.3
2016-05-22,27.0,14.8,75,9.2,3.47,925.7
2016-05-23,27.1,17.0,73,13.8,3.41,925.9
2016-05-24,21.7,15.5,71,12.3,2.41,928.8
2016-05-25,21.3,15.2,71,11.9,2.29,929.3
2016-05-26,22.5,14.7,72,7.3,2.03,926.6
2016-05-27,24.1,12.8,72,5.9,2.59,925.9
2016-05-28,23.4,14.3,70,10.1,2.75,927.4
2016-05-29,24.9,11.6,69,9.2,3.32,925.6
2016-05-30,27.2,14.3,64,8.7,3.48,923.1
2016-05-31,27.3,15.2,67,13.0,3.29,922.5
2016-06-01,27.7,16.0,69,11.4,3.0,922.3
2016-06-02,25.7,17.2,72,8.7,2.62,921.9
2016-06-03,25.6,17.6,76,8.1,2.25,922.1
2016-06-04,23.6,16.8,86,11.9,1.72,922.4
2016-06-05,28.2,17.6,71,14.0,3.23,922.5
2016-06-06,28.6,20.3,60,15.3,3.57,922.3
2016-06-07,27.2,19.0,70,18.4,3.12,922.5
2016-06-08,23.2,17.3,84,10.1,1.75,924.1
2016-06-09,23.6,16.3,82,8.9,1.98,925.5
2016-06-10,22.2,14.8,85,10.0,1.49,925.2
2016-06-11,21.4,14.0,71,5.5,1.72,925.7
2016-06-12,22.2,11.8,77,6.9,2.38,927.9
2016-06-13,17.9,12.6,80,11.4,1.77,930.5
2016-06-14,19.1,10.9,68,11.2,2.71,931.4
2016-06-15,21.9,12.3,68,7.1,2.86,930.2
2016-06-16,22.1,9.3,73,6.4,2.91,928.3
2016-06-17,22.3,9.5,73,6.8,2.97,926.6
2016-06-18,24.1,9.5,70,7.2,3.1,926.5
2016-06-19,23.7,10.0,70,8.7,3.16,927.0
2016-06-20,23.4,11.0,75,10.2,2.87,926.8
2016-06-21,22.5,13.6,78,12.9,2.47,928.4
2016-06-22,22.0,14.0,76,13.8,2.26,928.6
2016-06-23,24.5,11.9,72,6.8,2.96,926.8
2016-06-24,23.7,12.7,75,10.1,2.77,927.8
2016-06-25,21.7,14.3,75,13.4,2.41,930.2
2016-06-26,20.9,12.5,72,14.4,2.98,930.9
2016-06-27,20.0,11.2,76,14.2,2.26,930.9
2016-06-28,19.9,11.2,83,12.9,1.67,930.5
2016-06-29,23.1,12.1,76,12.0,2.88,929.9
2016-06-30,22.6,15.5,78,10.0,1.81,930.0
2016-07-01,23.2,14.3,74,14.5,2.8,929.9
2016-07-02,22.7,12.8,78,14.8,2.36,930.4
2016-07-03,22.9,13.4,73,14.1,3.04,930.0
2016-07-04,23.1,11.6,77,15.7,2.69,929.7
2016-07-05,23.5,14.7,72,12.8,3.01,928.8
2016-07-06,24.7,11.2,65,11.4,3.32,926.7
2016-07-07,26.4,16.0,57,14.8,3.3,925.6
2016-07-08,25.6,12.7,67,7.6,3.13,927.4
2016-07-09,23.4,13.9,71,10.5,2.87,927.7
2016-07-10,26.6,12.3,65,8.9,3.33,925.9
2016-07-11,27.2,12.7,65,7.6,3.41,924.5
2016-07-12,27.7,13.0,60,6.5,3.41,924.1
2016-07-13,28.2,13.1,59,9.1,3.78,925.1
2016-07-14,26.9,11.7,57,8.0,3.68,923.9
2016-07-15,27.8,12.4,57,8.0,3.65,923.1
2016-07-16,28.6,15.9,49,19.9,4.52,921.6
2016-07-17,25.8,14.2,54,13.1,3.84,922.3
2016-07-18,24.8,8.4,57,7.9,3.35,924.4
2016-07-19,24.3,13.4,69,11.8,2.93,926.3
2016-07-20,25.7,14.1,69,9.7,2.94,925.5
2016-07-21,25.4,13.9,69,10.0,2.99,925.3
2016-07-22,21.7,15.2,80,10.9,1.93,926.5
2016-07-23,22.7,15.4,75,15.5,2.36,928.0
2016-07-24,24.4,13.9,68,11.7,3.26,928.5
2016-07-25,25.2,11.5,69,10.8,3.54,927.1
2016-07-26,25.3,11.9,65,12.9,3.65,926.1
2016-07-27,28.2,13.9,54,10.5,3.95,925.4
2016-07-28,25.7,15.4,60,12.7,3.48,926.5
2016-07-29,23.6,15.0,68,13.6,2.84,928.1
2016-07-30,22.1,14.2,72,13.4,2.2,928.8
2016-07-31,21.4,14.2,76,13.4,1.82,928.8
2016-08-01,23.6,12.2,65,9.1,3.52,927.6
2016-08-02,25.8,10.8,55,8.2,3.85,927.7
2016-08-03,23.6,13.4,65,13.0,2.92,928.3
2016-08-04,22.6,14.7,72,11.6,2.48,928.7
2016-08-05,23.7,14.4,66,11.6,3.07,928.1
2016-08-06,25.8,12.0,59,8.7,3.82,927.0
2016-08-07,27.8,14.3,54,11.5,4.12,925.9
2016-08-08,28.8,13.6,52,11.0,4.51,924.8
2016-08-09,29.1,14.1,53,10.7,4.53,925.3
2016-08-10,30.0,14.8,50,13.0,4.73,924.0
2016-08-11,25.6,15.9,68,8.7,2.81,924.4
2016-08-12,23.4,12.5,58,10.1,3.71,925.7
2016-08-13,25.9,13.3,66,9.7,3.71,924.9
2016-08-14,28.1,13.7,59,12.8,4.0,923.7
2016-08-15,29.4,14.6,54,11.5,4.42,922.0
2016-08-16,27.4,16.0,65,17.3,3.81,923.5
2016-08-17,28.8,16.0,64,14.5,4.22,923.9
2016-08-18,30.7,16.0,53,8.8,4.72,924.7
2016-08-19,27.2,17.2,65,18.9,4.22,925.9
2016-08-20,28.8,17.7,60,15.3,4.49,924.2
2016-08-21,29.9,17.2,61,21.8,4.0,923.7
2016-08-22,23.2,15.5,62,15.8,3.56,926.1
2016-08-23,21.3,13.5,69,14.3,2.85,927.8
2016-08-24,24.4,14.4,65,13.7,3.77,928.5
2016-08-25,24.5,13.5,60,11.0,4.23,927.9
2016-08-26,25.1,11.2,55,10.9,4.46,926.1
2016-08-27,26.1,12.5,54,13.5,4.65,926.1
2016-08-28,26.2,14.3,56,12.4,4.5,925.9
2016-08-29,28.1,12.8,56,12.0,4.82,925.6
2016-08-30,27.6,16.0,60,12.0,4.26,925.7
2016-08-31,28.9,17.4,59,14.1,4.34,925.0
2016-09-01,28.9,18.2,67,8.0,4.01,927.1
2016-09-02,25.8,16.9,68,15.0,3.88,928.0
2016-09-03,25.8,15.4,64,18.9,4.54,927.8
2016-09-04,26.3,15.8,61,14.5,4.67,927.9
2016-09-05,26.6,15.4,59,12.4,4.71,927.3
2016-09-06,28.3,14.7,58,11.2,4.35,926.9
2016-09-07,29.1,16.1,51,10.6,4.74,925.6
2016-09-08,30.0,17.1,48,9.0,4.39,924.8
2016-09-09,29.3,18.2,62,12.1,4.61,927.0
2016-09-10,26.0,17.2,69,16.3,3.72,929.1
2016-09-11,27.3,15.8,57,13.2,4.69,927.2
2016-09-12,28.7,15.9,48,13.0,5.35,924.5
2016-09-13,29.6,16.8,50,14.1,5.42,924.4
2016-09-14,32.4,17.0,42,11.7,6.1,923.1
2016-09-15,33.8,17.4,42,11.2,6.05,922.4
2016-09-16,29.8,19.2,60,14.9,4.59,925.4
2016-09-17,30.2,18.1,61,13.2,5.12,925.8
2016-09-18,31.6,17.5,53,7.1,4.83,924.7
2016-09-19,32.0,19.9,54,10.0,5.04,923.5
2016-09-20,31.1,18.1,68,9.6,4.55,922.8
2016-09-21,21.1,15.3,75,15.6,2.39,923.9
2016-09-22,24.5,12.8,64,14.3,4.56,925.8
2016-09-23,27.3,14.3,62,9.3,4.68,925.9
2016-09-24,29.6,15.7,60,11.5,4.68,924.2
2016-09-25,28.2,17.3,73,10.6,4.2,922.5
2016-09-26,23.8,16.9,85,11.2,2.65,922.6
2016-09-27,23.3,15.8,75,10.1,2.98,924.0
2016-09-28,25.1,16.5,69,14.0,3.5,924.8
2016-09-29,28.5,15.9,62,13.5,4.76,921.7
2016-09-30,27.8,18.2,70,12.1,3.82,921.9
2016-10-01,24.3,17.8,79,15.4,2.78,925.3
2016-10-02,21.6,15.1,81,12.9,2.32,926.3
2016-10-03,24.1,16.4,70,16.5,3.37,924.1
2016-10-04,20.8,16.3,90,14.2,1.28,920.5
2016-10-05,23.2,17.7,82,11.0,2.91,919.6
2016-10-06,24.1,17.1,87,14.7,1.89,915.2
2016-10-07,25.2,14.0,66,15.5,5.21,917.4
2016-10-08,28.1,12.1,62,8.3,5.35,921.2
2016-10-09,29.4,15.2,62,13.0,5.3,923.8
2016-10-10,25.2,18.7,74,13.8,3.68,926.5
2016-10-11,25.3,18.1,69,16.7,3.89,925.7
2016-10-12,27.5,17.8,64,13.7,4.84,925.3
2016-10-13,27.4,17.9,67,17.1,4.87,925.9
2016-10-14,28.0,18.6,66,11.5,4.0,927.0
2016-10-15,29.4,19.9,64,13.8,4.96,925.6
2016-10-16,29.6,20.1,62,11.7,4.96,924.3
2016-10-17,30.8,19.7,51,12.2,5.76,923.3
2016-10-18,31.9,20.1,51,7.3,5.85,923.0
2016-10-19,33.0,20.9,49,9.4,6.13,921.5
2016-10-20,33.4,21.5,52,8.9,5.92,920.4
2016-10-21,32.1,21.8,55,13.0,5.71,920.9
2016-10-22,28.6,21.4,71,13.5,4.11,924.2
2016-10-23,27.7,20.3,71,12.3,3.86,925.7
2016-10-24,29.6,19.5,63,12.5,5.01,923.7
2016-10-25,29.7,20.1,59,12.6,5.03,922.9
2016-10-26,30.9,20.2,56,15.4,5.69,921.3
2016-10-27,33.0,21.0,46,17.3,6.63,918.7
2016-10-28,31.6,21.4,61,13.9,5.2,920.7
2016-10-29,21.9,15.9,80,15.1,2.9,925.8
2016-10-30,22.9,15.8,74,12.7,2.9,926.7
2016-10-31,26.1,16.7,67,14.0,3.94,924.8
2016-11-01,28.9,16.7,61,13.5,6.07,924.5
2016-11-02,27.2,18.1,64,14.5,4.09,924.4
2016-11-03,29.5,19.5,60,11.8,5.29,925.9
2016-11-04,27.6,19.7,71,11.1,3.27,928.0
2016-11-05,27.6,18.7,75,12.7,4.15,927.8
2016-11-06,26.2,17.8,66,13.5,4.12,926.4
2016-11-07,26.6,18.0,67,14.0,4.29,924.7
2016-11-08,25.5,17.8,83,12.0,3.5,923.0
2016-11-09,27.8,18.4,74,12.4,4.56,922.8
2016-11-10,28.0,18.8,75,11.9,4.23,922.7
2016-11-11,29.0,18.5,74,7.2,4.85,920.7
2016-11-12,28.3,19.5,79,9.7,4.1,920.2
2016-11-13,21.7,19.0,93,8.6,1.48,920.2
2016-11-14,20.9,18.7,95,11.9,0.86,916.2
2016-11-15,25.7,18.9,90,16.9,2.75,914.4
2016-11-16,27.3,19.1,86,15.5,3.62,916.6
2016-11-17,26.6,19.2,87,12.6,3.53,918.9
2016-11-18,26.1,18.0,88,14.3,2.78,917.5
2016-11-19,24.3,14.6,63,14.0,5.95,919.9
2016-11-20,24.2,12.5,65,9.7,5.49,921.5
2016-11-21,25.0,14.8,75,10.5,4.24,922.4
2016-11-22,23.0,17.5,88,5.8,1.62,920.9
2016-11-23,22.7,18.9,94,9.7,1.16,920.5
2016-11-24,26.8,18.7,84,9.8,4.26,922.4
2016-11-25,26.1,18.9,81,8.9,3.41,924.2
2016-11-26,27.1,20.0,76,10.6,4.69,923.8
2016-11-27,27.1,19.0,75,11.5,4.69,923.2
2016-11-28,27.6,19.1,77,8.0,4.66,922.5
2016-11-29,29.4,19.7,72,7.5,5.46,921.2
2016-11-30,23.1,18.8,87,15.9,1.89,922.6
2016-12-01,22.8,16.4,74,15.0,3.4,925.4
2016-12-02,24.9,16.5,76,8.7,3.71,925.0
2016-12-03,27.2,19.3,78,10.8,4.12,921.3
2016-12-04,25.9,19.6,92,17.2,1.78,917.7
2016-12-05,23.1,19.3,94,16.0,2.12,918.0
2016-12-06,28.5,19.3,79,15.9,4.99,920.1
2016-12-07,29.7,20.1,75,8.7,5.1,919.7
2016-12-08,27.7,19.3,80,10.7,4.86,920.3
2016-12-09,27.0,20.1,84,11.5,3.45,919.8
2016-12-10,25.6,20.0,92,10.5,2.41,919.9
2016-12-11,27.7,20.3,91,12.5,3.44,919.1
2016-12-12,27.5,20.3,87,11.1,3.37,918.1
2016-12-13,26.1,20.4,92,10.8,2.78,919.0
2016-12-14,26.1,20.5,94,8.7,2.01,920.7
2016-12-15,21.0,16.2,93,20.0,1.17,924.3
2016-12-16,21.4,15.6,80,15.5,2.59,927.6
2016-12-17,23.9,15.6,83,15.7,3.68,925.9
2016-12-18,25.4,17.2,83,12.8,4.55,924.4
2016-12-19,25.8,17.5,80,14.5,4.55,923.6
2016-12-20,25.7,18.5,76,11.9,4.99,923.3
2016-12-21,26.8,18.4,76,13.0,5.21,923.3
2016-12-22,28.2,19.0,74,9.6,5.56,924.8
2016-12-23,28.5,19.1,72,10.0,5.84,923.9
2016-12-24,29.8,17.7,69,8.5,5.45,922.3
2016-12-25,29.7,19.0,72,7.9,5.52,921.3
2016-12-26,28.8,20.0,76,8.9,5.24,921.7
2016-12-27,29.6,19.6,74,6.1,5.45,923.0
2016-12-28,29.1,19.5,68,6.6,5.66,923.3
2016-12-29,29.6,18.0,69,9.1,5.95,923.1
2016-12-30,30.2,19.7,61,7.2,6.04,923.2
2016-12-31,29.5,18.5,64,11.4,5.96,923.3
2017-01-01,30.7,19.4,58,10.3,6.59,921.9
2017-01-02,30.9,20.2,56,7.4,5.64,920.5
2017-01-03,30.8,22.0,62,14.0,5.87,920.7
2017-01-04,30.7,21.2,64,15.1,6.17,922.3
2017-01-05,29.4,19.6,65,9.5,5.51,923.0
2017-01-06,30.4,20.7,66,10.0,5.62,922.8
2017-01-07,30.2,21.0,62,11.8,6.03,922.9
2017-01-08,30.2,20.1,55,13.0,6.44,921.8
2017-01-09,29.4,21.2,59,13.2,4.53,920.8
2017-01-10,30.2,19.8,69,10.1,4.96,919.5
2017-01-11,30.2,20.5,75,13.4,4.97,919.8
2017-01-12,27.6,20.2,77,12.9,4.19,920.3
2017-01-13,24.8,20.0,84,12.1,2.3,920.7
2017-01-14,26.7,19.7,84,11.3,3.8,919.1
2017-01-15,25.4,19.1,84,11.7,3.05,920.0
2017-01-16,25.9,20.0,82,14.6,3.19,920.8
2017-01-17,26.7,19.2,71,17.5,4.65,920.3
2017-01-18,28.5,19.2,63,16.6,6.27,920.8
2017-01-19,27.6,19.1,63,11.6,5.42,922.1
2017-01-20,28.4,18.7,64,13.2,5.53,923.6
2017-01-21,27.6,18.6,68,12.6,4.49,923.0
2017-01-22,26.9,19.6,67,15.3,4.68,921.9
2017-01-23,28.2,18.8,64,14.3,5.79,922.0
2017-01-24,28.8,20.1,67,12.6,5.41,923.0
2017-01-25,28.8,20.7,68,12.6,5.38,923.0
2017-01-26,29.2,20.6,61,14.1,5.66,922.8
2017-01-27,29.6,19.6,58,15.5,6.45,924.1
2017-01-28,29.4,18.9,59,15.5,6.13,925.3
2017-01-29,27.6,19.6,65,15.2,5.18,925.6
2017-01-30,28.5,19.8,65,14.6,5.42,924.8
2017-01-31,28.3,20.0,65,15.1,5.34,923.6
2017-02-01,28.6,19.8,67,14.0,4.86,921.7
2017-02-02,27.9,19.4,72,12.7,4.08,921.0
2017-02-03,25.3,19.9,83,11.2,3.24,921.8
2017-02-04,27.9,19.9,80,8.9,4.28,921.3
2017-02-05,25.6,19.9,84,12.6,3.45,920.8
2017-02-06,25.6,19.9,85,11.3,3.43,919.4
2017-02-07,28.4,20.1,78,14.0,4.63,919.0
2017-02-08,26.8,20.5,79,13.8,3.98,920.2
2017-02-09,26.5,19.1,74,19.1,4.23,921.2
2017-02-10,25.8,19.7,74,18.8,3.7,921.9
2017-02-11,26.8,19.8,71,17.4,4.41,921.1
2017-02-12,27.5,19.5,68,18.0,5.13,921.1
2017-02-13,27.0,18.7,70,18.1,4.72,922.3
2017-02-14,25.8,18.4,74,19.0,4.02,925.5
2017-02-15,28.4,19.1,68,16.2,5.25,927.3
2017-02-16,28.0,18.9,67,11.2,4.73,925.7
2017-02-17,29.3,18.4,64,11.0,5.32,923.5
2017-02-18,30.0,19.6,62,14.6,5.84,923.3
2017-02-19,29.7,19.4,62,13.7,5.97,924.2
2017-02-20,28.5,19.7,62,15.8,5.68,925.2
2017-02-21,27.8,18.9,66,18.9,5.23,925.1
2017-02-22,27.6,18.8,69,15.9,4.41,924.4
2017-02-23,29.6,19.3,65,13.0,5.8,923.6
2017-02-24,30.0,18.3,62,9.3,5.6,922.0
2017-02-25,29.9,19.0,62,9.4,4.53,921.0
2017-02-26,25.2,19.6,80,10.5,2.71,921.7
2017-02-27,24.6,19.2,86,14.4,2.47,921.2
2017-02-28,24.1,19.1,84,11.3,2.74,920.0
2017-03-01,25.8,18.9,84,12.7,3.05,920.3
2017-03-02,28.0,18.7,78,11.8,4.15,921.8
2017-03-03,28.0,19.5,72,11.2,4.94,922.9
2017-03-04,29.1,18.4,67,8.6,5.43,920.5
2017-03-05,28.4,18.5,69,9.7,4.32,918.8
2017-03-06,29.8,19.0,68,11.0,4.78,919.8
2017-03-07,29.2,20.6,70,10.7,4.79,921.6
2017-03-08,28.8,20.5,77,14.8,4.24,922.3
2017-03-09,27.0,19.6,76,14.2,3.5,922.1
2017-03-10,28.9,20.2,71,12.4,4.69,922.9
2017-03-11,29.2,19.3,63,12.0,5.41,922.7
2017-03-12,29.0,18.3,63,12.8,5.43,922.4
2017-03-13,30.4,17.9,58,12.3,5.95,921.1
2017-03-14,28.6,20.3,63,15.6,5.05,922.5
2017-03-15,28.4,19.3,65,15.5,4.92,923.5
2017-03-16,29.0,20.0,63,13.8,5.52,923.2
2017-03-17,29.6,19.0,63,11.0,5.3,922.0
2017-03-18,30.7,20.9,64,14.3,5.29,922.2
2017-03-19,24.8,19.6,81,8.8,2.15,923.5
2017-03-20,25.4,18.8,85,12.4,2.51,923.6
2017-03-21,26.8,16.6,70,12.3,4.82,924.9
2017-03-22,27.7,14.6,61,12.4,5.39,925.2
2017-03-23,26.3,15.3,64,11.0,4.12,923.7
2017-03-24,27.7,17.3,61,10.7,4.46,922.1
2017-03-25,29.0,16.9,59,12.6,4.68,921.0
2017-03-26,28.5,18.7,63,9.8,4.49,921.0
2017-03-27,26.5,19.1,80,11.4,2.83,921.6
2017-03-28,24.3,16.9,83,11.8,2.44,921.6
2017-03-29,23.9,15.5,71,11.2,3.06,921.8
2017-03-30,26.1,14.9,64,13.4,4.51,921.5
2017-03-31,26.4,17.1,61,11.8,4.64,922.6
2017-04-01,25.9,15.2,60,15.8,4.62,923.6
2017-04-02,25.7,13.7,62,10.8,4.18,922.4
2017-04-03,27.2,15.5,63,12.1,4.49,922.3
2017-04-04,27.1,17.0,65,13.3,4.65,923.0
2017-04-05,27.3,17.3,65,14.6,4.18,923.5
2017-04-06,28.8,18.3,68,9.6,4.16,923.5
2017-04-07,28.2,21.3,69,12.4,3.4,922.9
2017-04-08,27.5,19.7,71,11.8,3.39,923.2
2017-04-09,27.5,19.1,71,10.1,3.67,923.2
2017-04-10,26.9,18.9,73,10.1,3.57,922.8
2017-04-11,27.3,17.7,72,8.9,3.6,922.3
2017-04-12,29.5,19.2,66,9.5,4.05,921.8
2017-04-13,26.4,19.2,67,14.4,3.86,923.7
2017-04-14,26.3,17.5,74,11.7,3.08,924.8
2017-04-15,27.4,17.6,70,14.7,3.85,924.9
2017-04-16,28.3,17.3,65,10.0,4.08,922.9
2017-04-17,28.4,16.1,62,10.2,4.12,921.3
2017-04-18,25.9,19.2,69,14.7,3.64,923.2
2017-04-19,24.1,17.2,69,14.5,2.79,924.2
2017-04-20,22.9,17.9,72,18.8,2.51,923.5
2017-04-21,26.8,16.2,68,13.1,3.61,922.3
2017-04-22,27.4,17.6,70,15.5,3.28,922.0
2017-04-23,25.7,18.1,74,12.2,3.39,923.9
2017-04-24,24.9,17.9,75,13.0,2.78,924.6
2017-04-25,26.2,17.5,76,16.5,2.7,922.8
2017-04-26,28.4,17.8,72,9.4,3.93,921.6
2017-04-27,28.6,18.4,80,10.2,3.11,922.2
2017-04-28,21.4,18.6,88,12.9,1.13,924.8
2017-04-29,22.8,17.0,82,14.2,2.4,925.9
2017-04-30,23.4,16.0,75,12.0,2.76,927.1
2017-05-01,23.6,15.7,72,14.5,2.83,927.1
2017-05-02,23.8,16.2,69,11.8,2.5,926.1
2017-05-03,23.8,16.2,75,11.4,2.2,926.4
2017-05-04,24.7,15.1,72,15.3,3.4,924.9
2017-05-05,26.1,16.4,71,12.6,3.27,924.1
2017-05-06,25.3,16.8,75,13.1,2.9,923.2
2017-05-07,24.7,15.0,77,10.5,3.03,922.1
2017-05-08,25.6,14.5,69,10.8,3.41,921.3
2017-05-09,26.0,16.0,71,8.5,3.23,921.8
2017-05-10,26.6,14.9,68,10.9,3.63,922.5
2017-05-11,25.1,15.8,71,12.8,3.06,923.5
2017-05-12,23.1,14.2,71,13.5,2.89,924.7
2017-05-13,24.7,14.6,69,10.3,3.55,923.8
2017-05-14,28.3,13.3,66,23.3,3.95,920.7
2017-05-15,24.0,16.4,79,11.6,1.93,921.0
2017-05-16,25.1,17.0,86,10.2,2.13,922.3
2017-05-17,21.9,16.9,80,14.5,1.74,923.4
2017-05-18,22.0,16.9,79,15.3,2.03,923.2
2017-05-19,21.6,16.7,83,15.1,1.53,920.9
2017-05-20,21.6,16.9,88,12.5,1.21,922.1
2017-05-21,22.8,18.5,88,15.3,1.12,924.5
2017-05-22,25.5,18.7,85,12.4,2.33,923.9
2017-05-23,24.8,16.6,79,11.6,2.71,925.1
2017-05-24,24.7,17.6,78,15.2,2.81,926.6
2017-05-25,24.3,17.1,79,13.0,2.69,927.1
2017-05-26,23.1,16.6,79,13.7,2.31,926.6
2017-05-27,24.1,14.3,73,8.9,3.31,926.2
2017-05-28,23.1,14.5,77,12.3,2.42,926.5
2017-05-29,24.2,13.0,73,12.7,3.2,926.1
2017-05-30,24.4,12.4,71,10.4,3.21,924.7
2017-05-31,24.8,12.2,67,10.4,3.19,923.3
2017-06-01,26.6,14.2,69,11.4,3.13,922.8
2017-06-02,26.1,15.9,71,13.0,3.17,924.2
2017-06-03,24.9,15.9,77,15.1,2.85,926.0
2017-06-04,25.7,16.9,77,11.9,3.17,926.2
2017-06-05,25.6,15.1,76,8.7,3.15,924.5
2017-06-06,26.6,13.1,71,8.3,3.25,923.8
2017-06-07,28.2,14.3,68,9.7,3.46,923.1
2017-06-08,26.2,15.1,68,10.2,3.33,922.8
2017-06-09,27.6,14.8,64,14.8,3.58,922.5
2017-06-10,25.2,14.8,63,7.7,2.99,922.8
2017-06-11,25.4,14.7,74,13.6,2.71,924.4
2017-06-12,24.7,16.8,80,12.0,2.51,925.6
2017-06-13,25.3,17.5,76,12.2,2.96,925.9
2017-06-14,23.6,16.5,78,9.0,1.78,926.7
2017-06-15,22.4,16.0,75,14.4,2.38,927.7
2017-06-16,23.1,13.0,70,11.4,2.88,927.0
2017-06-17,23.9,13.6,67,12.1,3.24,925.3
2017-06-18,23.6,12.8,68,11.9,2.98,924.6
2017-06-19,24.4,12.6,61,8.7,3.07,924.3
2017-06-20,23.8,13.7,66,10.5,2.73,925.8
2017-06-21,21.8,13.7,70,12.5,2.66,928.1
2017-06-22,22.1,13.7,73,22.3,2.76,928.1
2017-06-23,21.6,13.8,72,16.9,2.58,928.5
2017-06-24,22.2,12.6,73,14.5,2.68,928.9
2017-06-25,22.3,11.8,67,15.5,3.19,928.9
2017-06-26,21.7,12.4,76,18.4,2.22,928.0
2017-06-27,21.4,10.9,76,18.4,2.2,928.2
2017-06-28,21.8,13.2,80,17.0,2.15,928.7
2017-06-29,22.9,12.3,68,13.1,3.26,927.6
2017-06-30,22.6,11.1,65,6.9,2.9,927.1
2017-07-01,24.4,10.6,60,13.3,2.82,926.7
2017-07-02,21.8,12.3,68,16.4,3.01,929.4
2017-07-03,18.9,11.0,63,17.1,3.3,931.7
2017-07-04,18.7,8.4,67,20.9,2.6,932.4
2017-07-05,17.4,9.3,74,17.0,1.65,931.5
2017-07-06,19.5,10.0,75,13.3,2.34,930.0
2017-07-07,19.6,10.7,75,15.0,2.04,930.2
2017-07-08,19.9,10.8,74,17.7,2.03,930.2
2017-07-09,21.0,9.9,74,16.9,2.32,930.3
2017-07-10,19.5,11.5,80,16.5,1.61,930.0
2017-07-11,23.6,13.2,73,14.3,3.1,929.2
2017-07-12,23.7,13.2,74,14.7,3.05,929.6
2017-07-13,23.1,12.9,73,14.4,2.93,929.6
2017-07-14,21.8,12.7,71,14.1,2.59,929.5
2017-07-15,19.5,13.7,77,15.6,2.16,928.9
2017-07-16,23.3,12.5,69,12.3,3.25,928.4
2017-07-17,23.1,12.3,70,12.3,3.06,927.8
2017-07-18,23.7,12.1,68,12.3,3.27,926.5
2017-07-19,21.9,13.5,66,15.0,3.3,927.5
2017-07-20,22.4,11.9,67,11.3,3.08,927.9
2017-07-21,24.0,12.1,63,11.9,3.26,927.3
2017-07-22,25.8,13.4,57,15.1,3.57,927.0
2017-07-23,22.7,13.8,56,15.4,3.89,929.3
2017-07-24,22.3,11.5,71,16.1,2.34,931.0
2017-07-25,21.7,14.5,68,11.9,2.8,931.5
2017-07-26,23.3,12.6,62,13.0,3.52,929.5
2017-07-27,22.2,10.5,64,12.8,3.3,929.0
2017-07-28,22.5,11.4,61,16.9,3.54,930.1
2017-07-29,21.2,11.6,72,18.4,2.24,931.9
2017-07-30,21.5,12.3,63,15.0,3.29,932.0
2017-07-31,21.2,13.2,63,12.6,3.19,929.3
2017-08-01,20.8,11.0,60,12.2,2.44,926.6
2017-08-02,23.6,11.4,63,11.9,3.41,926.7
2017-08-03,26.9,11.9,57,16.9,4.2,923.9
2017-08-04,26.3,14.8,52,15.7,4.3,924.1
2017-08-05,24.6,12.4,57,16.9,3.97,925.7
2017-08-06,23.6,12.3,63,17.0,3.86,926.4
2017-08-07,24.1,12.3,58,15.5,4.03,926.1
2017-08-08,27.1,11.7,54,12.3,4.19,924.7
2017-08-09,28.5,12.1,54,9.8,4.13,923.3
2017-08-10,29.9,14.9,48,10.7,4.35,922.7
2017-08-11,25.5,15.6,68,17.6,4.0,924.7
2017-08-12,25.3,14.6,68,15.5,3.96,925.5
2017-08-13,26.9,14.1,64,11.9,4.09,924.7
2017-08-14,29.9,13.5,61,17.7,4.47,923.3
2017-08-15,26.8,16.8,61,17.8,4.4,923.7
2017-08-16,26.4,14.8,62,12.6,4.11,924.0
2017-08-17,28.3,15.8,55,13.4,4.45,923.3
2017-08-18,26.9,16.4,61,17.3,4.13,923.5
2017-08-19,26.8,16.3,64,18.5,4.53,923.1
2017-08-20,28.9,15.7,60,14.0,4.59,923.0
2017-08-21,27.2,15.7,63,22.0,4.1,926.6
2017-08-22,22.3,14.0,63,19.2,3.59,929.5
2017-08-23,21.7,14.1,70,15.9,2.67,928.6
2017-08-24,24.9,13.9,67,19.0,3.19,927.3
2017-08-25,23.5,12.5,63,16.2,4.07,927.2
2017-08-26,24.7,12.1,57,14.8,4.55,926.1
2017-08-27,25.2,12.4,58,12.6,4.49,924.5
2017-08-28,27.7,13.5,49,14.0,4.98,924.3
2017-08-29,27.0,13.6,51,12.4,5.09,925.1
2017-08-30,29.1,14.0,51,11.1,4.81,924.7
2017-08-31,30.8,15.5,48,17.6,5.59,925.4
2017-09-01,24.6,15.9,64,19.2,3.63,929.5
2017-09-02,23.2,14.1,62,14.1,4.13,930.8
2017-09-03,23.4,13.1,60,17.6,4.05,930.4
2017-09-04,23.3,12.6,59,18.3,4.28,929.1
2017-09-05,25.5,12.6,53,16.6,4.77,927.5
2017-09-06,26.7,13.0,50,10.9,5.04,926.5
2017-09-07,27.6,14.4,45,13.2,5.39,926.1
2017-09-08,26.3,14.4,53,14.3,5.16,925.1
2017-09-09,26.7,14.7,55,14.7,5.25,925.9
2017-09-10,24.5,16.4,62,20.1,4.03,926.2
2017-09-11,27.4,16.0,57,19.1,5.32,927.4
2017-09-12,27.2,14.1,55,18.9,5.52,927.7
2017-09-13,26.8,15.0,57,18.4,5.2,928.2
2017-09-14,27.9,15.8,56,19.1,5.32,928.4
2017-09-15,29.2,15.2,55,15.2,5.43,927.9
2017-09-16,27.9,15.5,54,16.4,5.26,927.8
2017-09-17,27.5,15.5,57,17.0,5.25,927.4
2017-09-18,26.3,14.9,56,17.9,4.93,927.6
2017-09-19,26.9,15.0,57,20.0,4.54,927.6
2017-09-20,26.0,15.5,56,20.4,4.92,928.0
2017-09-21,24.9,15.5,55,19.9,4.26,928.0
2017-09-22,26.5,14.1,54,16.5,4.97,927.1
2017-09-23,26.9,15.2,54,16.6,4.74,926.0
2017-09-24,27.5,14.8,51,13.7,5.46,925.3
2017-09-25,25.5,15.5,57,21.4,4.15,926.6
2017-09-26,24.2,15.5,59,20.0,3.8,925.2
2017-09-27,27.0,16.3,62,19.9,3.92,924.0
2017-09-28,29.0,15.9,57,12.3,4.75,924.2
2017-09-29,29.4,18.6,57,17.3,5.44,923.6
2017-09-30,21.8,18.1,82,20.3,1.69,920.4
2017-10-01,27.2,16.3,70,13.0,3.82,918.3
2017-10-02,29.7,18.7,72,20.4,3.87,919.4
2017-10-03,23.2,18.5,77,10.9,2.11,923.0
2017-10-04,23.9,16.6,80,28.0,2.79,924.7
2017-10-05,27.8,18.1,70,25.1,4.56,925.2
2017-10-06,29.0,17.2,64,15.6,5.35,925.8
2017-10-07,28.3,16.6,59,13.4,4.97,924.3
2017-10-08,29.4,16.8,55,19.5,5.5,923.7
2017-10-09,29.1,16.9,57,17.8,5.83,923.1
2017-10-10,30.3,17.1,51,14.8,6.15,922.7
2017-10-11,31.1,17.7,49,14.2,6.36,922.3
2017-10-12,31.8,18.1,46,14.8,6.67,922.5
2017-10-13,31.0,18.2,46,14.0,6.63,922.4
2017-10-14,32.5,17.7,40,12.3,6.5,921.3
2017-10-15,31.7,20.8,46,18.4,6.4,923.2
2017-10-16,27.2,19.6,63,20.2,4.55,926.3
2017-10-17,27.4,18.8,62,18.6,4.82,927.7
2017-10-18,28.9,17.7,53,16.9,6.13,926.4
2017-10-19,29.9,15.7,48,18.1,6.39,924.1
2017-10-20,31.7,17.9,37,15.5,5.98,922.8
2017-10-21,33.4,21.4,40,18.9,7.12,923.6
2017-10-22,33.7,22.3,44,25.0,6.43,922.9
2017-10-23,31.2,19.5,67,27.4,4.75,923.2
2017-10-24,29.0,19.0,62,17.5,4.31,924.0
2017-10-25,29.4,18.0,56,17.6,5.82,923.7
2017-10-26,29.5,17.8,57,17.0,5.68,921.7
2017-10-27,30.0,19.6,60,12.6,4.96,920.2
2017-10-28,26.9,19.2,73,16.5,3.16,919.9
2017-10-29,28.8,19.5,68,13.9,4.29,920.2
2017-10-30,27.1,19.8,77,17.3,3.81,918.7
2017-10-31,27.9,19.1,76,14.1,4.01,917.8
2017-11-01,20.9,17.9,78,15.0,1.67,921.9
2017-11-02,23.1,15.9,73,15.4,3.12,924.9
2017-11-03,25.2,16.0,69,16.6,4.07,923.8
2017-11-04,27.6,17.3,69,16.5,4.1,921.7
2017-11-05,27.3,18.5,73,16.6,3.35,921.2
2017-11-06,27.4,18.7,78,15.5,3.95,921.1
2017-11-07,23.0,17.3,72,15.2,3.02,921.4
2017-11-08,21.7,17.3,76,14.9,2.24,921.7
2017-11-09,22.3,17.5,79,15.0,2.02,921.5
2017-11-10,23.0,18.0,85,14.2,2.3,919.5
2017-11-11,21.5,18.4,94,14.3,1.09,916.6
2017-11-12,26.4,18.5,81,14.4,3.34,915.6
2017-11-13,28.4,15.0,56,16.6,6.29,917.9
2017-11-14,27.0,17.8,62,15.5,5.6,921.2
2017-11-15,26.7,17.9,67,16.7,4.93,922.7
2017-11-16,27.3,17.2,67,13.8,5.33,922.5
2017-11-17,28.7,18.1,62,12.8,5.52,920.4
2017-11-18,29.9,19.3,69,12.5,5.14,918.9
2017-11-19,27.3,19.6,84,8.0,3.81,918.6
2017-11-20,27.3,19.8,87,10.5,3.51,919.9
2017-11-21,26.5,20.0,84,12.1,3.24,920.0
2017-11-22,24.2,19.8,87,17.7,2.2,918.8
2017-11-23,25.2,18.4,88,13.2,2.19,920.6
2017-11-24,23.7,18.1,85,14.2,2.33,923.2
2017-11-25,26.1,18.2,76,16.3,3.82,923.1
2017-11-26,26.8,18.8,70,15.7,4.32,921.7
2017-11-27,27.6,18.6,77,9.6,4.18,922.4
2017-11-28,28.1,19.1,79,12.1,4.49,921.9
2017-11-29,27.6,19.2,75,16.5,5.19,920.5
2017-11-30,23.9,18.8,80,14.1,3.24,919.0
2017-12-01,21.8,18.4,91,13.3,1.44,918.5
2017-12-02,24.3,18.7,90,7.0,2.26,919.1
2017-12-03,25.6,18.8,86,13.3,2.82,918.7
2017-12-04,26.6,19.5,88,12.3,2.79,919.0
2017-12-05,27.7,19.3,84,7.7,4.04,920.4
2017-12-06,25.3,20.1,84,11.7,2.43,920.7
2017-12-07,23.9,19.0,84,14.5,2.05,918.8
2017-12-08,24.8,18.8,88,15.5,2.1,915.6
2017-12-09,27.6,20.2,82,11.3,4.16,915.5
2017-12-10,27.4,18.0,78,10.2,4.56,914.2
2017-12-11,24.7,19.0,91,11.6,2.1,916.2
2017-12-12,25.4,18.7,78,14.8,4.18,920.7
2017-12-13,24.0,18.7,75,15.9,3.45,923.7
2017-12-14,23.4,18.6,80,16.6,2.93,923.8
2017-12-15,25.6,18.1,80,11.4,4.26,922.5
2017-12-16,26.8,17.2,80,8.3,4.26,922.1
2017-12-17,27.6,18.8,73,11.9,4.96,923.2
2017-12-18,28.8,18.6,69,13.1,5.58,923.7
2017-12-19,27.8,18.5,67,13.4,4.9,924.1
2017-12-20,28.2,18.0,69,14.5,5.06,922.4
2017-12-21,27.2,19.4,69,13.0,4.66,921.5
2017-12-22,28.1,19.1,67,12.0,4.74,921.9
2017-12-23,29.0,19.4,69,10.5,5.45,922.1
2017-12-24,30.4,19.9,66,10.1,5.83,920.4
2017-12-25,30.7,20.3,66,7.4,5.45,919.8
2017-12-26,31.1,21.2,70,14.2,5.22,921.3
2017-12-27,30.3,20.2,70,9.7,5.22,921.6
2017-12-28,30.5,20.0,69,15.5,5.6,920.7
2017-12-29,29.3,20.9,67,17.1,4.81,920.5
2017-12-30,27.3,20.7,76,14.2,3.35,920.7
2017-12-31,25.8,19.9,86,16.9,3.14,921.7
2018-01-01,27.9,19.8,82,12.9,4.0,920.5
2018-01-02,28.7,18.4,77,14.3,4.62,918.3
2018-01-03,28.9,19.6,74,16.7,4.9,918.0
2018-01-04,23.0,19.7,88,14.4,2.07,920.9
2018-01-05,25.1,19.4,86,13.1,2.71,922.7
2018-01-06,25.7,17.8,84,9.7,3.18,922.2
2018-01-07,27.1,19.3,77,11.3,4.73,922.0
2018-01-08,27.7,19.4,66,17.2,5.81,923.4
2018-01-09,28.1,18.2,65,18.0,5.93,925.3
2018-01-10,27.5,18.9,68,14.6,5.36,925.9
2018-01-11,28.8,19.2,66,13.4,5.44,924.5
2018-01-12,27.1,19.1,66,8.4,4.76,922.4
2018-01-13,28.5,18.7,67,11.0,5.3,921.3
2018-01-14,27.6,20.0,73,12.4,4.48,922.7
2018-01-15,28.3,19.4,77,10.4,4.01,923.2
2018-01-16,29.2,19.6,67,10.9,5.69,923.8
2018-01-17,29.4,19.8,60,13.2,5.64,923.7
2018-01-18,30.3,19.3,52,13.7,6.54,923.7
2018-01-19,31.0,18.6,50,9.0,5.93,923.3
2018-01-20,32.7,19.8,41,13.5,7.29,922.3
2018-01-21,31.7,19.9,45,12.2,6.63,921.8
2018-01-22,31.3,20.6,54,12.9,5.47,920.7
2018-01-23,27.7,21.2,62,14.1,4.51,921.4
2018-01-24,29.5,20.4,61,12.1,5.15,921.1
2018-01-25,30.2,20.0,57,12.3,5.96,920.1
2018-01-26,30.6,19.7,52,17.7,6.09,919.7
2018-01-27,30.2,21.2,53,13.8,5.93,920.0
2018-01-28,30.4,20.7,57,14.8,5.42,919.8
2018-01-29,30.5,22.0,70,14.7,4.15,918.5
2018-01-30,27.6,20.4,86,10.0,3.12,917.4
2018-01-31,25.6,19.8,90,12.6,2.44,917.5
2018-02-01,24.4,17.2,85,13.2,2.31,918.1
2018-02-02,24.3,19.6,86,9.1,2.0,917.3
2018-02-03,26.1,18.7,81,17.0,3.67,916.6
2018-02-04,20.9,18.9,88,15.4,1.44,918.4
2018-02-05,20.0,18.1,94,16.3,0.86,917.4
2018-02-06,25.4,18.6,89,13.4,2.54,917.6
2018-02-07,26.5,18.8,82,14.8,3.91,918.8
2018-02-08,27.7,17.8,77,13.7,4.69,920.3
2018-02-09,28.7,20.5,77,14.1,4.98,922.1
2018-02-10,26.6,20.8,82,12.0,3.86,922.7
2018-02-11,28.3,19.3,74,11.8,4.7,922.3
2018-02-12,29.3,18.1,66,9.2,5.75,921.5
2018-02-13,28.7,18.9,66,12.0,5.86,922.5
2018-02-14,27.4,19.5,70,13.0,4.38,924.0
2018-02-15,26.8,17.7,71,17.5,4.17,925.3
2018-02-16,27.0,18.8,73,10.7,4.47,925.4
2018-02-17,27.0,19.1,73,12.4,4.63,923.5
2018-02-18,26.9,19.1,69,11.6,4.54,921.5
2018-02-19,27.5,20.2,81,10.7,3.38,920.2
2018-02-20,25.2,19.2,87,11.4,2.77,919.9
2018-02-21,26.9,20.0,88,16.4,3.12,919.2
2018-02-22,24.4,19.4,92,14.5,2.26,919.5
2018-02-23,26.1,19.6,85,7.2,3.16,920.8
2018-02-24,27.5,19.9,83,15.7,3.74,921.9
2018-02-25,26.7,18.7,78,13.6,4.24,922.3
2018-02-26,25.9,19.9,81,13.1,3.93,922.7
2018-02-27,26.7,19.8,79,9.8,3.87,922.2
2018-02-28,28.4,19.9,81,10.4,4.01,921.3
2018-03-01,27.9,20.2,82,9.7,4.12,922.8
2018-03-02,27.2,20.4,87,9.9,3.69,922.8
2018-03-03,28.4,19.9,85,10.3,3.78,920.4
2018-03-04,27.8,19.8,88,9.1,3.46,918.7
2018-03-05,28.5,19.5,84,10.3,3.67,918.4
2018-03-06,28.8,19.5,83,11.2,4.22,918.7
2018-03-07,29.1,20.0,84,9.2,4.21,919.0
2018-03-08,27.8,20.2,87,9.9,3.57,919.2
2018-03-09,25.9,20.3,87,11.3,2.74,920.1
2018-03-10,27.3,20.0,86,11.0,3.71,919.8
2018-03-11,24.8,20.1,93,16.2,2.31,918.2
2018-03-12,28.3,19.1,79,8.8,4.08,917.9
2018-03-13,28.9,18.6,72,13.7,4.61,920.0
2018-03-14,28.8,21.4,76,10.2,4.57,922.4
2018-03-15,29.1,20.4,75,7.7,4.83,922.5
2018-03-16,28.9,19.9,80,12.6,4.27,921.8
2018-03-17,26.6,19.9,84,11.0,3.85,921.1
2018-03-18,26.7,19.9,79,11.8,3.98,920.2
2018-03-19,28.0,18.7,75,6.8,4.75,919.8
2018-03-20,26.7,19.0,79,8.3,3.73,920.7
2018-03-21,27.1,19.5,83,7.2,3.64,920.8
2018-03-22,25.5,19.7,85,10.6,2.89,921.2
2018-03-23,25.9,19.8,81,14.2,3.65,922.1
2018-03-24,25.7,19.0,74,15.5,3.47,923.3
2018-03-25,26.1,17.9,78,14.2,3.89,923.6
2018-03-26,26.5,18.2,72,10.5,4.81,923.6
2018-03-27,26.7,17.6,72,10.6,4.59,924.2
2018-03-28,25.5,17.7,76,11.4,3.66,924.0
2018-03-29,26.5,17.4,74,13.9,4.22,923.2
2018-03-30,25.8,17.6,74,13.5,3.56,922.4
2018-03-31,26.7,17.4,75,11.5,4.11,921.8
2018-04-01,26.6,17.2,72,9.2,4.11,920.9
2018-04-02,27.3,18.1,72,7.4,4.11,920.1
2018-04-03,28.0,18.6,79,10.4,4.1,918.5
2018-04-04,27.2,18.8,84,10.7,3.18,918.8
2018-04-05,27.9,19.4,81,10.6,3.56,919.3
2018-04-06,24.5,19.5,85,9.0,1.72,920.3
2018-04-07,25.5,17.8,81,11.6,3.22,922.1
2018-04-08,26.0,18.2,79,12.5,3.3,923.4
2018-04-09,25.4,17.5,76,12.3,3.59,923.9
2018-04-10,24.4,17.0,75,14.2,3.47,924.4
2018-04-11,24.6,15.7,72,13.7,3.78,924.5
2018-04-12,23.1,16.7,82,18.4,2.24,925.2
2018-04-13,25.4,17.0,78,13.3,3.26,925.5
2018-04-14,26.5,17.0,73,9.7,3.75,926.3
2018-04-15,25.8,18.6,76,11.6,3.18,926.6
2018-04-16,23.0,18.0,79,16.9,2.3,925.9
2018-04-17,23.3,16.7,68,17.9,3.2,927.2
2018-04-18,22.9,13.6,70,16.6,3.53,928.3
2018-04-19,22.4,14.7,75,12.4,2.2,927.2
2018-04-20,25.0,15.7,74,11.5,2.94,925.0
2018-04-21,23.3,17.3,77,12.7,2.92,923.5
2018-04-22,23.0,16.3,75,18.1,2.69,923.9
2018-04-23,23.3,15.7,76,15.3,3.02,925.1
2018-04-24,24.6,16.2,79,14.2,3.2,925.9
2018-04-25,24.1,17.2,79,15.6,2.88,926.3
2018-04-26,26.0,16.1,76,13.2,3.52,925.1
2018-04-27,25.8,16.3,78,14.8,3.43,925.1
2018-04-28,25.4,16.9,77,13.4,3.09,925.7
2018-04-29,24.7,16.1,75,12.6,3.1,925.3
2018-04-30,25.7,15.2,65,11.0,3.89,925.0
2018-05-01,26.5,13.4,63,10.2,3.98,925.0
2018-05-02,26.4,14.3,62,11.4,4.29,925.6
2018-05-03,26.6,14.3,61,13.3,4.06,925.2
2018-05-04,26.2,15.5,68,11.6,4.0,925.2
2018-05-05,25.9,15.7,73,12.9,3.69,925.8
2018-05-06,26.1,15.9,74,10.8,3.28,926.0
2018-05-07,24.6,14.5,73,10.7,3.04,925.9
2018-05-08,24.5,16.0,72,11.7,3.03,925.6
2018-05-09,24.2,16.1,73,17.7,2.86,926.1
2018-05-10,22.2,15.7,79,15.9,2.08,925.5
2018-05-11,24.7,14.3,74,7.6,3.08,924.7
2018-05-12,25.9,13.8,70,9.0,2.88,922.4
2018-05-13,25.0,15.2,69,11.4,2.62,922.8
2018-05-14,24.4,17.1,76,15.5,2.87,924.8
2018-05-15,25.2,17.2,75,14.0,2.85,924.9
2018-05-16,26.0,16.8,76,7.9,3.18,923.6
2018-05-17,25.6,17.0,78,9.3,2.86,923.4
2018-05-18,24.9,17.5,78,15.8,2.8,923.4
2018-05-19,26.5,17.5,83,16.8,2.84,921.3
2018-05-20,20.3,10.0,72,21.2,2.46,919.8
2018-05-21,22.4,7.5,66,9.0,3.36,922.1
2018-05-22,23.5,10.5,69,9.8,3.43,924.0
2018-05-23,24.9,13.1,73,14.4,3.39,926.0
2018-05-24,22.8,14.0,77,14.5,2.49,927.8
2018-05-25,22.3,14.6,79,14.4,2.31,927.2
2018-05-26,20.9,14.4,82,15.7,2.39,927.0
2018-05-27,22.6,13.8,75,12.7,2.71,927.9
2018-05-28,22.8,12.9,68,14.2,3.43,928.5
2018-05-29,21.6,13.3,71,15.1,2.56,928.3
2018-05-30,22.3,12.2,70,11.6,3.0,926.5
2018-05-31,22.2,12.4,69,13.6,3.07,924.2
2018-06-01,24.0,14.7,64,12.0,3.09,924.1
2018-06-02,25.3,12.8,70,7.2,3.14,924.7
2018-06-03,27.0,13.8,65,10.1,3.14,926.0
2018-06-04,23.2,15.0,75,15.2,2.48,927.3
2018-06-05,23.9,14.0,74,9.7,2.28,924.2
2018-06-06,25.2,15.2,73,11.5,2.92,921.7
2018-06-07,26.6,14.9,72,11.4,2.98,923.4
2018-06-08,25.8,15.3,71,9.7,2.95,924.8
2018-06-09,24.2,16.2,80,13.4,2.53,926.6
2018-06-10,24.6,16.9,77,14.8,2.39,926.3
2018-06-11,25.2,15.5,77,10.7,2.83,925.1
2018-06-12,25.9,13.7,74,9.8,3.23,924.6
2018-06-13,27.9,14.9,72,10.1,3.11,924.7
2018-06-14,27.4,15.3,73,13.1,3.09,925.8
2018-06-15,24.7,17.0,73,12.0,2.64,927.9
2018-06-16,24.5,15.7,71,12.5,2.99,928.3
2018-06-17,23.6,14.6,74,10.9,2.5,929.4
2018-06-18,23.8,14.4,75,13.4,2.58,929.9
2018-06-19,21.4,14.7,82,17.3,1.78,929.9
2018-06-20,23.2,13.7,76,12.1,2.91,929.2
2018-06-21,23.9,12.4,74,9.8,3.06,927.5
2018-06-22,25.5,12.8,65,12.3,3.14,926.2
2018-06-23,25.4,15.0,68,13.4,3.25,925.7
2018-06-24,24.9,16.6,71,10.0,2.5,926.1
2018-06-25,24.4,14.0,68,14.2,3.24,924.9
2018-06-26,24.9,17.1,69,10.0,2.87,924.8
2018-06-27,25.4,14.8,64,8.0,2.78,925.5
2018-06-28,22.8,14.5,66,15.9,2.88,926.3
2018-06-29,22.4,12.5,69,13.2,2.73,925.5
2018-06-30,24.0,13.2,70,12.2,2.92,923.6
2018-07-01,24.6,14.0,72,9.8,3.08,923.3
2018-07-02,25.8,14.3,67,8.9,3.26,923.6
2018-07-03,27.1,13.2,64,12.6,3.25,923.5
2018-07-04,25.3,13.7,64,12.1,3.31,924.8
2018-07-05,24.4,13.5,64,9.4,3.39,925.8
2018-07-06,25.1,11.4,62,10.1,3.51,925.7
2018-07-07,24.2,11.7,65,10.1,3.35,925.0
2018-07-08,25.7,10.4,64,9.9,3.43,924.3
2018-07-09,26.7,12.5,62,9.5,3.52,924.2
2018-07-10,26.1,13.1,62,13.6,3.39,923.9
2018-07-11,23.5,14.3,78,16.2,2.48,925.6
2018-07-12,23.6,13.4,72,14.8,2.85,927.1
2018-07-13,24.2,14.0,73,11.9,2.86,926.5
2018-07-14,24.9,13.5,70,11.6,3.03,925.6
2018-07-15,24.6,14.0,64,9.0,3.5,926.7
2018-07-16,24.9,12.6,65,11.3,3.39,927.8
2018-07-17,24.4,11.9,69,15.6,3.06,927.9
2018-07-18,23.1,14.6,69,16.6,2.95,927.9
2018-07-19,24.8,14.2,69,12.0,3.42,926.3
2018-07-20,25.0,12.4,67,9.5,3.5,925.6
2018-07-21,26.0,13.2,63,12.9,3.63,925.4
2018-07-22,24.3,12.6,61,14.8,3.74,926.6
2018-07-23,23.4,12.8,67,11.1,2.89,928.0
2018-07-24,22.1,13.7,70,12.1,2.57,928.5
2018-07-25,23.5,12.2,63,12.6,3.49,928.9
2018-07-26,22.6,13.3,67,13.9,3.08,928.6
2018-07-27,23.4,12.3,68,12.8,3.24,927.2
2018-07-28,24.9,12.6,61,10.5,3.73,925.9
2018-07-29,25.2,13.0,61,9.8,3.7,924.5
2018-07-30,25.6,12.7,64,10.8,3.72,923.4
2018-07-31,27.5,12.8,60,15.9,3.82,922.7
2018-08-01,25.6,15.6,68,13.8,3.17,923.2
2018-08-02,22.8,15.9,80,15.2,2.02,924.5
2018-08-03,25.4,16.0,74,17.9,2.94,923.6
2018-08-04,21.7,16.2,85,11.5,1.87,922.8
2018-08-05,26.3,14.6,73,7.6,3.02,922.7
2018-08-06,24.4,17.2,79,13.8,2.56,924.8
2018-08-07,24.0,16.5,84,12.6,2.47,926.3
2018-08-08,25.7,16.9,76,13.4,2.97,926.8
2018-08-09,24.3,16.4,80,10.7,2.22,924.4
2018-08-10,25.1,16.5,74,16.6,2.56,922.6
2018-08-11,25.4,10.1,59,11.8,4.25,922.5
2018-08-12,25.6,10.8,52,12.3,4.2,923.5
2018-08-13,24.4,11.2,64,13.7,4.04,923.6
2018-08-14,25.5,12.1,62,12.8,4.07,923.7
2018-08-15,27.6,13.2,62,16.5,4.28,924.4
2018-08-16,25.2,16.0,66,14.8,3.52,927.7
2018-08-17,22.9,15.6,81,14.0,2.4,929.3
2018-08-18,22.0,14.3,78,15.6,2.72,928.4
2018-08-19,23.1,13.8,73,13.4,3.02,928.2
2018-08-20,25.1,13.1,63,11.0,4.22,928.5
2018-08-21,24.0,13.2,61,12.3,4.15,928.2
2018-08-22,24.3,14.0,56,12.1,4.09,927.0
2018-08-23,25.5,15.3,65,15.9,3.89,925.2
2018-08-24,26.4,15.8,62,15.3,4.27,925.1
2018-08-25,25.9,15.6,63,12.2,3.32,925.7
2018-08-26,27.6,15.4,70,12.8,3.88,926.6
2018-08-27,23.4,15.4,71,17.7,3.59,927.8
2018-08-28,20.9,14.0,77,15.3,1.98,929.1
2018-08-29,23.3,15.1,74,16.1,2.95,928.7
2018-08-30,23.9,14.9,68,17.5,3.35,926.5
2018-08-31,25.7,14.6,57,12.1,4.54,924.2
2018-09-01,28.2,15.2,53,12.6,4.81,923.7
2018-09-02,27.5,15.8,56,16.0,4.99,923.1
2018-09-03,29.3,16.2,52,10.6,4.98,920.5
2018-09-04,25.6,16.3,56,16.6,4.6,919.3
2018-09-05,25.9,11.3,49,18.8,4.9,923.0
2018-09-06,26.2,12.6,56,17.1,4.94,926.1
2018-09-07,27.1,15.4,58,16.2,4.94,926.6
2018-09-08,25.9,12.5,59,13.0,4.69,925.5
2018-09-09,26.7,12.9,51,12.7,5.05,924.8
2018-09-10,27.4,14.0,50,15.8,4.78,924.1
2018-09-11,28.2,15.0,52,21.7,5.0,922.8
2018-09-12,25.6,16.4,68,19.8,3.82,924.5
2018-09-13,26.7,15.7,64,21.1,4.64,924.1
2018-09-14,28.2,16.1,65,17.3,4.69,921.8
2018-09-15,24.7,15.6,82,15.4,2.62,920.4
2018-09-16,25.5,15.6,84,12.6,3.27,921.1
2018-09-17,22.1,18.0,90,8.4,1.38,921.7
2018-09-18,26.2,17.1,84,12.7,3.15,921.8
2018-09-19,27.6,17.9,79,8.4,3.45,923.0
2018-09-20,26.0,19.0,82,9.1,2.98,924.1
2018-09-21,25.8,19.1,80,12.8,2.78,922.8
2018-09-22,28.3,16.5,70,13.4,4.71,921.7
2018-09-23,28.2,18.7,67,15.6,4.51,922.6
2018-09-24,28.8,17.6,64,13.2,4.93,922.6
2018-09-25,28.5,18.1,58,15.4,5.44,922.4
2018-09-26,27.5,17.1,59,17.1,5.38,922.4
2018-09-27,29.3,17.7,62,15.9,5.04,921.7
2018-09-28,30.3,20.0,56,14.8,4.94,922.1
2018-09-29,29.1,19.9,71,15.5,4.63,922.5
2018-09-30,28.8,20.4,67,17.3,4.17,922.4
2018-10-01,28.8,19.0,68,15.2,4.2,922.6
2018-10-02,29.2,19.1,68,9.6,4.45,922.5
2018-10-03,30.0,19.1,59,10.7,4.87,921.9
2018-10-04,32.5,19.0,61,15.6,4.99,922.2
2018-10-05,27.9,20.9,74,13.5,3.93,923.1
2018-10-06,25.4,19.1,73,16.8,3.52,923.6
2018-10-07,21.4,17.5,84,15.8,1.58,924.3
2018-10-08,28.8,18.5,65,18.6,4.74,923.4
2018-10-09,30.0,18.0,62,17.0,5.06,922.1
2018-10-10,30.0,19.9,57,11.2,3.99,921.4
2018-10-11,31.2,20.8,55,14.6,5.55,922.9
2018-10-12,29.4,21.1,64,15.5,3.96,924.1
2018-10-13,32.3,19.0,57,11.9,5.79,922.5
2018-10-14,32.3,20.4,64,13.6,4.57,920.9
2018-10-15,28.2,21.3,77,12.3,3.54,920.1
2018-10-16,28.4,19.5,77,14.3,3.9,920.7
2018-10-17,28.0,20.5,75,15.1,3.62,922.5
2018-10-18,30.1,20.5,76,14.7,4.13,921.0
2018-10-19,28.6,19.5,76,12.7,3.75,918.8
2018-10-20,25.6,18.5,66,19.4,3.99,920.3
2018-10-21,23.0,14.6,68,15.6,3.31,922.4
2018-10-22,26.7,15.0,67,15.5,5.29,923.4
2018-10-23,28.6,16.0,63,11.6,5.64,922.9
2018-10-24,29.4,17.9,63,12.0,4.3,922.7
2018-10-25,25.9,18.9,83,10.5,2.43,921.8
2018-10-26,27.2,19.2,88,11.4,3.46,919.5
2018-10-27,27.9,18.4,84,23.7,3.94,917.5
2018-10-28,28.5,18.2,70,15.3,5.07,918.7
2018-10-29,24.5,18.0,76,18.7,3.14,921.4
2018-10-30,27.0,17.6,76,14.8,4.09,923.7
2018-10-31,27.8,18.5,74,14.1,4.03,923.6
2018-11-01,30.1,18.8,71,11.4,5.34,921.7
2018-11-02,29.4,19.8,77,13.5,4.6,920.7
2018-11-03,29.1,20.2,66,15.3,5.57,920.3
2018-11-04,25.8,19.8,75,11.3,2.94,919.7
2018-11-05,22.5,19.4,86,14.6,1.86,921.3
2018-11-06,22.5,18.0,79,14.9,2.1,922.3
2018-11-07,25.3,18.5,76,17.4,3.45,922.6
2018-11-08,21.3,16.3,87,21.2,1.28,923.2
2018-11-09,19.3,16.3,89,13.0,1.08,923.1
2018-11-10,21.1,16.6,87,14.6,1.91,921.2
2018-11-11,25.3,16.7,79,11.9,3.61,920.6
2018-11-12,26.3,18.3,76,14.3,4.2,921.4
2018-11-13,27.6,19.2,73,15.6,4.73,922.5
2018-11-14,27.8,20.0,75,15.1,4.69,921.2
2018-11-15,28.4,20.0,80,9.7,4.44,920.2
2018-11-16,25.8,20.9,78,13.0,2.9,922.4
2018-11-17,27.0,19.5,71,15.6,4.54,923.9
2018-11-18,27.0,19.1,73,19.7,4.65,923.3
2018-11-19,23.2,19.9,81,8.0,1.94,921.9
2018-11-20,22.8,18.1,89,12.6,1.56,922.8
2018-11-21,21.8,18.0,87,16.7,1.7,923.9
2018-11-22,23.3,17.8,82,16.2,3.09,923.8
2018-11-23,25.2,17.6,76,14.7,3.92,922.6
2018-11-24,24.0,18.6,79,17.7,2.73,921.9
2018-11-25,22.6,17.7,86,11.9,2.43,922.0
2018-11-26,25.6,15.6,73,15.2,4.74,922.9
2018-11-27,26.6,17.6,71,14.5,4.88,923.7
2018-11-28,26.1,17.6,69,13.7,5.0,923.1
2018-11-29,26.3,16.7,69,13.8,4.99,921.4
2018-11-30,27.8,18.1,70,10.5,5.32,918.9
2018-12-01,23.0,19.9,89,12.2,1.47,917.4
2018-12-02,25.9,19.2,92,14.7,2.7,917.2
2018-12-03,24.0,19.6,86,15.5,2.4,917.0
2018-12-04,26.3,18.4,75,15.1,4.14,917.1
2018-12-05,27.5,16.7,74,15.1,5.18,918.4
2018-12-06,28.5,19.1,77,12.4,4.9,921.0
2018-12-07,26.3,19.7,85,12.4,3.72,921.7
2018-12-08,25.1,17.2,76,18.2,4.83,922.4
2018-12-09,22.5,15.0,73,16.3,4.06,926.5
2018-12-10,24.6,15.8,74,13.0,4.85,928.6
2018-12-11,26.0,16.4,77,13.1,4.71,927.5
2018-12-12,27.6,17.5,78,10.6,5.11,925.9
2018-12-13,27.8,17.3,75,8.9,5.34,924.3
2018-12-14,29.3,17.9,64,11.3,6.16,924.3
2018-12-15,29.3,18.5,63,10.6,6.06,925.8
2018-12-16,29.1,19.4,66,11.9,5.91,926.1
2018-12-17,28.3,18.4,64,13.3,6.01,925.0
2018-12-18,29.7,18.2,65,9.9,5.69,924.3
2018-12-19,29.6,20.6,69,15.5,5.55,923.1
2018-12-20,30.5,20.9,64,11.9,5.79,921.6
2018-12-21,31.8,21.0,68,7.9,5.45,921.2
2018-12-22,29.6,19.6,73,12.5,5.21,920.8
2018-12-23,31.2,18.9,71,9.8,5.65,920.3
2018-12-24,30.2,20.4,81,10.9,4.39,920.9
2018-12-25,28.5,20.0,81,10.3,4.49,920.9
2018-12-26,25.5,18.9,84,10.8,2.93,920.8
2018-12-27,25.2,19.2,89,10.5,2.61,919.8
2018-12-28,25.0,19.0,88,12.9,2.7,919.9
2018-12-29,25.1,19.4,90,22.0,3.04,919.8
2018-12-30,26.2,18.9,88,12.5,3.37,920.1
2018-12-31,24.2,18.5,90,10.5,2.39,920.7
2019-01-01,26.6,19.4,82,13.8,4.41,923.9
2019-01-02,28.6,19.3,75,9.0,5.13,924.3
2019-01-03,29.6,19.8,74,11.5,5.01,922.8
2019-01-04,25.4,19.9,79,11.1,2.96,923.1
2019-01-05,29.1,19.4,74,9.6,5.31,922.7
2019-01-06,29.4,19.3,65,12.6,6.06,922.7
2019-01-07,28.5,20.0,68,11.9,5.62,923.7
2019-01-08,28.6,19.1,69,10.9,5.66,924.1
2019-01-09,27.8,19.2,64,17.4,5.87,923.3
2019-01-10,27.7,19.0,66,14.9,5.46,923.6
2019-01-11,29.3,18.1,65,10.5,5.31,924.0
2019-01-12,29.1,19.2,66,12.6,5.65,923.5
2019-01-13,29.2,19.9,65,12.3,5.41,924.0
2019-01-14,29.7,18.9,63,12.7,6.24,923.9
2019-01-15,30.8,19.2,64,10.9,6.24,924.1
2019-01-16,31.4,20.9,65,13.4,5.95,924.6
2019-01-17,30.5,19.8,68,14.3,5.49,924.1
2019-01-18,30.9,20.7,63,12.4,5.89,923.1
2019-01-19,32.0,20.0,55,11.9,6.79,922.3
2019-01-20,31.1,20.4,57,9.7,5.79,923.1
2019-01-21,30.7,21.6,63,13.6,4.88,924.4
2019-01-22,32.1,21.0,60,12.0,6.22,924.3
2019-01-23,31.2,21.9,57,13.6,6.31,924.0
2019-01-24,31.1,19.5,55,15.8,6.77,923.3
2019-01-25,30.0,19.9,57,15.0,6.18,923.1
2019-01-26,28.0,19.3,69,19.3,4.4,924.0
2019-01-27,30.0,19.3,63,17.3,5.99,925.0
2019-01-28,30.2,20.0,64,15.8,5.41,926.2
2019-01-29,31.1,20.0,56,12.3,6.37,925.8
2019-01-30,32.1,20.0,51,10.8,6.83,924.3
2019-01-31,32.7,19.8,49,9.9,6.45,923.1
2019-02-01,31.8,20.8,49,12.9,6.72,923.2
2019-02-02,32.5,20.4,50,11.8,6.89,923.0
2019-02-03,33.2,21.3,47,14.2,6.27,921.5
2019-02-04,30.1,21.6,59,10.9,4.57,921.5
2019-02-05,29.2,20.3,70,14.3,4.75,921.9
2019-02-06,27.6,19.9,80,14.5,3.48,921.7
2019-02-07,22.9,19.6,88,7.9,1.67,920.3
2019-02-08,28.4,19.0,80,13.8,4.86,920.2
2019-02-09,28.5,20.1,74,12.7,4.89,921.1
2019-02-10,28.8,20.5,74,14.2,4.92,921.9
2019-02-11,29.4,20.5,70,12.1,5.33,923.3
2019-02-12,29.5,20.0,63,7.6,5.07,922.6
2019-02-13,28.7,19.7,77,14.4,4.04,921.4
2019-02-14,27.7,17.6,76,11.9,4.26,922.5
2019-02-15,26.3,19.7,79,10.5,3.35,920.9
2019-02-16,23.7,20.8,88,18.0,1.97,919.3
2019-02-17,26.3,19.6,89,11.1,2.8,920.8
2019-02-18,25.6,18.9,86,13.1,3.19,922.4
2019-02-19,26.3,20.0,84,13.1,3.25,922.3
2019-02-20,28.7,20.1,81,9.7,4.5,921.4
2019-02-21,26.6,20.4,84,9.8,2.89,923.2
2019-02-22,29.4,20.4,74,11.3,5.23,924.2
2019-02-23,30.4,19.0,70,9.7,5.77,922.5
2019-02-24,31.4,18.8,68,7.4,5.81,920.6
2019-02-25,31.2,19.7,65,8.2,5.34,920.2
2019-02-26,31.1,20.3,67,10.1,5.16,921.1
2019-02-27,29.6,19.9,78,11.2,4.83,921.9
2019-02-28,26.0,20.0,85,12.0,2.76,922.7
2019-03-01,28.0,19.9,83,9.5,4.05,923.3
2019-03-02,24.3,20.1,87,8.0,2.46,923.9
2019-03-03,27.6,19.5,75,11.3,4.83,923.0
2019-03-04,26.7,18.6,70,12.3,4.07,924.1
2019-03-05,27.9,18.6,74,12.0,4.71,924.9
2019-03-06,28.0,19.8,77,15.3,4.47,925.2
2019-03-07,28.8,19.8,73,12.2,5.29,925.5
2019-03-08,28.9,19.6,72,10.9,4.72,924.1
2019-03-09,30.7,19.7,68,11.9,5.51,922.7
2019-03-10,29.7,20.7,74,12.4,4.57,922.0
2019-03-11,28.2,19.8,81,14.1,3.71,922.5
2019-03-12,28.7,19.9,74,14.3,4.62,922.9
2019-03-13,29.9,20.4,71,7.9,4.57,922.7
2019-03-14,30.4,20.0,73,10.7,4.95,922.2
2019-03-15,30.2,19.8,75,12.6,4.52,921.9
2019-03-16,27.9,20.9,78,13.7,3.84,921.7
2019-03-17,27.0,20.5,84,10.4,3.05,922.0
2019-03-18,29.1,19.6,79,11.2,4.37,920.8
2019-03-19,29.9,19.7,82,10.4,4.14,919.1
2019-03-20,30.2,20.7,80,11.6,4.13,918.4
2019-03-21,26.7,20.5,83,13.7,2.96,919.1
2019-03-22,20.9,18.4,86,13.1,1.5,921.5
2019-03-23,26.0,16.9,72,11.8,3.53,923.3
2019-03-24,26.8,17.1,77,9.6,3.94,922.9
2019-03-25,28.6,16.8,71,8.9,4.83,922.1
2019-03-26,29.4,17.6,68,12.6,4.73,922.5
2019-03-27,28.8,17.6,65,12.6,4.9,925.1
2019-03-28,27.8,16.5,63,11.8,4.91,926.1
2019-03-29,26.3,16.7,70,12.2,4.18,925.8
2019-03-30,26.8,15.8,67,12.0,4.46,925.0
2019-03-31,26.8,17.6,66,13.1,4.13,923.3
2019-04-01,27.1,17.4,69,10.4,4.13,922.4
2019-04-02,27.8,18.0,68,10.0,4.25,922.5
2019-04-03,29.3,18.6,72,11.9,4.24,921.0
2019-04-04,29.4,17.8,72,8.9,4.32,919.9
2019-04-05,29.5,20.1,73,10.0,4.07,921.8
2019-04-06,29.3,20.2,81,10.5,3.67,923.3
2019-04-07,29.6,19.1,69,9.7,4.44,923.9
2019-04-08,28.4,17.7,73,11.9,3.83,922.6
2019-04-09,27.8,19.8,74,12.8,3.6,921.7
2019-04-10,27.2,19.2,74,14.6,3.69,921.9
2019-04-11,27.5,17.0,73,10.5,3.86,922.5
2019-04-12,29.0,18.1,69,12.4,4.15,922.5
2019-04-13,28.8,19.1,68,13.0,4.18,923.0
2019-04-14,27.9,19.7,68,10.2,3.44,923.6
2019-04-15,27.8,20.3,78,13.1,3.17,924.2
2019-04-16,24.9,20.1,83,9.1,1.67,923.5
2019-04-17,26.7,19.5,86,13.8,2.94,921.4
2019-04-18,27.6,17.3,75,16.3,3.63,920.5
2019-04-19,28.3,14.8,64,9.0,4.55,921.1
2019-04-20,28.9,15.3,68,8.7,4.47,921.6
2019-04-21,27.9,16.3,72,8.3,3.7,921.4
2019-04-22,27.4,17.9,75,10.3,3.61,922.3
2019-04-23,27.8,19.4,74,10.6,3.75,924.4
2019-04-24,27.7,19.0,70,10.2,3.96,925.8
2019-04-25,27.7,18.2,73,13.0,3.31,926.0
2019-04-26,28.5,17.4,70,14.6,4.11,925.2
2019-04-27,28.4,17.8,69,10.5,3.78,923.9
2019-04-28,29.0,16.7,68,10.9,3.86,921.5
2019-04-29,27.4,18.2,69,16.2,3.43,920.7
2019-04-30,26.7,17.3,76,11.5,3.32,923.2
2019-05-01,26.7,18.8,77,9.7,3.04,923.4
2019-05-02,27.9,18.3,82,10.2,3.0,922.5
2019-05-03,26.7,19.3,81,7.4,2.64,923.8
2019-05-04,26.9,19.4,79,9.7,2.91,924.9
2019-05-05,26.9,18.9,71,13.0,3.49,925.3
2019-05-06,27.7,17.6,71,12.1,2.94,924.5
2019-05-07,28.1,16.7,71,9.1,3.57,922.7
2019-05-08,27.4,18.7,79,13.0,3.1,924.0
2019-05-09,24.4,17.5,80,14.7,2.11,923.8
2019-05-10,24.8,16.8,76,12.1,2.46,922.6
2019-05-11,25.6,16.8,76,10.8,2.8,922.6
2019-05-12,28.4,16.1,72,10.7,3.62,924.0
2019-05-13,28.3,16.8,72,12.6,3.6,924.4
2019-05-14,27.4,17.9,74,8.4,3.15,923.2
2019-05-15,25.7,18.7,81,9.4,2.42,922.5
2019-05-16,21.7,17.2,86,10.4,1.49,924.2
2019-05-17,21.8,17.1,85,14.8,1.73,924.3
2019-05-18,22.8,16.3,84,9.7,2.37,924.0
2019-05-19,24.1,14.1,79,8.5,2.97,923.4
2019-05-20,25.5,14.3,74,9.5,3.49,923.1
2019-05-21,26.3,13.6,68,9.4,3.59,922.9
2019-05-22,26.9,14.2,67,9.3,3.67,922.6
2019-05-23,26.8,14.9,70,9.5,3.34,922.2
2019-05-24,27.4,15.5,69,14.0,3.39,921.3
2019-05-25,25.1,16.2,72,15.6,2.88,921.8
2019-05-26,26.0,14.0,66,12.4,3.54,923.2
2019-05-27,26.8,15.7,73,12.3,3.19,924.1
2019-05-28,27.0,15.6,74,12.2,3.48,923.6
2019-05-29,28.0,15.3,72,8.1,3.3,923.9
2019-05-30,26.4,16.3,69,12.8,3.67,923.6
2019-05-31,28.0,14.8,66,13.8,3.58,922.1
2019-06-01,28.1,15.1,62,9.8,3.54,921.8
2019-06-02,28.2,14.4,57,9.2,3.65,922.8
2019-06-03,26.6,16.3,65,11.5,3.25,924.7
2019-06-04,24.1,13.6,72,11.9,3.28,926.1
2019-06-05,21.9,11.2,62,15.9,3.6,927.6
2019-06-06,20.8,11.6,71,13.3,3.02,927.4
2019-06-07,22.9,10.8,68,10.6,3.12,926.6
2019-06-08,22.6,10.5,67,9.2,2.74,925.8
2019-06-09,22.2,11.3,70,12.6,3.22,927.3
2019-06-10,22.6,11.2,70,16.0,2.73,928.2
2019-06-11,22.9,14.4,79,14.5,2.12,927.7
2019-06-12,23.2,14.1,80,15.3,2.25,928.0
2019-06-13,25.2,15.3,73,13.2,3.18,928.6
2019-06-14,25.3,15.5,68,11.1,3.42,928.8
2019-06-15,24.9,14.0,68,12.4,3.3,928.4
2019-06-16,23.9,13.7,69,8.7,2.91,928.6
2019-06-17,23.7,12.3,65,10.2,3.22,927.6
2019-06-18,24.1,13.4,70,14.5,2.91,926.8
2019-06-19,25.5,15.6,62,8.8,3.2,926.8
2019-06-20,25.7,13.3,61,15.2,3.55,927.2
2019-06-21,23.1,13.8,69,17.7,2.78,930.1
2019-06-22,22.9,14.5,75,13.5,2.35,931.4
2019-06-23,23.6,12.6,74,16.5,2.88,928.8
2019-06-24,25.0,13.4,72,9.0,2.62,924.9
2019-06-25,26.2,15.1,71,10.7,3.01,923.6
2019-06-26,27.7,16.2,60,12.9,3.48,924.7
2019-06-27,26.2,16.4,63,12.8,3.27,926.4
2019-06-28,25.1,16.6,68,15.2,3.31,927.4
2019-06-29,23.5,14.8,73,15.3,2.21,926.9
2019-06-30,26.4,13.8,66,13.0,3.4,925.8
2019-07-01,26.3,13.6,67,7.7,3.35,924.2
2019-07-02,26.3,12.5,58,10.8,3.5,920.0
2019-07-03,27.7,12.6,55,18.0,3.67,919.5
2019-07-04,28.2,13.0,46,19.9,4.1,920.6
2019-07-05,27.6,15.0,59,23.7,3.55,922.4
2019-07-06,23.0,12.6,55,11.2,3.7,924.7
2019-07-07,21.6,7.8,55,15.5,3.66,927.2
2019-07-08,20.5,9.3,62,14.2,3.4,929.5
2019-07-09,20.8,10.0,66,11.4,3.2,929.4
2019-07-10,21.4,8.8,64,9.0,3.28,927.7
2019-07-11,23.3,8.8,58,9.0,3.3,925.1
2019-07-12,25.4,10.3,62,11.0,3.45,924.3
2019-07-13,27.5,10.9,61,8.8,3.62,924.4
2019-07-14,27.4,12.5,54,7.8,3.66,923.5
2019-07-15,27.6,13.3,45,10.6,3.35,922.6
2019-07-16,27.5,15.4,49,16.4,3.9,922.7
2019-07-17,22.9,11.6,64,14.9,3.74,927.0
2019-07-18,21.3,11.3,61,16.2,3.67,929.5
2019-07-19,22.1,10.5,66,17.8,3.33,930.1
2019-07-20,20.5,12.4,65,17.2,3.14,929.5
2019-07-21,21.4,12.1,72,17.4,2.41,929.0
2019-07-22,21.1,13.8,75,15.6,2.06,929.1
2019-07-23,23.8,13.0,69,12.4,3.45,928.5
2019-07-24,25.8,14.3,64,11.9,3.7,927.6
2019-07-25,26.1,13.3,63,14.3,3.67,927.4
2019-07-26,23.4,14.0,68,16.9,2.73,929.5
2019-07-27,24.8,11.9,59,11.6,3.69,929.5
2019-07-28,25.6,11.9,55,14.4,4.19,927.6
2019-07-29,25.1,13.0,56,15.9,4.18,927.3
2019-07-30,26.0,14.3,63,14.0,3.57,926.3
2019-07-31,27.1,13.7,57,9.5,3.61,924.4
2019-08-01,26.9,16.2,54,15.3,4.57,924.5
2019-08-02,29.1,14.2,52,12.6,4.27,924.6
2019-08-03,27.3,15.9,52,11.7,3.48,925.0
2019-08-04,22.8,14.5,70,19.9,2.95,928.6
2019-08-05,21.6,12.6,66,22.7,3.1,932.4
2019-08-06,21.4,14.1,72,19.2,2.43,932.6
2019-08-07,24.8,16.6,68,16.8,2.87,931.8
2019-08-08,25.5,16.0,71,11.6,3.31,930.3
2019-08-09,26.2,14.9,64,10.5,3.62,928.5
2019-08-10,28.0,15.8,60,17.1,3.91,928.2
2019-08-11,28.9,15.2,59,14.5,4.21,927.7
2019-08-12,25.7,17.3,56,11.8,4.36,927.2
2019-08-13,30.0,14.1,53,13.8,4.65,925.8
2019-08-14,25.3,15.9,65,18.3,3.88,928.6
2019-08-15,22.7,12.6,59,19.2,4.16,931.4
2019-08-16,24.2,11.1,58,13.7,4.3,930.0
2019-08-17,24.4,10.4,53,13.4,4.47,927.2
2019-08-18,27.8,11.5,46,11.8,4.53,925.1
2019-08-19,29.9,15.0,42,14.6,4.3,923.8
2019-08-20,29.1,17.3,56,13.3,4.5,925.7
2019-08-21,26.9,15.5,67,13.3,3.84,926.3
2019-08-22,24.2,16.1,74,16.7,3.22,926.9
2019-08-23,25.5,15.7,76,16.5,2.6,925.8
2019-08-24,25.6,14.1,68,16.6,4.08,926.8
2019-08-25,24.5,13.2,66,16.6,4.1,929.1
2019-08-26,23.4,14.9,65,16.5,3.35,929.4
2019-08-27,25.4,13.7,62,15.2,4.31,928.8
2019-08-28,23.4,14.2,65,15.9,3.36,927.8
2019-08-29,23.9,12.6,59,16.6,4.25,926.6
2019-08-30,26.8,14.0,61,15.4,4.49,925.3
2019-08-31,30.0,14.6,54,14.3,5.04,924.5
2019-09-01,32.1,15.8,48,13.9,5.19,922.3
2019-09-02,29.2,18.6,49,14.2,4.86,922.8
2019-09-03,31.6,18.2,49,14.1,5.53,924.4
2019-09-04,32.1,18.6,42,13.6,6.05,926.1
2019-09-05,29.9,18.7,56,18.0,5.49,927.8
2019-09-06,25.3,16.7,66,16.2,3.82,929.1
2019-09-07,28.1,16.2,63,16.2,4.41,929.5
2019-09-08,27.9,15.5,62,14.1,4.85,929.2
2019-09-09,27.4,14.2,56,15.3,4.98,927.4
2019-09-10,32.2,15.6,48,13.7,5.5,925.5
2019-09-11,33.2,17.1,48,14.8,5.81,923.8
2019-09-12,34.3,17.7,42,15.3,5.67,923.5
2019-09-13,34.6,20.2,37,19.6,6.93,924.0
2019-09-14,30.2,18.9,53,17.7,5.83,925.5
2019-09-15,29.4,16.9,60,15.6,5.08,925.8
2019-09-16,29.1,16.8,56,14.7,5.38,925.1
2019-09-17,32.2,17.0,46,14.5,5.92,922.4
2019-09-18,33.7,18.0,36,14.2,6.4,920.2
2019-09-19,33.9,19.9,36,16.8,6.71,920.7
2019-09-20,33.7,19.1,45,17.0,6.2,922.4
2019-09-21,33.5,19.8,45,15.9,6.16,922.9
2019-09-22,30.3,19.8,59,19.6,5.14,924.7
2019-09-23,24.4,16.3,63,20.7,4.13,928.1
2019-09-24,28.7,13.7,56,22.0,5.47,927.5
2019-09-25,20.4,14.8,75,17.7,2.18,925.0
2019-09-26,18.4,16.1,89,14.4,1.03,923.9
2019-09-27,24.5,16.7,78,10.1,2.67,923.0
2019-09-28,24.9,16.6,74,14.6,3.89,923.8
2019-09-29,25.4,17.7,76,17.4,3.47,922.4
2019-09-30,25.7,17.3,73,13.9,3.94,922.5
2019-10-01,27.4,17.7,64,20.1,4.9,922.9
2019-10-02,29.3,16.9,57,23.0,5.85,922.6
2019-10-03,29.4,15.9,48,17.7,6.19,922.9
2019-10-04,27.7,16.7,56,20.5,5.07,924.0
2019-10-05,27.8,18.0,61,20.8,5.04,922.9
2019-10-06,29.7,17.3,57,14.1,5.51,922.2
2019-10-07,29.5,18.4,56,16.5,5.3,922.8
2019-10-08,30.9,18.1,56,16.9,5.27,922.8
2019-10-09,30.1,19.9,61,16.9,4.75,923.6
2019-10-10,27.6,19.9,70,20.1,3.58,924.2
2019-10-11,28.8,18.1,58,18.9,4.81,925.1
2019-10-12,31.8,18.1,53,18.6,5.88,924.5
2019-10-13,31.8,17.9,49,14.9,6.53,923.4
2019-10-14,31.9,17.3,45,13.0,6.75,922.6
2019-10-15,31.5,18.1,39,16.3,7.05,923.6
2019-10-16,29.5,18.7,53,16.3,5.56,924.5
2019-10-17,31.2,18.5,42,15.9,7.11,924.8
2019-10-18,33.7,18.5,37,12.3,6.4,923.3
2019-10-19,33.9,20.3,39,15.3,6.37,921.6
2019-10-20,30.3,20.1,61,15.5,4.86,920.4
2019-10-21,27.1,19.7,72,15.8,2.99,919.1
2019-10-22,28.2,19.0,77,10.4,3.72,918.9
2019-10-23,28.4,18.1,75,13.1,4.48,921.5
2019-10-24,28.3,18.3,68,15.8,4.21,922.9
2019-10-25,30.5,18.0,64,11.3,5.28,923.0
2019-10-26,31.2,20.1,67,13.0,5.01,923.5
2019-10-27,29.7,19.4,67,14.8,5.12,923.8
2019-10-28,31.4,19.9,65,15.2,5.08,923.0
2019-10-29,29.6,19.9,74,16.5,4.63,921.8
2019-10-30,28.3,18.6,74,13.1,4.7,921.8
2019-10-31,28.5,19.5,74,11.5,3.99,922.7
2019-11-01,29.5,19.6,73,16.9,4.71,923.0
2019-11-02,26.7,19.3,73,16.2,4.26,922.7
2019-11-03,30.1,18.0,63,13.0,5.75,920.6
2019-11-04,31.9,19.2,53,11.5,6.04,919.6
2019-11-05,33.8,20.6,54,11.6,6.11,920.9
2019-11-06,32.5,21.0,65,15.8,5.56,921.5
2019-11-07,30.3,21.5,63,14.8,4.93,921.5
2019-11-08,30.8,21.3,63,14.6,5.11,920.4
2019-11-09,32.8,20.9,69,15.5,5.5,921.2
2019-11-10,32.2,19.9,57,12.5,5.47,921.6
2019-11-11,33.5,20.8,54,21.3,6.28,921.1
2019-11-12,26.1,19.9,66,19.1,3.86,922.4
2019-11-13,29.7,19.0,69,20.2,4.61,922.5
2019-11-14,29.4,20.1,70,16.2,3.48,921.1
2019-11-15,26.5,19.5,86,13.8,2.74,919.0
2019-11-16,26.6,18.2,81,11.8,3.85,917.4
2019-11-17,26.0,19.1,81,15.8,4.06,919.2
2019-11-18,24.0,19.5,86,14.2,2.38,922.5
2019-11-19,26.0,18.5,84,10.5,3.73,922.9
2019-11-20,23.5,18.2,86,12.2,2.65,923.1
2019-11-21,26.0,18.0,78,16.3,4.12,922.6
2019-11-22,26.4,19.0,80,16.7,4.23,921.6
2019-11-23,27.2,20.0,86,14.8,3.52,920.2
2019-11-24,25.1,18.7,83,11.7,2.91,920.2
2019-11-25,26.0,16.0,76,15.2,4.19,921.3
2019-11-26,26.4,17.5,74,15.5,4.43,922.2
2019-11-27,27.3,17.6,70,14.6,4.61,921.3
2019-11-28,28.5,16.9,69,13.7,5.12,919.7
2019-11-29,25.0,20.4,89,10.2,2.35,920.4
2019-11-30,26.0,19.8,88,9.4,2.51,920.8
2019-12-01,27.8,19.7,84,12.2,3.67,920.9
2019-12-02,27.8,20.7,86,11.2,3.96,919.9
2019-12-03,25.0,19.2,82,17.1,3.16,920.4
2019-12-04,25.3,18.6,79,18.4,3.25,922.0
2019-12-05,26.4,19.7,86,14.6,3.46,921.0
2019-12-06,26.0,20.5,88,17.0,3.1,919.3
2019-12-07,25.4,19.4,86,12.2,2.7,920.0
2019-12-08,23.7,17.6,79,14.2,3.27,921.9
2019-12-09,25.5,18.2,81,12.7,3.33,922.0
2019-12-10,24.1,19.3,86,13.0,2.45,921.6
2019-12-11,25.3,19.0,85,7.6,2.89,919.9
2019-12-12,25.7,20.2,83,9.4,3.18,919.9
2019-12-13,28.7,20.4,79,12.3,5.17,921.2
2019-12-14,27.6,20.0,76,15.5,4.41,924.4
2019-12-15,27.6,18.3,69,19.6,5.58,924.8
2019-12-16,28.0,16.8,68,13.7,5.91,922.5
2019-12-17,29.2,18.6,68,11.4,5.93,921.1
2019-12-18,29.6,19.1,63,10.5,5.71,921.3
2019-12-19,29.2,20.6,74,11.6,5.17,923.0
2019-12-20,28.9,19.5,75,15.4,5.07,922.9
2019-12-21,28.1,20.2,75,12.1,4.56,922.1
2019-12-22,31.1,20.2,72,14.0,5.63,921.6
2019-12-23,24.9,20.5,84,11.2,2.91,922.1
2019-12-24,22.6,19.2,87,9.4,1.76,922.0
2019-12-25,27.5,18.4,74,10.9,5.14,922.1
2019-12-26,28.0,18.8,70,13.7,5.08,923.3
2019-12-27,28.3,19.7,66,14.2,5.49,923.8
2019-12-28,28.2,19.5,65,14.1,5.53,923.2
2019-12-29,27.5,19.3,67,16.3,5.4,921.7
2019-12-30,27.7,19.0,62,13.2,5.38,920.0
2019-12-31,28.3,18.4,63,11.6,5.65,919.7
2020-01-01,29.9,19.1,66,12.4,5.54,918.9
2020-01-02,26.7,20.1,85,14.1,3.08,918.9
2020-01-03,26.0,19.8,87,9.8,2.62,919.1
2020-01-04,25.9,19.5,86,18.2,3.05,918.3
2020-01-05,26.9,19.7,85,13.0,3.69,918.5
2020-01-06,27.3,20.4,86,13.5,3.97,919.8
2020-01-07,29.4,20.1,82,11.4,4.54,921.0
2020-01-08,29.4,20.4,81,9.0,4.69,921.2
2020-01-09,30.4,20.6,77,14.3,5.3,921.4
2020-01-10,30.0,21.7,70,10.1,5.61,921.1
2020-01-11,30.2,20.1,63,10.1,5.86,921.1
2020-01-12,31.4,20.3,64,9.3,6.05,921.7
2020-01-13,30.8,21.6,66,11.7,5.87,922.0
2020-01-14,28.9,21.5,77,12.4,4.62,922.4
2020-01-15,29.8,21.6,77,11.9,4.86,922.1
2020-01-16,30.9,19.8,76,6.7,5.29,923.0
2020-01-17,27.7,21.4,81,14.9,3.15,923.6
2020-01-18,26.7,19.5,74,15.9,4.58,924.6
2020-01-19,27.5,19.2,79,12.4,4.29,923.0
2020-01-20,27.2,19.8,83,10.8,3.95,920.2
2020-01-21,26.0,18.7,86,10.5,2.87,917.6
2020-01-22,26.4,18.7,83,12.3,3.6,917.3
2020-01-23,23.2,20.0,92,13.1,1.16,916.2
2020-01-24,23.2,19.7,95,23.0,1.12,914.4
2020-01-25,25.2,19.2,91,12.1,2.28,917.4
2020-01-26,26.7,19.7,82,9.5,4.04,920.1
2020-01-27,26.8,19.4,83,10.5,4.42,920.9
2020-01-28,28.1,20.4,84,12.9,4.58,921.9
2020-01-29,26.6,19.9,84,12.5,3.87,923.7
2020-01-30,29.4,20.2,78,8.3,5.33,923.9
2020-01-31,29.8,21.4,82,9.1,4.88,923.3
2020-02-01,30.3,20.7,81,11.2,5.15,922.7
2020-02-02,29.9,20.2,76,11.6,5.31,922.8
2020-02-03,29.0,20.6,73,11.3,5.3,922.4
2020-02-04,28.5,20.2,70,12.2,4.57,922.4
2020-02-05,23.5,20.8,89,7.6,1.46,922.6
2020-02-06,23.8,19.4,89,12.3,1.92,922.7
2020-02-07,23.8,19.1,85,13.3,2.59,921.8
2020-02-08,26.3,19.3,79,16.1,4.4,922.1
2020-02-09,26.2,18.8,78,18.7,4.45,923.6
2020-02-10,26.8,19.0,81,19.5,4.05,923.9
2020-02-11,24.7,20.0,88,15.2,2.14,922.8
2020-02-12,25.7,19.8,89,12.3,2.76,922.0
2020-02-13,24.5,19.5,87,8.4,2.37,922.1
2020-02-14,27.9,18.8,81,10.1,4.9,922.5
2020-02-15,28.0,20.1,77,10.9,4.97,922.4
2020-02-16,27.4,20.7,80,10.8,4.41,922.2
2020-02-17,28.2,20.7,78,14.6,4.56,922.7
2020-02-18,27.7,20.7,74,16.5,4.69,923.2
2020-02-19,27.4,18.5,72,10.1,4.94,921.2
2020-02-20,27.7,19.3,75,8.0,4.82,920.7
2020-02-21,28.3,19.4,79,17.3,4.41,921.1
2020-02-22,28.0,19.9,84,13.2,4.31,921.8
2020-02-23,23.6,19.4,83,13.7,2.06,923.6
2020-02-24,25.2,19.3,81,15.3,2.59,923.5
2020-02-25,27.1,19.5,82,8.1,3.77,922.4
2020-02-26,28.8,20.1,85,16.7,4.01,920.3
2020-02-27,27.5,19.5,85,9.9,3.55,920.4
2020-02-28,24.2,20.9,90,8.8,1.45,923.0
2020-02-29,22.8,20.1,91,11.6,1.44,923.5
2020-03-01,26.1,19.2,89,13.2,2.8,922.6
2020-03-02,20.6,17.7,87,15.5,1.41,921.5
2020-03-03,23.3,18.6,89,10.4,1.95,921.4
2020-03-04,27.0,18.7,88,12.8,3.65,921.5
2020-03-05,26.9,18.8,86,10.9,4.19,922.2
2020-03-06,24.4,18.2,87,11.0,2.52,922.1
2020-03-07,23.5,18.5,86,11.8,2.59,921.2
2020-03-08,25.3,17.1,77,12.7,3.93,922.1
2020-03-09,26.4,16.8,76,12.4,4.48,923.3
2020-03-10,26.5,18.2,78,12.7,4.16,923.2
2020-03-11,26.7,18.6,79,11.8,4.03,922.4
2020-03-12,27.0,17.6,75,12.7,4.72,923.1
2020-03-13,27.2,19.2,79,13.9,4.04,923.8
2020-03-14,27.2,20.2,76,12.1,4.42,924.5
2020-03-15,27.2,19.7,73,13.7,4.52,924.0
2020-03-16,27.7,17.7,72,8.7,4.85,922.9
2020-03-17,27.8,17.5,71,9.8,4.61,922.6
2020-03-18,27.9,19.0,78,9.7,4.41,922.5
2020-03-19,28.7,18.8,79,7.6,4.62,920.1
2020-03-20,25.9,19.7,89,14.0,2.84,918.6
2020-03-21,25.5,20.2,90,9.4,2.02,919.6
2020-03-22,24.2,19.6,85,10.9,2.41,922.3
2020-03-23,23.9,18.0,78,16.8,3.1,924.1
2020-03-24,24.6,13.9,73,12.0,3.77,923.8
2020-03-25,23.9,15.1,74,10.9,3.67,922.7
2020-03-26,24.9,15.9,74,14.4,3.81,922.4
2020-03-27,23.7,16.4,78,16.0,2.87,922.7
2020-03-28,25.2,17.6,72,10.8,3.43,924.2
2020-03-29,26.7,18.0,75,8.2,3.32,925.0
2020-03-30,28.1,17.6,74,8.4,4.48,923.3
2020-03-31,27.3,19.2,75,8.8,4.36,922.2
2020-04-01,27.2,19.3,79,9.5,3.82,922.6
2020-04-02,27.3,19.5,82,13.2,3.39,922.8
2020-04-03,28.4,19.2,85,20.3,3.46,918.9
2020-04-04,27.3,20.0,89,11.0,3.33,919.7
2020-04-05,27.6,19.8,83,12.1,3.46,922.7
2020-04-06,26.5,19.4,83,11.9,3.33,923.5
2020-04-07,26.1,19.1,88,14.0,2.93,922.2
2020-04-08,26.5,20.1,88,8.6,2.93,921.5
2020-04-09,25.8,17.8,84,10.9,2.64,921.1
2020-04-10,26.1,18.1,80,14.8,3.36,921.5
2020-04-11,26.2,18.8,85,10.3,2.95,922.0
2020-04-12,24.7,17.7,86,10.3,2.98,923.2
2020-04-13,24.4,16.2,80,11.2,3.28,923.2
2020-04-14,26.0,17.2,78,12.6,3.69,921.4
2020-04-15,25.0,16.6,86,8.7,2.63,922.4
2020-04-16,23.8,19.2,88,8.8,1.61,925.3
2020-04-17,25.8,17.9,79,12.3,3.47,925.9
2020-04-18,24.8,17.7,78,11.7,3.01,926.3
2020-04-19,23.8,16.7,76,11.6,2.83,926.2
2020-04-20,24.3,15.9,72,9.0,3.06,925.2
2020-04-21,25.3,14.6,72,10.1,3.84,923.9
2020-04-22,24.8,15.1,75,10.2,3.46,923.1
2020-04-23,24.9,16.6,77,10.5,3.44,923.4
2020-04-24,24.6,15.7,74,14.4,3.39,925.3
2020-04-25,24.7,15.0,72,14.5,3.61,926.4
2020-04-26,24.6,15.7,78,10.9,2.74,927.0
2020-04-27,23.5,14.7,73,12.0,3.34,927.4
2020-04-28,23.1,11.5,69,10.5,3.88,927.1
2020-04-29,23.3,11.5,72,10.9,3.64,926.4
2020-04-30,23.8,12.3,68,7.2,3.69,925.1
2020-05-01,26.2,12.3,64,10.3,3.73,925.0
2020-05-02,25.9,12.6,65,9.6,3.98,923.3
2020-05-03,24.7,13.4,68,10.9,3.58,922.8
2020-05-04,24.5,13.6,74,13.0,3.21,923.1
2020-05-05,24.7,14.6,76,9.9,2.89,922.6
2020-05-06,26.4,14.6,71,13.3,3.23,922.2
2020-05-07,22.4,16.6,81,10.7,1.59,923.1
2020-05-08,22.5,15.1,71,13.1,2.82,926.8
2020-05-09,21.3,11.5,72,11.8,3.3,927.9
2020-05-10,20.8,11.1,72,11.2,3.28,927.4
2020-05-11,22.4,11.1,68,10.1,3.51,926.8
2020-05-12,24.2,10.6,72,11.4,3.6,924.9
2020-05-13,25.2,12.7,75,12.0,3.32,923.5
2020-05-14,25.3,13.7,78,12.2,2.85,923.1
2020-05-15,24.1,17.8,85,9.6,2.25,924.1
2020-05-16,22.1,17.0,90,7.8,1.47,923.8
2020-05-17,24.6,15.9,79,10.7,2.96,924.9
2020-05-18,23.9,14.3,78,12.7,2.9,926.7
2020-05-19,23.2,14.6,76,16.7,2.97,928.4
2020-05-20,22.8,15.4,74,17.8,2.67,929.0
2020-05-21,22.4,15.5,79,15.5,2.51,927.6
2020-05-22,24.1,14.1,75,10.9,2.78,925.9
2020-05-23,25.7,13.9,78,11.5,3.0,924.8
2020-05-24,22.4,17.5,87,9.6,1.42,923.7
2020-05-25,22.2,16.1,84,16.9,1.88,921.9
2020-05-26,20.7,11.2,73,13.6,3.13,921.1
2020-05-27,21.5,8.0,67,9.7,3.24,921.9
2020-05-28,22.3,9.5,65,10.8,3.46,924.4
2020-05-29,21.9,9.1,71,10.6,3.22,925.7
2020-05-30,21.6,8.3,73,9.3,3.12,925.4
2020-05-31,21.6,9.8,75,7.9,2.96,924.6
2020-06-01,22.6,9.6,71,8.4,3.13,923.6
2020-06-02,23.8,11.5,72,9.4,3.14,923.4
2020-06-03,25.5,12.8,71,11.3,3.22,924.9
2020-06-04,23.9,16.5,77,16.5,2.36,927.2
2020-06-05,23.5,14.7,73,13.5,3.16,928.0
2020-06-06,24.9,13.8,75,12.3,3.05,926.8
2020-06-07,25.0,13.9,74,7.4,3.03,926.6
2020-06-08,26.3,14.2,74,8.5,2.94,925.4
2020-06-09,25.7,16.1,73,7.3,2.89,924.6
2020-06-10,26.8,13.5,64,8.6,3.44,924.1
2020-06-11,26.6,13.9,65,7.7,3.29,924.9
2020-06-12,27.5,14.5,67,9.7,3.29,923.9
2020-06-13,25.6,14.5,68,8.7,3.22,925.5
2020-06-14,25.9,13.7,68,16.8,3.63,927.3
2020-06-15,23.9,16.3,71,19.1,3.14,930.1
2020-06-16,22.0,16.8,77,18.7,2.1,930.7
2020-06-17,20.5,12.7,78,18.5,2.06,929.6
2020-06-18,21.6,11.4,74,14.2,3.01,928.3
2020-06-19,23.4,11.1,80,10.6,2.24,927.5
2020-06-20,24.1,16.5,78,12.1,2.37,928.4
2020-06-21,23.8,14.0,73,14.2,3.26,927.8
2020-06-22,24.6,10.4,69,10.8,3.3,926.5
2020-06-23,22.9,10.7,62,14.5,3.32,924.5
2020-06-24,22.7,11.4,65,11.2,3.26,924.3
2020-06-25,24.2,11.3,71,8.6,3.12,924.9
2020-06-26,25.5,10.7,71,10.1,3.14,923.9
2020-06-27,25.5,12.2,63,15.8,3.52,922.7
2020-06-28,24.5,14.4,64,12.5,2.96,924.7
2020-06-29,21.5,15.1,76,14.2,2.12,927.0
2020-06-30,22.3,15.0,79,17.0,1.91,924.3
2020-07-01,25.8,13.0,74,20.9,3.14,920.8
2020-07-02,24.5,15.1,71,12.7,2.67,921.7
2020-07-03,25.4,14.5,68,11.9,3.18,922.9
2020-07-04,24.0,15.5,77,14.9,2.77,925.2
2020-07-05,24.5,15.5,71,14.3,3.3,926.6
2020-07-06,26.5,12.5,70,11.6,3.26,924.9
2020-07-07,24.1,12.4,65,15.1,3.65,924.3
2020-07-08,25.0,13.6,60,14.1,3.3,923.6
2020-07-09,26.2,11.1,59,9.2,3.46,925.3
2020-07-10,24.0,15.9,69,14.4,2.88,926.6
2020-07-11,24.5,15.3,70,14.3,3.21,926.9
2020-07-12,25.1,12.7,69,12.6,3.38,924.8
2020-07-13,26.4,11.6,66,8.0,3.38,924.7
2020-07-14,26.9,12.5,61,9.3,3.48,925.1
2020-07-15,25.4,15.9,69,13.1,3.53,927.0
2020-07-16,24.5,15.5,72,15.8,3.08,928.4
2020-07-17,24.9,12.6,71,12.2,3.17,928.0
2020-07-18,22.3,12.9,73,17.1,2.67,928.4
2020-07-19,22.4,12.1,73,17.7,3.24,928.2
2020-07-20,24.2,14.0,69,15.6,3.25,927.9
2020-07-21,25.3,13.5,67,10.8,3.33,926.1
2020-07-22,25.3,13.9,69,10.3,3.56,925.4
2020-07-23,24.5,11.7,64,11.9,3.77,926.0
2020-07-24,24.1,12.4,69,15.2,3.22,926.9
2020-07-25,24.5,15.3,65,13.0,3.65,928.3
2020-07-26,24.9,12.0,68,14.4,3.72,928.0
2020-07-27,23.5,16.2,72,15.6,2.74,927.9
2020-07-28,26.2,13.6,66,12.0,3.68,926.6
2020-07-29,27.1,12.3,62,11.3,3.57,925.9
2020-07-30,25.0,15.6,66,14.8,3.65,927.4
2020-07-31,22.8,14.4,68,17.7,3.1,929.8
2020-08-01,21.8,13.6,72,14.8,2.63,930.1
2020-08-02,23.0,13.2,66,14.5,3.58,930.2
2020-08-03,21.7,9.4,65,10.9,3.58,931.5
2020-08-04,21.6,9.3,64,12.6,3.46,931.6
2020-08-05,22.7,10.3,64,13.4,3.71,931.2
2020-08-06,21.8,10.2,64,13.4,3.54,930.9
2020-08-07,23.7,10.4,59,13.5,4.03,930.6
2020-08-08,23.5,12.0,64,12.9,3.46,930.3
2020-08-09,23.8,13.4,64,15.5,3.46,929.0
2020-08-10,24.4,14.6,56,14.2,3.85,926.4
2020-08-11,25.2,13.8,67,14.0,3.5,925.2
2020-08-12,24.4,15.8,72,15.3,3.47,924.7
2020-08-13,27.0,15.9,65,15.4,4.01,924.6
2020-08-14,27.9,14.5,63,14.0,4.2,923.4
2020-08-15,27.8,13.8,58,13.0,4.31,922.3
2020-08-16,28.3,15.2,59,13.6,4.58,923.0
2020-08-17,28.1,16.4,61,15.9,4.51,923.4
2020-08-18,28.0,17.2,64,17.0,4.62,923.3
2020-08-19,29.7,16.1,58,16.9,4.77,923.2
2020-08-20,29.8,15.1,61,15.8,4.7,923.3
2020-08-21,23.1,14.9,70,18.0,2.84,924.4
2020-08-22,17.5,12.9,83,14.1,1.2,925.6
2020-08-23,18.8,11.9,73,14.1,2.11,926.7
2020-08-24,22.2,11.8,59,13.2,4.13,925.8
2020-08-25,22.4,9.0,60,12.4,4.22,924.3
2020-08-26,24.4,7.6,61,14.1,4.44,924.3
2020-08-27,25.5,11.1,63,13.4,4.52,925.3
2020-08-28,26.4,15.2,64,15.0,4.45,925.8
2020-08-29,26.4,14.8,61,14.6,4.72,925.0
2020-08-30,28.3,15.1,58,12.3,4.73,925.4
2020-08-31,29.0,16.5,58,16.0,5.13,927.5
2020-09-01,26.4,17.5,61,17.7,4.35,929.2
2020-09-02,25.7,15.6,61,17.7,3.93,927.6
2020-09-03,26.8,13.9,56,14.3,5.05,926.2
2020-09-04,29.3,13.3,48,12.8,5.4,926.8
2020-09-05,28.8,13.7,51,14.9,5.34,927.0
2020-09-06,28.5,14.5,50,12.6,5.15,924.9
2020-09-07,29.6,14.6,49,14.1,5.58,922.9
2020-09-08,30.5,16.0,50,15.1,5.51,923.4
2020-09-09,30.7,16.2,51,15.2,5.65,925.9
2020-09-10,31.0,15.5,47,13.9,5.64,926.4
2020-09-11,31.4,16.7,43,13.5,5.98,924.9
2020-09-12,30.1,17.8,48,14.7,5.72,926.2
2020-09-13,27.9,15.6,50,16.4,5.7,927.5
2020-09-14,29.8,15.9,50,13.8,5.29,927.9
2020-09-15,28.5,16.5,49,18.4,5.53,926.7
2020-09-16,27.9,16.6,55,17.4,5.25,925.7
2020-09-17,30.8,16.0,47,13.0,5.46,923.5
2020-09-18,33.0,17.9,39,14.9,6.13,922.2
2020-09-19,34.4,18.8,37,14.9,6.3,922.0
2020-09-20,32.5,20.5,47,17.1,5.61,922.4
2020-09-21,29.6,19.1,58,20.1,4.76,923.6
2020-09-22,22.5,17.6,78,14.6,1.71,925.7
2020-09-23,23.7,15.7,72,15.6,3.02,927.9
2020-09-24,25.2,14.8,70,16.1,3.47,927.4
2020-09-25,28.3,16.4,62,15.0,5.06,925.8
2020-09-26,30.4,15.9,52,14.8,5.77,923.3
2020-09-27,32.7,17.1,43,14.8,5.94,922.0
2020-09-28,35.3,16.8,40,12.3,6.06,921.6
2020-09-29,34.3,21.1,37,16.3,6.78,923.9
2020-09-30,33.6,20.6,46,15.2,6.47,924.9
2020-10-01,33.7,20.5,44,14.6,6.64,923.4
2020-10-02,34.8,20.0,39,13.7,6.91,922.9
2020-10-03,36.4,19.2,31,14.9,7.38,922.5
2020-10-04,33.3,20.8,52,14.8,6.27,924.1
2020-10-05,32.8,20.6,58,18.2,6.09,924.4
2020-10-06,34.7,19.6,47,10.1,5.51,923.3
2020-10-07,35.1,21.8,41,11.9,5.67,924.0
2020-10-08,34.0,21.9,44,18.7,5.38,922.4
2020-10-09,35.6,22.0,44,20.3,6.71,920.3
2020-10-10,33.7,22.2,60,17.2,4.53,920.2
2020-10-11,27.5,18.5,70,18.1,3.66,923.3
2020-10-12,27.4,16.9,71,16.0,4.02,924.5
2020-10-13,28.9,17.5,68,17.8,4.78,923.6
2020-10-14,32.6,19.1,72,15.3,4.71,922.9
2020-10-15,32.7,19.7,73,11.2,4.78,923.6
2020-10-16,26.0,18.3,73,16.1,3.62,924.6
2020-10-17,21.9,16.9,75,15.9,2.59,924.8
2020-10-18,24.6,16.9,71,18.1,3.46,923.5
2020-10-19,22.6,16.7,78,18.6,2.72,923.9
2020-10-20,21.7,16.8,85,15.0,1.8,924.6
2020-10-21,25.6,16.8,80,12.2,3.15,924.6
2020-10-22,26.2,17.5,79,18.8,3.66,924.5
2020-10-23,23.2,17.2,74,19.1,3.48,924.6
2020-10-24,21.0,17.1,88,16.0,1.38,921.8
2020-10-25,23.7,17.6,91,8.9,2.21,918.4
2020-10-26,27.1,15.1,75,8.8,4.66,917.6
2020-10-27,28.6,15.9,73,10.7,4.91,916.0
2020-10-28,29.0,19.6,72,14.9,4.65,917.3
2020-10-29,28.3,19.2,74,14.8,4.19,920.1
2020-10-30,25.6,19.8,81,10.7,2.65,921.1
2020-10-31,23.8,17.2,81,17.5,2.84,920.6
2020-11-01,23.1,15.8,75,16.4,3.43,919.6
2020-11-02,24.2,12.9,59,15.9,5.28,920.2
2020-11-03,23.2,15.3,74,19.6,4.19,921.1
2020-11-04,23.3,14.8,81,15.1,3.55,921.5
2020-11-05,24.8,16.4,73,14.8,4.22,920.6
2020-11-06,26.6,17.3,69,19.4,4.82,921.5
2020-11-07,28.2,18.5,69,15.2,5.02,924.9
2020-11-08,29.5,19.7,68,14.7,5.69,924.9
2020-11-09,29.2,19.3,63,14.2,4.56,923.6
2020-11-10,28.8,20.4,67,13.2,4.59,923.2
2020-11-11,30.1,19.5,72,13.1,4.98,922.1
2020-11-12,27.5,20.0,83,14.8,3.23,921.2
2020-11-13,26.1,20.0,83,11.8,2.97,921.1
2020-11-14,23.9,19.2,87,9.0,2.24,921.4
2020-11-15,27.0,19.9,83,14.6,3.85,921.3
2020-11-16,28.1,17.7,83,10.7,4.53,919.2
2020-11-17,29.5,19.0,76,12.0,4.92,918.1
2020-11-18,28.4,19.4,76,11.3,4.61,918.6
2020-11-19,25.5,19.2,89,14.8,2.3,917.6
2020-11-20,26.9,19.1,76,15.9,4.56,918.6
2020-11-21,25.1,17.1,76,15.8,3.92,920.9
2020-11-22,25.9,16.8,73,15.2,4.56,923.3
2020-11-23,25.0,17.4,72,14.8,4.73,925.3
2020-11-24,25.0,18.3,71,14.3,4.03,926.7
2020-11-25,24.4,18.1,76,18.8,3.12,925.8
2020-11-26,26.9,18.3,67,15.5,4.92,924.7
2020-11-27,27.8,17.1,66,15.6,5.8,924.5
2020-11-28,27.5,18.8,62,17.4,5.4,926.4
2020-11-29,28.0,17.5,65,17.9,4.9,925.6
2020-11-30,29.8,17.8,62,13.3,5.52,923.3
2020-12-01,29.5,19.7,66,11.9,4.62,922.1
2020-12-02,28.3,20.0,76,12.4,3.55,921.7
2020-12-03,27.8,19.4,76,14.5,3.75,921.7
2020-12-04,28.7,18.3,75,11.3,4.01,922.6
2020-12-05,29.3,20.6,78,14.5,4.5,922.9
2020-12-06,25.7,21.0,81,15.5,2.83,922.0
2020-12-07,27.6,20.2,83,14.8,3.51,921.7
2020-12-08,25.5,19.6,88,17.9,3.13,921.3
2020-12-09,24.0,19.5,90,10.1,2.01,921.8
2020-12-10,23.7,19.1,89,7.1,1.78,921.6
2020-12-11,25.4,17.6,79,10.5,3.24,922.8
2020-12-12,27.8,18.6,77,13.0,4.51,923.4
2020-12-13,28.2,19.8,71,11.7,5.25,923.7
2020-12-14,29.5,16.9,56,11.6,6.65,921.8
2020-12-15,30.0,16.8,63,13.3,6.53,921.1
2020-12-16,30.1,18.5,63,14.3,5.95,922.1
2020-12-17,29.5,19.0,66,10.1,5.38,922.7
2020-12-18,30.4,19.8,68,10.9,5.53,920.9
2020-12-19,30.0,18.6,79,14.8,4.87,919.4
2020-12-20,28.6,19.0,77,10.1,4.97,920.1
2020-12-21,29.6,19.8,76,13.8,4.98,921.1
2020-12-22,27.9,20.1,80,12.9,4.37,921.1
2020-12-23,25.8,20.1,83,14.1,3.23,921.0
2020-12-24,25.2,19.3,84,14.5,2.68,920.7
2020-12-25,23.8,17.6,76,16.9,3.49,920.1
2020-12-26,26.9,18.7,71,13.4,4.61,920.3
2020-12-27,27.9,18.8,68,16.1,5.48,922.7
2020-12-28,27.2,19.5,70,15.0,4.55,923.7
2020-12-29,27.9,18.3,65,15.4,5.33,922.1
2020-12-30,28.8,18.8,60,11.5,5.84,921.5
2020-12-31,29.6,18.6,63,11.3,5.82,922.5
2021-01-01,30.3,19.1,66,9.2,5.44,922.5
2021-01-02,26.2,19.6,80,9.1,2.36,921.1
2021-01-03,26.2,19.0,83,9.9,3.75,920.1
2021-01-04,26.1,18.9,79,13.4,3.25,921.6
2021-01-05,29.1,18.7,77,10.7,5.11,922.5
2021-01-06,29.6,19.1,75,12.0,4.71,922.0
2021-01-07,29.8,19.8,79,6.5,4.29,921.6
2021-01-08,28.4,20.3,81,10.7,3.59,920.8
2021-01-09,28.8,20.0,79,8.3,4.16,920.3
2021-01-10,26.3,20.8,81,11.0,3.52,921.1
2021-01-11,28.4,21.1,77,15.1,4.52,921.3
2021-01-12,28.6,20.8,76,11.4,4.89,921.7
2021-01-13,27.7,20.3,71,13.4,4.99,921.6
2021-01-14,27.3,19.0,69,15.6,5.17,922.1
2021-01-15,27.5,19.3,73,14.5,5.01,922.0
2021-01-16,25.5,19.3,75,15.9,3.47,921.8
2021-01-17,27.3,18.6,68,15.3,5.31,921.7
2021-01-18,29.2,18.4,58,13.5,6.29,921.8
2021-01-19,29.4,17.9,52,15.7,6.68,922.3
2021-01-20,29.6,18.0,55,14.5,6.52,922.9
2021-01-21,28.0,17.7,58,17.1,5.63,923.7
2021-01-22,28.4,18.1,58,16.6,6.07,925.6
2021-01-23,28.5,19.2,60,17.7,4.78,925.4
2021-01-24,28.1,18.3,61,16.2,5.51,923.6
2021-01-25,30.3,18.3,60,14.9,6.13,922.6
2021-01-26,29.5,19.6,62,17.8,5.71,922.9
2021-01-27,30.1,18.5,52,17.3,6.85,922.9
2021-01-28,31.0,17.6,50,16.7,6.84,921.7
2021-01-29,31.1,18.9,52,14.5,6.3,922.1
2021-01-30,30.8,19.8,53,13.8,6.53,923.2
2021-01-31,31.2,18.5,49,13.7,6.98,922.7
2021-02-01,30.0,19.6,57,12.5,5.63,922.0
2021-02-02,29.8,20.4,58,11.4,5.44,922.4
2021-02-03,30.9,19.8,59,13.1,5.94,922.9
2021-02-04,31.4,20.4,62,11.8,5.59,921.4
2021-02-05,26.6,20.8,87,12.2,2.22,918.5
2021-02-06,24.1,20.2,90,17.7,2.26,918.9
2021-02-07,22.7,18.7,92,14.2,1.41,919.5
2021-02-08,24.8,18.2,81,9.7,3.55,919.8
2021-02-09,24.6,17.5,82,15.3,3.74,921.0
2021-02-10,25.9,18.1,77,16.6,4.35,921.9
2021-02-11,26.3,18.7,80,14.8,4.09,922.5
2021-02-12,24.2,19.6,83,13.2,2.46,922.8
2021-02-13,26.5,19.3,79,9.0,3.77,922.0
2021-02-14,26.4,20.0,83,12.6,4.12,920.2
2021-02-15,25.4,19.4,89,13.4,2.41,919.0
2021-02-16,27.3,18.8,86,10.7,3.63,918.0
2021-02-17,26.5,19.4,86,10.5,3.18,917.9
2021-02-18,25.9,19.4,89,15.8,2.81,918.3
2021-02-19,25.6,19.9,91,12.0,2.66,919.4
2021-02-20,26.7,19.6,86,12.6,4.16,921.6
2021-02-21,25.9,19.5,85,12.2,3.56,922.6
2021-02-22,26.4,18.6,84,10.9,3.94,922.4
2021-02-23,26.6,18.3,81,10.2,4.46,922.6
2021-02-24,27.9,16.9,74,11.5,5.16,922.2
2021-02-25,27.9,17.3,69,12.2,5.02,920.7
2021-02-26,24.7,19.0,85,14.7,2.45,920.6
2021-02-27,25.0,18.7,77,11.8,3.35,922.1
2021-02-28,25.7,18.3,76,15.5,4.13,922.1
2021-03-01,25.1,18.0,76,16.9,3.68,921.5
2021-03-02,26.6,18.5,75,14.8,4.43,923.1
2021-03-03,27.9,17.8,72,14.1,4.85,924.5
2021-03-04,28.0,18.2,69,9.5,5.24,923.2
2021-03-05,28.1,16.2,69,15.8,5.02,920.2
2021-03-06,28.0,19.2,75,17.3,4.0,920.5
2021-03-07,26.1,19.9,84,13.9,2.96,921.6
2021-03-08,25.9,19.6,84,12.1,2.91,921.1
2021-03-09,25.3,19.5,88,12.0,2.84,919.9
2021-03-10,25.7,18.4,89,11.0,3.05,919.4
2021-03-11,26.0,18.8,84,10.5,3.38,921.4
2021-03-12,27.6,18.2,79,11.4,4.44,922.4
2021-03-13,27.6,18.9,77,10.7,4.47,923.0
2021-03-14,26.4,17.2,67,12.8,4.78,923.7
2021-03-15,26.8,16.7,69,14.2,4.99,922.8
2021-03-16,27.4,17.1,66,13.3,5.09,921.9
2021-03-17,27.7,17.0,66,11.5,5.11,921.3
2021-03-18,27.6,17.8,69,10.9,4.68,921.3
2021-03-19,27.2,19.7,72,13.9,4.36,922.7
2021-03-20,26.9,18.9,69,14.0,4.58,925.5
2021-03-21,27.2,17.9,70,14.9,4.23,925.8
2021-03-22,29.1,17.0,71,10.7,4.72,924.2
2021-03-23,29.5,16.6,65,9.5,5.2,923.6
2021-03-24,30.0,17.9,63,10.4,5.41,923.7
2021-03-25,29.1,17.6,65,10.8,4.96,924.2
2021-03-26,29.4,17.7,66,11.1,5.03,923.6
2021-03-27,29.2,18.1,66,7.6,4.62,922.7
2021-03-28,29.6,18.3,67,8.7,4.5,921.9
2021-03-29,30.1,19.0,76,9.0,3.76,921.5
2021-03-30,30.2,18.2,77,11.5,4.23,919.9
2021-03-31,28.4,17.0,75,14.3,4.53,918.1
2021-04-01,27.8,17.1,67,14.2,4.53,918.7
2021-04-02,27.4,16.6,70,14.1,4.49,922.1
2021-04-03,27.4,19.1,81,12.9,3.64,923.8
2021-04-04,25.4,19.6,77,14.5,3.62,923.7
2021-04-05,25.2,16.5,70,15.0,3.99,924.0
2021-04-06,26.0,16.5,71,13.4,4.08,923.6
2021-04-07,24.8,17.6,74,13.3,3.52,924.3
2021-04-08,24.5,16.8,70,17.1,3.88,926.8
2021-04-09,24.3,15.9,71,15.1,4.14,927.2
2021-04-10,25.5,13.0,70,10.5,4.45,924.6
2021-04-11,26.6,13.8,67,10.0,4.55,923.0
2021-04-12,27.8,13.8,61,8.6,4.68,922.5
2021-04-13,27.6,14.2,65,12.5,4.11,923.5
2021-04-14,25.6,16.2,69,12.7,3.62,924.2
2021-04-15,24.8,13.8,61,12.0,4.44,924.2
2021-04-16,24.9,13.3,65,13.5,4.0,923.4
2021-04-17,25.9,13.3,64,12.3,4.16,922.3
2021-04-18,26.5,15.4,67,10.5,3.89,921.1
2021-04-19,26.4,17.0,72,12.0,3.29,920.7
2021-04-20,25.3,14.9,68,10.0,3.61,920.9
2021-04-21,26.7,13.2,59,10.4,4.37,921.0
2021-04-22,26.8,14.5,60,11.3,4.14,921.5
2021-04-23,27.2,14.8,61,11.6,4.0,922.1
2021-04-24,28.0,16.3,65,10.7,4.24,921.5
2021-04-25,29.2,15.1,63,8.8,4.38,920.7
2021-04-26,28.7,15.4,64,9.3,3.99,920.5
2021-04-27,24.2,18.5,75,9.9,2.01,921.6
2021-04-28,25.5,17.9,79,12.3,3.08,922.6
2021-04-29,25.6,17.1,73,15.6,3.57,924.8
2021-04-30,24.5,15.0,63,16.2,4.11,927.0
2021-05-01,23.5,14.3,63,13.7,3.52,926.9
2021-05-02,22.5,13.4,72,12.9,2.79,926.4
2021-05-03,24.1,13.7,72,11.2,3.36,925.2
2021-05-04,25.3,14.1,72,11.8,3.2,925.2
2021-05-05,26.6,13.5,67,10.6,3.86,924.4
2021-05-06,26.5,14.5,65,8.9,3.43,923.5
2021-05-07,28.2,14.9,57,12.5,4.15,923.9
2021-05-08,24.4,16.1,70,16.2,3.47,927.8
2021-05-09,25.1,14.2,65,14.1,3.84,928.2
2021-05-10,22.2,12.7,68,11.6,2.93,927.1
2021-05-11,23.9,10.8,67,10.0,3.56,924.1
2021-05-12,25.4,11.8,67,7.6,3.65,923.1
2021-05-13,25.3,12.4,65,13.0,3.37,924.2
2021-05-14,23.1,14.2,70,13.5,3.09,925.6
2021-05-15,23.0,14.4,71,14.3,2.68,925.2
2021-05-16,24.0,14.1,74,9.7,2.97,925.0
2021-05-17,24.8,15.0,72,7.7,3.11,924.1
2021-05-18,25.5,13.2,66,11.2,3.65,922.7
2021-05-19,26.2,12.9,60,10.0,3.53,922.6
2021-05-20,26.7,12.2,59,7.2,3.66,922.5
2021-05-21,27.4,13.1,60,9.2,3.74,922.0
2021-05-22,28.2,15.2,60,11.0,3.85,922.1
2021-05-23,27.3,16.7,67,16.0,3.23,922.2
2021-05-24,27.2,17.4,71,14.5,3.08,923.0
2021-05-25,26.7,14.9,67,11.3,3.71,925.2
2021-05-26,26.4,18.4,75,11.7,2.77,925.2
2021-05-27,27.4,16.0,74,10.3,3.14,923.3
2021-05-28,26.7,17.5,73,13.6,3.35,923.1
2021-05-29,28.3,16.1,67,11.1,3.49,923.3
2021-05-30,27.4,16.7,73,8.7,2.55,924.4
2021-05-31,26.7,17.5,70,15.9,3.08,925.0
2021-06-01,23.9,16.1,80,8.9,2.45,923.6
2021-06-02,25.3,16.2,78,11.2,2.83,924.4
2021-06-03,25.5,15.8,73,10.8,3.04,926.4
2021-06-04,25.0,15.0,66,15.2,3.58,927.5
2021-06-05,24.3,12.9,73,16.3,3.16,927.4
2021-06-06,23.9,16.0,78,14.2,2.45,925.8
2021-06-07,24.6,14.8,75,9.7,2.84,924.2
2021-06-08,25.6,14.7,69,9.5,3.04,923.6
2021-06-09,24.9,15.4,69,11.0,2.94,924.7
2021-06-10,24.5,15.3,73,13.4,2.7,924.7
2021-06-11,25.4,14.1,72,11.2,2.68,923.0
2021-06-12,22.3,15.4,77,10.0,2.39,923.6
2021-06-13,22.6,12.5,71,13.5,3.24,925.6
2021-06-14,21.3,11.2,72,12.1,2.99,926.4
2021-06-15,23.1,10.6,70,10.2,2.98,924.5
2021-06-16,24.4,12.1,67,10.9,2.71,922.6
2021-06-17,24.0,12.8,67,12.2,3.14,924.6
2021-06-18,23.0,12.8,70,12.7,3.16,927.0
2021-06-19,22.0,14.1,69,17.9,3.17,927.8
2021-06-20,25.6,13.1,66,16.6,3.25,925.4
2021-06-21,26.0,13.3,64,13.3,3.33,925.0
2021-06-22,26.1,13.6,66,10.9,3.29,925.5
2021-06-23,22.7,13.9,71,12.3,2.9,926.7
2021-06-24,23.2,11.2,68,11.8,3.08,925.8
2021-06-25,26.1,11.7,68,12.7,3.39,924.9
2021-06-26,23.6,12.2,70,15.0,3.25,925.4
2021-06-27,22.1,11.0,65,11.3,3.23,925.5
2021-06-28,23.7,9.7,63,11.8,3.38,926.0
2021-06-29,24.4,9.9,63,9.2,3.28,925.3
2021-06-30,23.9,12.1,63,13.4,3.0,925.3
2021-07-01,21.3,11.8,68,13.9,3.04,928.8
2021-07-02,21.6,11.8,66,13.8,2.94,930.0
2021-07-03,22.3,9.1,61,11.3,3.16,928.2
2021-07-04,21.6,9.0,58,12.8,3.42,928.0
2021-07-05,21.8,9.3,55,14.6,3.59,928.6
2021-07-06,20.9,10.3,57,14.0,2.75,927.3
2021-07-07,21.5,10.8,60,12.8,2.88,926.3
2021-07-08,22.8,10.3,57,10.7,3.35,925.5
2021-07-09,23.6,11.0,54,14.3,3.65,926.1
2021-07-10,23.3,9.4,57,10.2,3.54,926.2
2021-07-11,24.0,10.4,60,11.2,3.33,926.0
2021-07-12,23.2,11.6,58,13.1,3.51,927.4
2021-07-13,23.7,12.3,63,14.5,3.36,928.3
2021-07-14,25.2,13.7,65,14.3,3.43,927.1
2021-07-15,25.2,12.6,64,8.7,3.29,925.3
2021-07-16,26.5,12.6,57,13.0,3.69,923.7
2021-07-17,27.7,14.8,51,13.8,4.1,924.1
2021-07-18,28.7,14.5,52,13.5,3.8,924.3
2021-07-19,27.2,13.6,44,13.1,4.26,924.8
2021-07-20,23.2,9.0,41,12.3,4.38,926.6
2021-07-21,25.1,12.9,56,13.3,3.99,929.1
2021-07-22,24.2,13.1,63,13.3,3.84,930.9
2021-07-23,22.1,10.3,67,14.4,3.18,930.3
2021-07-24,22.3,9.8,65,15.8,3.45,929.2
2021-07-25,23.1,10.3,61,13.1,3.7,927.6
2021-07-26,24.2,12.2,60,15.6,3.72,926.5
2021-07-27,25.8,11.4,54,12.5,3.95,924.1
2021-07-28,28.0,13.9,40,20.0,4.61,921.9
2021-07-29,22.8,11.9,43,16.1,4.19,924.6
2021-07-30,21.1,8.0,52,15.8,4.0,927.7
2021-07-31,20.1,10.3,58,18.7,3.61,930.8
2021-08-01,20.5,9.6,65,15.1,3.43,932.0
2021-08-02,23.0,10.1,62,11.7,3.63,929.6
2021-08-03,25.1,11.5,58,14.7,3.79,927.6
2021-08-04,21.7,13.3,63,18.4,3.01,929.8
2021-08-05,22.4,11.0,61,16.8,3.28,931.7
2021-08-06,23.2,14.2,64,20.2,3.61,932.3
2021-08-07,22.4,13.0,62,21.2,3.2,930.5
2021-08-08,22.1,12.9,69,19.1,3.03,929.1
2021-08-09,24.4,13.4,62,14.4,3.55,928.7
2021-08-10,26.0,13.6,60,10.9,3.66,926.7
2021-08-11,28.1,13.0,52,12.3,4.14,924.9
2021-08-12,26.0,14.2,56,14.4,4.48,926.3
2021-08-13,25.5,14.2,62,17.0,3.98,927.2
2021-08-14,27.1,14.4,59,12.2,3.98,926.5
2021-08-15,26.0,15.7,56,11.3,3.91,925.0
2021-08-16,26.4,15.7,60,14.5,4.15,924.8
2021-08-17,27.4,15.3,60,12.4,4.1,927.2
2021-08-18,26.3,15.3,60,14.0,4.41,928.2
2021-08-19,25.4,14.5,61,16.8,4.04,926.9
2021-08-20,26.1,13.6,54,12.3,4.67,925.7
2021-08-21,26.0,14.5,50,12.4,4.76,925.8
2021-08-22,25.8,14.3,53,16.7,4.77,924.5
2021-08-23,27.7,14.5,48,14.9,4.95,923.1
2021-08-24,27.7,15.0,48,12.6,5.14,922.3
2021-08-25,28.0,15.1,44,16.0,5.46,921.9
2021-08-26,28.9,15.3,52,15.6,5.13,922.6
2021-08-27,28.0,15.9,53,18.0,5.04,924.4
2021-08-28,25.4,16.5,57,16.9,3.85,927.6
2021-08-29,25.2,14.0,59,15.2,3.8,927.2
2021-08-30,26.4,14.0,56,19.2,4.9,925.9
2021-08-31,22.5,15.5,65,18.9,3.42,927.0
2021-09-01,24.2,14.2,68,19.8,3.58,926.9
2021-09-02,24.4,15.2,68,14.8,3.58,926.6
2021-09-03,27.5,15.6,60,13.7,4.5,925.0
2021-09-04,29.4,15.4,54,14.4,5.05,923.6
2021-09-05,31.6,16.3,44,12.6,5.32,922.9
2021-09-06,32.9,17.9,39,15.6,5.8,922.6
2021-09-07,30.3,18.4,57,17.1,5.3,924.1
2021-09-08,30.6,17.3,57,17.6,5.56,923.5
2021-09-09,33.5,16.9,47,14.4,5.67,922.3
2021-09-10,33.9,18.8,43,16.2,5.81,923.3
2021-09-11,30.9,19.8,50,14.7,5.24,925.4
2021-09-12,31.1,19.4,48,16.5,6.09,926.4
2021-09-13,33.2,19.2,41,15.7,5.97,924.5
2021-09-14,33.9,18.3,37,11.4,5.89,923.5
2021-09-15,34.5,18.8,33,14.3,5.63,924.6
2021-09-16,30.9,19.9,53,19.1,5.89,928.0
2021-09-17,29.8,19.6,57,19.2,5.25,927.6
2021-09-18,31.5,17.2,47,14.8,5.76,924.4
2021-09-19,33.5,18.6,35,13.5,5.78,923.0
2021-09-20,30.9,20.0,57,15.9,5.48,924.0
2021-09-21,35.1,17.7,49,13.6,5.66,921.5
2021-09-22,29.0,17.4,51,19.4,6.13,922.1
2021-09-23,26.0,13.5,55,16.6,5.39,924.9
2021-09-24,28.5,13.8,55,18.4,5.6,925.2
2021-09-25,28.7,15.0,56,17.7,5.04,925.3
2021-09-26,30.8,15.6,56,14.2,4.92,925.7
2021-09-27,29.4,17.5,54,14.1,5.09,926.1
2021-09-28,29.8,17.9,54,14.7,5.26,924.6
2021-09-29,32.0,18.5,51,13.3,5.22,922.2
2021-09-30,30.7,19.8,55,17.9,5.23,921.5
2021-10-01,33.0,18.5,54,17.2,5.88,921.4
2021-10-02,33.1,20.5,55,13.4,5.31,921.2
2021-10-03,32.4,20.3,65,15.5,5.05,921.1
2021-10-04,34.4,21.8,53,19.1,6.16,921.6
2021-10-05,32.4,21.0,59,14.5,5.01,922.4
2021-10-06,30.0,20.3,64,17.5,4.89,923.7
2021-10-07,27.7,19.8,69,12.7,3.43,921.7
2021-10-08,27.2,18.1,71,17.2,4.12,922.0
2021-10-09,25.7,18.3,72,18.6,4.06,922.7
2021-10-10,22.8,17.3,83,17.3,2.13,922.2
2021-10-11,19.5,16.9,91,20.1,1.0,921.9
2021-10-12,24.0,15.8,77,23.1,3.88,921.9
2021-10-13,25.8,15.6,72,14.5,4.44,921.3
2021-10-14,27.8,17.8,73,16.4,4.66,921.4
2021-10-15,27.7,19.1,80,14.0,4.2,922.8
2021-10-16,28.7,20.0,75,13.4,4.12,923.6
2021-10-17,26.9,18.7,80,15.5,4.32,922.9
2021-10-18,27.0,19.5,83,18.5,3.15,922.2
2021-10-19,24.3,19.2,87,11.0,2.3,922.3
2021-10-20,20.6,15.9,82,14.5,2.31,921.8
2021-10-21,23.5,14.1,75,14.8,3.66,921.9
2021-10-22,25.8,15.4,74,17.6,4.28,921.1
2021-10-23,26.6,17.0,72,17.8,5.1,920.6
2021-10-24,26.3,19.1,83,20.1,2.96,921.5
2021-10-25,25.8,18.5,77,16.2,4.52,924.6
2021-10-26,26.6,18.9,79,16.9,4.23,925.9
2021-10-27,29.0,19.1,68,17.1,5.54,926.6
2021-10-28,27.0,17.6,65,16.9,5.34,927.2
2021-10-29,27.6,16.8,63,17.5,5.4,925.1
2021-10-30,26.0,18.4,73,18.4,4.51,923.4
2021-10-31,22.5,18.6,82,16.1,1.74,922.9
2021-11-01,22.6,18.4,90,16.5,1.86,920.5
2021-11-02,26.6,18.5,80,12.4,4.37,918.9
2021-11-03,27.0,16.0,70,10.5,5.12,918.5
2021-11-04,27.8,18.4,74,14.6,5.03,918.5
2021-11-05,28.2,18.9,68,11.8,5.38,919.1
2021-11-06,30.0,18.4,65,15.9,5.86,919.3
2021-11-07,29.4,19.1,77,16.9,4.81,920.1
2021-11-08,27.5,18.8,78,12.4,4.04,920.9
2021-11-09,27.3,18.3,78,15.1,3.71,921.1
2021-11-10,26.8,19.3,79,12.4,3.7,921.8
2021-11-11,20.5,18.4,89,14.1,1.32,923.1
2021-11-12,18.6,16.2,86,15.9,1.25,922.3
2021-11-13,21.2,14.2,73,16.1,3.45,922.7
2021-11-14,22.4,15.2,74,15.6,3.75,923.2
2021-11-15,24.7,15.0,71,15.1,5.05,923.9
2021-11-16,25.9,15.2,69,14.6,5.01,923.7
2021-11-17,27.4,17.2,69,14.0,5.47,921.8
2021-11-18,27.1,18.5,72,15.0,4.08,920.6
2021-11-19,24.6,19.2,85,15.5,2.49,920.1
2021-11-20,23.4,19.1,88,11.0,1.71,920.2
2021-11-21,22.5,17.9,85,16.2,2.23,921.1
2021-11-22,26.5,17.4,78,14.1,3.99,920.8
2021-11-23,29.4,16.8,70,13.1,5.96,921.4
2021-11-24,29.0,16.0,64,10.6,5.71,922.0
2021-11-25,28.1,18.1,69,11.8,5.71,922.4
2021-11-26,28.6,17.9,66,16.2,5.03,919.8
2021-11-27,23.6,17.9,83,16.1,2.3,917.2
2021-11-28,27.1,17.5,77,15.6,4.26,917.3
2021-11-29,28.5,19.1,72,11.5,5.1,917.1
2021-11-30,29.6,19.4,76,12.7,4.93,917.8
2021-12-01,26.2,19.9,83,15.3,3.25,918.3
2021-12-02,29.0,17.4,76,14.2,5.34,918.9
2021-12-03,25.3,18.9,77,19.3,4.32,920.0
2021-12-04,26.1,17.7,74,17.4,4.59,923.0
2021-12-05,27.7,17.9,69,14.3,5.59,923.7
2021-12-06,23.0,18.2,82,12.4,2.15,921.2
2021-12-07,24.9,17.3,82,16.1,3.49,919.2
2021-12-08,21.3,16.2,78,14.6,2.82,919.7
2021-12-09,25.7,13.9,71,13.3,5.29,920.1
2021-12-10,27.1,17.4,72,15.1,5.43,919.5
2021-12-11,28.3,18.0,70,14.6,5.64,918.5
2021-12-12,29.0,19.9,78,14.3,4.27,919.1
2021-12-13,25.8,20.6,82,11.0,2.93,920.9
2021-12-14,27.3,18.9,78,11.1,3.86,920.9
2021-12-15,25.4,20.2,83,11.2,2.78,920.5
2021-12-16,27.5,19.9,83,13.0,3.76,920.0
2021-12-17,22.1,20.1,91,8.9,1.28,921.2
2021-12-18,27.4,18.2,81,14.1,4.73,921.0
2021-12-19,24.4,17.4,77,16.6,4.2,920.7
2021-12-20,24.1,17.6,74,17.2,4.3,920.5
2021-12-21,26.0,17.3,76,14.8,4.56,919.4
2021-12-22,28.4,17.8,73,13.8,5.37,918.4
2021-12-23,28.6,19.5,82,12.5,4.27,916.9
2021-12-24,25.7,17.1,70,10.1,4.3,916.8
2021-12-25,25.1,16.7,73,15.6,4.84,919.0
2021-12-26,26.9,17.1,70,13.3,5.59,920.0
2021-12-27,28.7,17.7,67,12.9,6.03,920.1
2021-12-28,27.7,18.4,78,13.8,4.7,921.7
2021-12-29,26.6,17.9,85,12.9,3.52,922.4
2021-12-30,25.0,18.9,86,14.3,2.55,920.4
2021-12-31,22.9,18.8,84,12.9,2.05,919.1
2022-01-01,26.2,19.4,85,15.5,3.08,920.1
2022-01-02,26.1,19.5,86,13.4,3.37,921.1
2022-01-03,25.5,18.7,86,14.6,2.39,920.5
2022-01-04,25.6,19.5,80,13.8,3.44,919.6
2022-01-05,26.6,19.2,81,17.6,3.19,918.5
2022-01-06,22.9,19.7,92,16.4,1.75,918.2
2022-01-07,22.5,19.5,95,17.9,0.99,918.1
2022-01-08,22.9,19.3,94,15.6,1.18,918.1
2022-01-09,22.9,18.8,92,14.5,1.33,919.6
2022-01-10,25.4,19.3,91,16.6,2.54,919.5
2022-01-11,25.8,19.1,88,18.4,3.37,920.0
2022-01-12,27.3,18.5,81,11.4,4.75,922.0
2022-01-13,28.8,18.2,73,10.7,5.57,924.6
2022-01-14,29.0,18.7,66,12.0,6.45,926.4
2022-01-15,28.2,17.3,69,9.8,5.68,925.4
2022-01-16,26.6,19.5,78,9.0,4.07,923.6
2022-01-17,27.7,18.6,78,13.8,5.31,923.3
2022-01-18,27.8,18.6,76,11.7,5.48,924.1
2022-01-19,28.7,19.0,72,11.4,5.64,925.1
2022-01-20,28.2,19.2,74,10.7,5.52,924.1
2022-01-21,28.0,19.5,77,10.5,4.74,922.2
2022-01-22,28.5,18.2,65,11.5,5.73,922.2
2022-01-23,28.8,18.5,65,12.3,6.07,922.1
2022-01-24,28.5,18.3,67,11.9,5.79,921.6
2022-01-25,28.3,17.9,64,12.1,5.87,921.4
2022-01-26,28.4,18.4,70,12.7,5.54,921.5
2022-01-27,28.6,17.7,72,10.9,5.65,920.7
2022-01-28,28.3,18.3,73,12.5,5.14,919.0
2022-01-29,27.5,18.6,80,16.6,4.04,919.6
2022-01-30,27.8,18.6,78,15.9,4.27,921.1
2022-01-31,24.1,19.3,88,14.9,1.99,921.3
2022-02-01,26.3,18.2,85,12.8,3.39,921.6
2022-02-02,25.1,19.3,90,11.4,2.67,922.7
2022-02-03,27.7,18.5,85,11.8,3.72,922.3
2022-02-04,27.5,19.8,85,9.0,3.97,921.8
2022-02-05,24.3,20.1,89,10.1,2.31,920.8
2022-02-06,23.9,19.9,91,9.8,1.99,921.1
2022-02-07,24.3,19.5,91,13.6,2.07,920.7
2022-02-08,26.5,19.3,85,13.4,3.7,920.1
2022-02-09,22.5,19.3,90,12.7,1.91,919.5
2022-02-10,25.2,19.0,89,12.3,2.43,920.2
2022-02-11,25.3,19.5,85,9.9,2.76,920.6
2022-02-12,24.4,19.2,86,9.6,2.45,920.8
2022-02-13,26.5,17.3,82,13.7,4.72,920.4
2022-02-14,27.3,17.9,83,14.5,4.44,920.5
2022-02-15,25.6,18.7,86,14.9,3.89,921.7
2022-02-16,27.0,18.8,81,15.2,4.3,922.2
2022-02-17,26.8,18.4,83,11.0,3.97,921.1
2022-02-18,24.6,18.4,87,10.3,2.63,918.5
2022-02-19,25.7,18.1,88,12.0,3.19,919.8
2022-02-20,26.2,18.7,86,7.4,3.33,922.9
2022-02-21,26.5,18.4,84,6.7,4.07,924.0
2022-02-22,27.7,18.5,82,9.0,4.53,923.2
2022-02-23,27.9,17.4,73,8.5,5.24,921.8
2022-02-24,28.2,18.4,78,8.6,4.95,922.8
2022-02-25,28.2,18.7,75,13.8,5.21,924.4
2022-02-26,28.8,18.8,70,13.4,5.56,924.4
2022-02-27,27.4,18.0,75,13.6,4.88,923.0
2022-02-28,27.3,17.6,68,13.4,5.38,922.6
2022-03-01,27.4,16.7,71,13.2,5.25,922.7
2022-03-02,28.4,17.9,66,11.9,5.47,923.2
2022-03-03,28.2,17.2,67,12.4,5.35,922.9
2022-03-04,28.4,17.8,68,10.8,5.26,922.7
2022-03-05,27.4,18.5,70,10.6,5.01,922.4
2022-03-06,28.3,17.3,66,10.8,5.47,922.4
2022-03-07,28.1,17.9,68,11.6,5.27,922.1
2022-03-08,28.8,17.4,63,12.0,5.54,922.2
2022-03-09,28.4,18.4,65,13.0,5.37,922.6
2022-03-10,27.7,17.9,69,13.9,5.08,922.6
2022-03-11,28.8,18.3,71,9.9,5.03,922.0
2022-03-12,29.1,18.8,66,9.2,4.93,921.9
2022-03-13,29.3,20.5,68,10.5,4.83,922.5
2022-03-14,28.8,19.3,64,10.5,5.06,920.7
2022-03-15,29.6,19.2,64,11.3,5.24,920.9
2022-03-16,28.5,19.4,70,16.5,4.84,922.3
2022-03-17,28.9,19.5,67,14.7,4.95,923.6
2022-03-18,29.8,18.7,66,16.3,5.36,923.6
2022-03-19,29.1,16.6,56,12.4,5.66,922.5
2022-03-20,29.7,17.1,60,11.2,5.33,922.0
2022-03-21,25.9,18.3,72,19.6,4.11,923.8
2022-03-22,25.9,16.0,65,17.3,4.84,924.9
2022-03-23,26.3,15.8,72,18.8,3.94,924.6
2022-03-24,27.9,17.4,72,15.3,4.17,923.4
2022-03-25,29.4,16.9,69,9.9,5.06,921.7
2022-03-26,30.6,18.9,65,9.0,5.05,920.7
2022-03-27,30.2,19.8,59,15.1,5.39,922.2
2022-03-28,29.4,18.4,66,14.2,5.11,923.7
2022-03-29,28.6,19.1,67,12.1,4.47,923.1
2022-03-30,29.7,17.7,62,8.0,4.97,921.1
2022-03-31,30.5,18.7,58,10.9,5.18,921.4
2022-04-01,28.6,19.3,74,14.8,3.89,924.3
2022-04-02,28.7,18.3,77,13.1,4.29,924.7
2022-04-03,26.7,18.9,77,13.6,3.03,924.5
2022-04-04,28.7,19.1,70,13.3,4.41,923.9
2022-04-05,29.2,17.4,68,10.6,4.67,923.1
2022-04-06,29.1,18.6,71,13.6,4.44,922.7
2022-04-07,28.8,18.9,75,11.3,4.04,922.5
2022-04-08,29.0,18.5,71,12.7,3.92,923.1
2022-04-09,27.9,19.3,78,15.8,3.38,922.3
2022-04-10,28.5,18.8,74,10.2,3.8,920.4
2022-04-11,28.4,18.5,70,13.0,4.08,921.1
2022-04-12,29.4,18.4,68,9.4,4.2,921.1
2022-04-13,29.9,18.6,70,8.6,3.69,919.8
2022-04-14,29.2,19.2,80,12.3,4.03,918.7
2022-04-15,25.2,17.3,75,13.4,3.63,919.6
2022-04-16,26.0,13.8,62,13.6,4.52,922.4
2022-04-17,25.4,13.8,60,17.6,4.33,923.5
2022-04-18,24.7,13.4,59,13.3,4.14,924.0
2022-04-19,25.7,13.5,60,11.4,4.52,924.1
2022-04-20,27.3,13.8,57,14.4,4.66,923.7
2022-04-21,27.8,15.2,57,11.6,4.61,922.4
2022-04-22,28.3,14.5,58,12.2,4.21,920.6
2022-04-23,30.0,15.1,56,20.2,4.99,921.1
2022-04-24,29.8,18.2,54,15.1,4.92,924.2
2022-04-25,26.3,19.0,72,15.1,3.31,925.8
2022-04-26,27.4,17.5,71,9.7,4.02,924.8
2022-04-27,26.9,17.2,66,15.8,4.2,924.5
2022-04-28,28.7,16.5,60,11.4,4.56,925.5
2022-04-29,28.3,15.1,62,12.6,4.25,924.7
2022-04-30,26.6,16.4,66,11.0,4.03,924.5
2022-05-01,27.0,15.4,63,11.2,4.03,923.8
2022-05-02,28.4,14.9,63,9.5,4.01,923.5
2022-05-03,27.8,15.9,61,9.8,3.85,922.9
2022-05-04,27.8,16.6,65,19.3,3.84,921.2
2022-05-05,23.5,17.1,83,9.5,2.44,923.4
2022-05-06,26.9,16.6,73,12.4,3.65,925.5
2022-05-07,24.9,18.2,74,13.6,3.17,926.3
2022-05-08,25.4,15.2,68,13.0,3.27,925.9
2022-05-09,24.8,13.1,65,10.5,3.83,925.6
2022-05-10,24.3,11.1,65,9.2,3.75,923.9
2022-05-11,25.9,11.4,61,12.1,3.85,922.3
2022-05-12,26.8,14.6,63,13.3,3.4,922.0
2022-05-13,26.3,15.4,68,11.3,3.37,924.1
2022-05-14,26.1,16.0,68,14.2,3.52,924.4
2022-05-15,24.6,15.5,74,13.4,2.29,922.7
2022-05-16,24.7,16.4,81,12.3,2.22,922.2
2022-05-17,22.5,14.2,78,20.6,2.69,921.3
2022-05-18,16.6,9.8,54,21.7,3.68,919.6
2022-05-19,17.7,6.5,63,15.3,3.21,920.4
2022-05-20,20.7,5.2,62,10.9,3.41,924.4
2022-05-21,21.8,8.7,56,13.9,3.67,927.1
2022-05-22,22.5,10.0,57,13.4,3.75,927.4
2022-05-23,22.9,11.6,58,11.8,3.5,927.0
2022-05-24,23.1,12.5,62,14.8,3.46,928.0
2022-05-25,22.8,11.5,72,17.0,2.51,929.5
2022-05-26,23.8,13.8,69,15.1,3.14,929.3
2022-05-27,24.1,13.8,66,11.8,3.41,927.5
2022-05-28,24.8,11.9,68,13.0,3.15,925.1
2022-05-29,26.2,13.0,71,10.6,3.37,923.1
2022-05-30,26.8,12.2,68,8.8,3.58,921.7
2022-05-31,27.8,13.6,58,9.7,3.5,921.9
2022-06-01,26.4,16.0,66,12.9,3.58,923.2
2022-06-02,27.6,14.0,65,9.7,3.58,922.8
2022-06-03,28.6,14.2,64,12.3,3.45,923.5
2022-06-04,25.4,15.7,66,15.5,3.53,925.8
2022-06-05,22.7,11.4,67,11.1,3.39,926.3
2022-06-06,22.8,9.9,65,10.7,3.27,924.4
2022-06-07,24.7,9.6,62,7.4,3.21,922.0
2022-06-08,26.4,11.6,59,7.7,3.35,921.5
2022-06-09,26.7,15.6,59,11.5,3.56,923.1
2022-06-10,27.2,14.8,58,14.3,3.61,922.7
2022-06-11,25.7,15.3,69,13.4,2.99,922.4
2022-06-12,24.5,15.6,71,13.1,2.48,923.1
2022-06-13,24.2,10.7,55,12.3,3.33,924.6
2022-06-14,22.0,9.6,58,15.5,3.58,926.2
2022-06-15,20.9,12.0,64,12.3,2.71,926.3
2022-06-16,23.8,9.3,66,10.5,3.22,924.6
2022-06-17,24.4,9.6,61,8.0,3.32,922.0
2022-06-18,26.4,11.1,53,12.2,3.54,923.4
2022-06-19,24.4,13.4,68,14.1,3.11,926.1
2022-06-20,23.9,14.4,72,13.9,3.06,926.9
2022-06-21,24.1,13.2,71,12.2,3.23,926.3
2022-06-22,25.4,11.7,65,9.4,3.25,925.2
2022-06-23,25.4,11.5,62,8.9,3.35,925.8
2022-06-24,25.4,11.7,59,10.1,3.36,925.9
2022-06-25,26.3,11.5,57,11.9,3.69,924.9
2022-06-26,23.9,13.0,66,15.0,3.31,925.3
2022-06-27,20.9,11.9,71,14.4,2.8,926.3
2022-06-28,21.9,10.0,70,11.4,2.93,925.8
2022-06-29,24.7,8.7,67,13.0,3.32,924.2
2022-06-30,25.8,11.6,59,11.4,3.48,924.1
2022-07-01,23.7,12.2,64,13.0,3.51,925.8
2022-07-02,23.4,13.5,68,15.1,3.33,928.6
2022-07-03,24.4,12.6,67,10.4,3.44,929.5
2022-07-04,23.4,11.7,66,13.7,3.44,928.6
2022-07-05,23.6,12.9,66,12.0,2.8,927.3
2022-07-06,24.1,12.5,65,13.0,3.46,926.6
2022-07-07,23.6,11.8,59,10.7,3.53,927.3
2022-07-08,23.3,10.7,58,9.2,3.4,929.0
2022-07-09,23.8,12.5,63,15.5,3.27,929.0
2022-07-10,23.0,13.6,67,14.1,3.33,927.8
2022-07-11,24.0,12.1,64,14.7,3.38,925.2
2022-07-12,25.2,11.3,57,15.0,3.25,925.0
2022-07-13,25.6,12.0,59,14.3,3.79,926.1
2022-07-14,24.4,14.8,65,16.2,3.47,926.7
2022-07-15,26.2,13.9,66,14.2,3.4,925.5
2022-07-16,25.9,13.4,63,9.2,3.42,924.5
2022-07-17,28.1,11.7,63,13.2,3.61,926.4
2022-07-18,25.4,12.3,65,14.8,3.77,928.4
2022-07-19,25.1,13.6,65,11.2,3.56,928.4
2022-07-20,25.4,11.6,64,16.3,3.81,926.3
2022-07-21,25.4,13.0,64,11.6,3.57,925.8
2022-07-22,24.8,12.2,62,11.1,3.71,925.5
2022-07-23,25.3,12.3,61,12.2,3.78,925.6
2022-07-24,24.7,12.2,65,13.4,3.69,926.4
2022-07-25,24.5,12.4,66,11.4,3.53,926.9
2022-07-26,24.7,11.5,65,11.5,3.64,926.8
2022-07-27,24.0,11.4,65,12.7,3.52,926.3
2022-07-28,25.0,11.0,59,8.0,3.74,923.2
2022-07-29,27.7,11.7,52,19.8,4.44,921.3
2022-07-30,27.3,13.8,51,17.8,3.85,922.4
2022-07-31,25.4,15.3,68,16.7,3.43,925.5
2022-08-01,25.5,15.1,68,14.6,3.52,925.2
2022-08-02,27.6,14.5,58,14.4,3.62,924.8
2022-08-03,27.1,14.4,57,11.2,4.22,924.7
2022-08-04,27.4,13.9,51,10.5,4.33,923.5
2022-08-05,29.6,12.9,48,11.6,4.33,922.6
2022-08-06,28.1,15.8,51,15.1,4.9,923.6
2022-08-07,29.8,15.6,52,14.5,4.63,923.3
2022-08-08,30.1,17.2,52,16.6,4.47,923.4
2022-08-09,28.3,16.1,61,13.4,3.91,924.6
2022-08-10,26.8,15.4,62,30.7,3.98,922.2
2022-08-11,24.8,9.2,50,20.7,4.14,923.8
2022-08-12,23.9,11.5,55,19.1,4.49,927.7
2022-08-13,24.8,12.6,55,15.2,4.5,929.0
2022-08-14,23.8,11.8,55,13.4,4.27,927.7
2022-08-15,24.6,11.6,55,13.8,4.39,925.3
2022-08-16,28.5,12.6,53,14.2,4.58,924.7
2022-08-17,29.1,15.8,50,19.5,5.39,924.0
2022-08-18,28.4,15.1,52,18.2,5.16,924.3
2022-08-19,29.3,14.6,52,23.3,5.15,926.6
2022-08-20,22.0,12.4,62,19.6,4.02,929.6
2022-08-21,22.1,10.8,62,16.6,3.62,929.2
2022-08-22,24.2,9.0,53,12.3,4.54,928.0
2022-08-23,25.7,11.4,56,14.6,4.53,928.1
2022-08-24,26.2,12.3,53,10.5,4.59,927.9
2022-08-25,24.9,13.8,61,14.8,4.06,928.1
2022-08-26,25.2,15.3,63,16.2,3.7,927.8
2022-08-27,26.9,15.2,53,16.7,4.65,926.1
2022-08-28,29.1,14.8,44,13.5,4.19,925.4
2022-08-29,27.4,15.2,54,20.4,4.7,926.4
2022-08-30,22.6,11.7,58,20.5,4.47,928.6
2022-08-31,21.7,8.6,54,14.8,4.5,928.4
2022-09-01,22.9,9.4,55,16.8,4.65,927.0
2022-09-02,24.9,11.9,53,14.7,4.49,926.0
2022-09-03,28.9,11.0,43,11.9,5.04,924.6
2022-09-04,27.9,14.8,49,17.2,5.52,925.9
2022-09-05,23.7,15.5,65,17.7,3.34,928.7
2022-09-06,24.4,14.6,61,16.6,3.86,929.6
2022-09-07,23.1,11.8,56,16.0,4.2,927.6
2022-09-08,28.2,13.1,57,13.0,4.86,925.4
2022-09-09,29.9,14.4,46,14.0,5.44,925.2
2022-09-10,32.5,14.3,40,14.0,5.5,924.2
2022-09-11,31.6,17.7,41,16.7,5.89,923.6
2022-09-12,29.3,16.8,57,18.4,5.52,923.6
2022-09-13,32.5,16.7,52,18.4,5.78,921.8
2022-09-14,34.6,17.9,38,17.3,6.12,921.7
2022-09-15,31.5,18.0,51,18.0,5.54,923.4
2022-09-16,29.6,17.3,66,17.8,4.3,923.9
2022-09-17,19.6,14.6,75,16.5,2.32,924.4
2022-09-18,22.4,13.9,66,14.5,3.41,924.0
2022-09-19,26.8,13.4,66,17.0,4.78,922.6
2022-09-20,28.9,15.1,65,12.8,4.67,921.0
2022-09-21,30.8,18.2,67,14.6,4.54,920.2
2022-09-22,26.9,19.3,76,19.0,2.78,920.4
2022-09-23,30.2,19.2,63,18.5,4.95,920.8
2022-09-24,28.3,14.2,56,18.5,5.44,923.5
2022-09-25,27.8,16.8,63,17.7,5.15,924.9
2022-09-26,29.5,16.5,60,17.2,5.45,924.7
2022-09-27,24.3,19.1,77,15.3,2.04,924.4
2022-09-28,29.1,17.8,75,11.8,3.52,923.1
2022-09-29,25.1,17.5,76,14.7,2.91,924.0
2022-09-30,24.3,16.9,71,16.9,3.53,925.6
2022-10-01,27.7,16.8,69,12.3,3.67,925.0
2022-10-02,30.3,17.2,59,13.6,5.12,923.7
2022-10-03,30.0,18.4,69,16.8,4.39,922.5
2022-10-04,29.1,17.8,76,15.7,3.95,921.7
2022-10-05,28.9,16.7,73,17.1,5.01,922.2
2022-10-06,28.3,19.2,70,19.3,4.87,922.6
2022-10-07,27.9,19.4,77,26.0,3.54,921.0
2022-10-08,27.8,18.1,75,14.2,3.27,921.7
2022-10-09,28.9,20.0,66,16.6,3.63,924.0
2022-10-10,30.1,19.4,64,16.0,5.84,926.3
2022-10-11,29.8,19.1,59,20.0,6.06,927.2
2022-10-12,30.9,18.0,49,17.1,6.71,925.0
2022-10-13,30.2,17.6,51,16.3,6.43,925.2
2022-10-14,30.3,17.3,54,14.6,6.26,926.1
2022-10-15,28.7,18.0,54,18.5,5.37,927.1
2022-10-16,28.1,15.7,50,14.8,6.14,924.6
2022-10-17,29.8,16.4,50,17.9,6.01,923.4
2022-10-18,29.6,17.7,52,16.9,5.74,925.2
2022-10-19,29.2,18.8,65,19.9,5.42,925.0
2022-10-20,28.5,18.2,66,17.4,4.98,922.4
2022-10-21,28.4,17.9,76,17.3,4.17,920.8
2022-10-22,26.0,18.4,76,16.6,3.85,921.3
2022-10-23,24.9,18.2,80,14.1,2.4,923.3
2022-10-24,26.6,17.6,78,14.5,3.93,922.8
2022-10-25,27.6,16.7,70,14.0,4.88,922.0
2022-10-26,27.8,17.6,65,16.1,5.26,922.1
2022-10-27,29.2,18.2,61,15.9,5.78,922.2
2022-10-28,30.0,19.4,57,15.5,5.81,922.2
2022-10-29,30.6,18.3,63,14.7,4.32,921.0
2022-10-30,30.2,21.2,66,16.6,4.17,919.5
2022-10-31,27.6,19.9,82,12.4,3.6,920.2
2022-11-01,28.3,18.9,78,19.0,3.93,921.3
2022-11-02,20.9,15.1,76,21.1,2.77,923.4
2022-11-03,16.9,14.0,77,17.9,1.77,924.0
2022-11-04,21.1,11.9,67,16.8,3.98,923.3
2022-11-05,24.5,11.1,62,15.5,4.73,923.2
2022-11-06,25.3,12.4,57,14.2,5.58,923.6
2022-11-07,26.8,15.0,65,15.2,5.31,923.1
2022-11-08,27.3,15.7,75,12.9,4.62,923.2
2022-11-09,25.7,17.1,79,14.9,4.0,923.2
2022-11-10,28.4,17.1,68,12.2,5.05,922.8
2022-11-11,29.9,18.7,73,15.9,5.12,922.0
2022-11-12,24.0,18.4,86,14.2,3.38,921.2
2022-11-13,28.8,17.3,73,10.2,5.31,920.9
2022-11-14,29.2,19.0,80,15.7,4.57,921.7
2022-11-15,26.5,19.1,87,13.3,3.23,922.6
2022-11-16,25.5,18.8,83,10.8,3.24,922.1
2022-11-17,26.8,16.2,65,13.5,5.62,922.1
2022-11-18,26.0,14.8,63,15.1,5.71,921.9
2022-11-19,25.0,14.7,63,11.5,4.71,922.9
2022-11-20,25.9,16.3,64,9.4,5.36,922.8
2022-11-21,26.8,16.3,67,17.7,5.75,922.1
2022-11-22,26.6,18.9,72,17.9,4.85,922.2
2022-11-23,25.2,18.7,79,14.5,2.87,920.8
2022-11-24,23.4,17.7,85,10.2,2.57,919.2
2022-11-25,27.8,14.5,72,14.0,5.86,919.0
2022-11-26,26.8,18.1,79,15.0,4.02,919.9
2022-11-27,27.7,17.0,78,9.4,4.79,919.0
2022-11-28,28.5,17.8,77,14.6,4.7,916.0
2022-11-29,27.6,17.7,79,9.4,5.05,914.3
2022-11-30,27.4,17.4,80,12.8,4.66,915.3
2022-12-01,27.3,17.8,80,14.8,5.0,918.5
2022-12-02,27.9,19.7,81,17.2,3.93,921.0
2022-12-03,24.1,18.9,80,17.4,2.96,922.2
2022-12-04,25.6,19.0,80,16.6,3.07,921.4
2022-12-05,25.3,18.7,75,17.3,3.35,922.6
2022-12-06,21.6,18.2,85,9.3,1.9,924.1
2022-12-07,23.7,18.0,90,10.4,2.23,921.3
2022-12-08,27.8,18.7,77,8.3,4.77,918.1
2022-12-09,29.1,18.4,68,13.8,5.85,918.6
2022-12-10,28.9,18.6,76,16.0,5.42,920.7
2022-12-11,27.7,19.2,81,14.0,4.35,920.6
2022-12-12,27.6,18.7,85,14.4,3.83,918.3
2022-12-13,26.0,19.8,89,20.8,2.68,916.4
2022-12-14,21.8,18.4,83,16.1,1.75,918.4
2022-12-15,22.5,16.6,78,17.0,2.87,920.3
2022-12-16,26.1,15.1,77,11.2,4.78,917.5
2022-12-17,25.6,17.3,84,11.6,3.53,917.1
2022-12-18,25.5,18.8,81,14.4,4.01,920.0
2022-12-19,21.9,19.4,89,13.9,1.5,920.7
2022-12-20,21.7,18.7,94,15.5,1.25,918.9
2022-12-21,23.5,18.6,89,11.5,2.2,917.5
2022-12-22,25.0,16.4,77,13.6,4.27,919.2
2022-12-23,23.8,16.6,74,16.6,4.06,921.3
2022-12-24,25.3,17.7,78,15.6,4.56,922.1
2022-12-25,25.2,18.9,79,20.2,4.26,922.7
2022-12-26,25.3,18.3,86,16.9,3.08,922.7
2022-12-27,24.5,19.0,83,13.9,2.0,922.7
2022-12-28,26.6,18.2,76,9.0,4.12,922.4
2022-12-29,27.6,19.0,76,14.0,4.63,922.9
2022-12-30,27.5,18.3,76,11.3,4.09,922.8
2022-12-31,26.2,19.7,75,14.3,4.27,923.9
2023-01-01,25.4,19.4,82,15.1,3.35,923.4
2023-01-02,24.8,17.4,84,13.2,3.88,921.8
2023-01-03,26.0,18.0,85,19.6,3.9,921.0
2023-01-04,26.2,19.2,87,16.7,3.4,920.5
2023-01-05,24.5,18.4,90,13.6,2.43,920.3
2023-01-06,23.1,19.4,92,8.3,1.71,922.0
2023-01-07,24.5,19.3,85,9.5,2.76,923.5
2023-01-08,22.4,19.0,91,10.7,1.79,923.5
2023-01-09,26.1,18.3,85,11.1,4.2,922.9
2023-01-10,26.5,18.7,85,7.3,3.57,923.4
2023-01-11,26.1,17.9,85,14.2,3.94,923.1
2023-01-12,23.6,18.0,87,11.7,2.5,921.7
2023-01-13,28.3,17.7,80,9.0,5.13,921.3
2023-01-14,28.3,19.1,81,12.5,4.93,922.7
2023-01-15,28.7,19.7,76,9.8,5.26,923.3
2023-01-16,27.6,18.5,66,13.5,5.84,922.4
2023-01-17,27.9,17.5,68,13.2,5.64,923.2
2023-01-18,27.9,19.6,76,13.1,5.1,924.1
2023-01-19,27.0,18.0,82,11.2,3.86,923.5
2023-01-20,24.5,18.6,87,14.1,2.78,921.9
2023-01-21,22.3,17.7,92,16.8,1.91,919.8
2023-01-22,25.0,18.2,88,17.6,2.91,919.0
2023-01-23,25.4,19.0,89,14.2,2.77,920.1
2023-01-24,25.5,19.3,91,16.9,2.56,919.4
2023-01-25,25.8,19.3,87,12.4,3.29,919.3
2023-01-26,26.7,18.4,81,11.6,4.25,920.4
2023-01-27,26.2,18.7,82,12.6,4.31,922.0
2023-01-28,27.7,19.0,74,9.0,5.32,923.3
2023-01-29,27.6,18.8,77,12.2,5.33,922.3
2023-01-30,26.9,18.4,80,16.3,4.71,921.6
2023-01-31,27.6,18.3,71,14.8,5.06,922.3
2023-02-01,27.9,18.0,70,12.9,5.54,922.6
2023-02-02,27.9,18.6,69,10.8,4.39,922.9
2023-02-03,28.7,17.0,68,7.9,5.58,922.5
2023-02-04,29.4,18.1,69,10.2,5.72,923.0
2023-02-05,29.8,18.7,72,12.0,5.34,922.4
2023-02-06,28.3,19.8,79,10.9,4.51,921.9
2023-02-07,28.8,19.2,78,14.8,4.9,922.2
2023-02-08,27.3,18.8,84,13.1,4.17,922.0
2023-02-09,26.4,18.0,84,11.3,4.15,922.6
2023-02-10,27.9,18.4,80,14.5,4.97,922.6
2023-02-11,28.2,18.5,70,9.1,5.01,922.5
2023-02-12,28.7,19.9,75,10.5,5.08,922.2
2023-02-13,29.0,19.0,75,8.7,5.25,922.0
2023-02-14,29.3,19.3,77,8.8,5.26,921.5
2023-02-15,28.9,19.6,74,11.7,5.33,920.2
2023-02-16,28.5,20.0,81,8.4,4.13,918.6
2023-02-17,29.2,20.4,76,13.7,4.75,919.6
2023-02-18,27.7,20.1,83,13.7,3.45,921.6
2023-02-19,27.9,19.3,76,23.1,5.09,923.0
2023-02-20,27.9,19.4,76,17.2,5.15,923.4
2023-02-21,28.0,18.3,73,13.0,5.23,923.8
2023-02-22,28.7,18.3,74,10.9,5.04,925.0
2023-02-23,29.0,18.4,75,10.0,4.56,924.7
2023-02-24,27.6,18.8,72,11.9,5.05,923.1
2023-02-25,29.0,19.4,66,13.7,4.67,922.8
2023-02-26,29.6,19.4,66,10.5,5.68,924.4
2023-02-27,29.6,17.5,64,14.5,5.39,925.2
2023-02-28,29.0,18.1,67,11.5,5.06,925.6
2023-03-01,29.7,18.1,64,13.3,5.69,924.5
2023-03-02,29.2,19.1,67,9.5,5.02,923.1
2023-03-03,29.0,19.6,64,12.8,5.46,923.2
2023-03-04,29.9,18.2,60,12.2,5.74,923.2
2023-03-05,29.8,18.3,58,12.1,5.73,921.3
2023-03-06,29.3,19.5,59,10.0,4.81,921.0
2023-03-07,29.8,20.1,65,18.9,5.14,922.5
2023-03-08,29.2,19.8,74,15.5,4.36,923.6
2023-03-09,27.9,18.9,71,13.1,3.98,923.8
2023-03-10,29.0,20.0,67,15.8,4.71,923.5
2023-03-11,28.4,19.3,61,10.4,4.35,922.8
2023-03-12,28.1,19.6,72,13.0,3.87,923.0
2023-03-13,27.5,19.5,75,13.0,3.76,923.6
2023-03-14,25.4,18.9,77,13.7,2.64,923.7
2023-03-15,28.3,17.5,71,14.7,4.83,923.0
2023-03-16,28.8,18.3,67,15.3,5.33,922.6
2023-03-17,28.9,16.9,64,11.4,5.35,922.8
2023-03-18,29.0,18.8,70,13.0,4.5,923.3
2023-03-19,29.1,19.0,71,12.7,4.69,923.5
2023-03-20,28.5,18.4,69,10.5,4.84,923.4
2023-03-21,29.8,18.6,66,11.6,5.11,923.9
2023-03-22,29.7,18.3,65,12.7,5.28,925.1
2023-03-23,28.8,19.1,65,15.5,5.01,925.5
2023-03-24,29.8,17.2,61,10.4,4.96,924.3
2023-03-25,31.1,17.2,54,13.0,5.3,923.4
2023-03-26,31.3,18.3,56,10.1,5.57,923.7
2023-03-27,29.7,18.2,62,17.2,4.88,922.9
2023-03-28,29.8,18.9,72,15.2,4.26,923.8
2023-03-29,28.9,19.4,67,14.8,4.32,924.2
2023-03-30,29.8,17.6,55,10.1,5.45,924.2
2023-03-31,30.3,16.2,46,8.0,5.38,922.9
2023-04-01,30.1,17.4,58,14.8,4.58,920.7
2023-04-02,28.2,19.2,68,14.0,4.16,922.1
2023-04-03,25.6,19.3,72,13.8,3.39,923.2
2023-04-04,27.6,16.1,66,12.3,4.14,922.4
2023-04-05,28.1,16.0,65,10.7,4.54,921.8
2023-04-06,28.9,19.0,67,12.9,4.5,922.0
2023-04-07,29.2,19.4,71,16.0,4.05,922.3
2023-04-08,28.4,19.2,79,17.1,3.92,922.2
2023-04-09,25.1,18.9,79,12.7,2.55,923.7
2023-04-10,25.2,17.3,75,12.1,3.89,924.8
2023-04-11,24.8,16.5,74,12.4,2.99,924.1
2023-04-12,25.5,17.2,78,9.8,2.94,923.0
2023-04-13,27.6,18.0,75,10.2,3.98,920.9
2023-04-14,29.1,18.4,80,12.3,3.49,921.1
2023-04-15,27.2,19.4,80,15.0,3.19,921.8
2023-04-16,27.3,16.6,69,14.2,4.21,922.0
2023-04-17,28.0,16.0,68,8.9,4.06,918.8
2023-04-18,30.1,17.1,64,16.3,4.52,916.6
2023-04-19,27.6,19.6,77,21.5,3.02,918.3
2023-04-20,25.8,17.0,65,9.8,4.26,921.6
2023-04-21,23.9,14.9,68,15.5,3.79,924.0
2023-04-22,22.0,15.6,76,17.0,2.17,924.9
2023-04-23,23.8,15.2,74,13.3,3.02,925.3
2023-04-24,24.6,13.9,67,12.0,3.61,926.0
2023-04-25,26.4,13.9,67,12.4,3.72,925.7
2023-04-26,26.6,15.6,72,14.5,3.27,924.2
2023-04-27,27.2,16.1,73,12.8,3.31,921.9
2023-04-28,27.4,17.7,83,12.2,2.94,922.8
2023-04-29,25.0,17.8,83,17.9,2.36,924.3
2023-04-30,24.3,16.2,80,12.2,3.16,924.4
2023-05-01,25.8,15.3,74,10.8,3.63,923.3
2023-05-02,25.5,13.8,68,9.6,3.64,921.9
2023-05-03,26.8,14.1,66,10.5,3.81,922.5
2023-05-04,27.2,15.4,69,9.2,3.86,924.2
2023-05-05,27.8,15.8,69,15.2,3.84,925.5
2023-05-06,25.8,15.3,70,13.3,3.61,925.4
2023-05-07,25.6,14.4,70,11.7,3.3,924.8
2023-05-08,26.5,14.1,71,14.1,3.66,924.8
2023-05-09,26.4,14.3,70,8.9,3.64,924.3
2023-05-10,26.0,16.3,73,12.4,2.91,923.0
2023-05-11,26.8,15.8,71,9.7,3.43,920.9
2023-05-12,27.1,16.1,70,13.1,3.67,922.0
2023-05-13,25.3,15.0,71,9.8,3.23,923.4
2023-05-14,26.3,14.8,73,11.9,3.28,925.6
2023-05-15,26.8,14.8,70,11.2,3.66,925.1
2023-05-16,26.2,12.3,59,10.5,3.95,923.6
2023-05-17,24.8,10.7,61,12.3,3.77,923.9
2023-05-18,24.2,10.4,62,11.4,3.6,925.4
2023-05-19,23.2,9.7,67,13.5,3.55,925.1
2023-05-20,22.0,9.8,66,10.8,3.44,924.8
2023-05-21,22.5,9.9,68,16.6,3.4,924.3
2023-05-22,23.1,13.1,69,12.1,3.03,925.8
2023-05-23,22.3,12.3,74,14.2,2.34,926.4
2023-05-24,22.6,13.7,79,15.5,2.3,926.4
2023-05-25,24.0,14.9,71,18.4,3.28,927.4
2023-05-26,23.2,12.9,76,19.3,2.59,927.1
2023-05-27,24.6,14.6,69,9.6,3.32,926.1
2023-05-28,25.2,12.6,67,8.9,3.11,923.7
2023-05-29,21.4,13.8,77,11.8,1.65,923.8
2023-05-30,21.8,14.5,76,16.0,2.5,926.9
2023-05-31,24.9,15.5,72,13.7,3.02,926.2
2023-06-01,24.6,14.0,74,11.7,3.07,925.4
2023-06-02,23.6,12.7,72,13.4,3.28,925.4
2023-06-03,22.8,12.3,73,11.4,3.14,926.2
2023-06-04,22.6,10.1,72,7.6,3.16,927.2
2023-06-05,23.0,9.8,69,9.5,3.21,926.3
2023-06-06,22.0,10.4,70,11.2,3.12,926.2
2023-06-07,22.2,9.8,66,9.4,3.22,927.2
2023-06-08,23.0,10.3,66,11.4,3.26,927.2
2023-06-09,24.4,11.6,70,7.9,3.2,926.4
2023-06-10,25.1,12.2,69,7.6,3.21,925.5
2023-06-11,25.6,12.8,66,11.2,3.09,924.8
2023-06-12,26.1,13.5,68,10.2,3.15,925.0
2023-06-13,24.5,13.9,73,13.7,3.01,926.2
2023-06-14,24.3,15.4,71,13.3,3.18,925.8
2023-06-15,25.6,15.5,67,13.0,3.21,925.7
2023-06-16,25.6,16.2,72,9.5,2.56,925.7
2023-06-17,22.3,13.8,88,9.2,1.38,925.8
2023-06-18,22.1,13.0,82,11.4,2.35,926.2
2023-06-19,22.0,12.5,73,12.6,2.96,928.2
2023-06-20,21.2,11.3,72,12.0,2.53,928.3
2023-06-21,20.5,10.1,69,11.0,3.03,927.0
2023-06-22,20.7,10.7,68,10.2,3.07,926.7
2023-06-23,21.4,11.2,73,9.2,2.85,925.8
2023-06-24,22.7,10.2,70,7.8,2.86,925.8
2023-06-25,22.0,12.6,77,8.3,2.18,926.9
2023-06-26,23.8,11.2,74,14.8,3.06,926.8
2023-06-27,23.8,13.3,74,11.9,3.0,927.1
2023-06-28,24.2,10.4,68,9.0,3.13,926.6
2023-06-29,24.4,10.2,62,11.1,3.57,926.9
2023-06-30,23.9,12.2,64,11.8,3.36,928.2
2023-07-01,22.7,11.0,69,8.8,3.0,926.2
2023-07-02,24.5,9.9,62,9.1,3.19,923.8
2023-07-03,22.3,10.0,65,12.4,3.35,926.1
2023-07-04,21.0,8.9,64,11.6,3.28,927.5
2023-07-05,20.2,10.0,64,16.5,2.96,928.3
2023-07-06,20.4,9.1,67,12.1,2.78,926.3
2023-07-07,22.7,7.8,63,8.2,3.23,924.6
2023-07-08,25.2,9.2,59,17.5,3.61,923.0
2023-07-09,26.3,12.1,52,9.1,3.5,924.1
2023-07-10,26.6,14.6,61,12.2,3.57,925.0
2023-07-11,27.5,13.3,63,7.3,3.45,923.9
2023-07-12,28.1,13.8,58,9.5,3.47,921.5
2023-07-13,29.0,13.8,55,21.0,4.07,919.9
2023-07-14,24.0,14.3,62,15.1,2.67,922.0
2023-07-15,22.1,12.2,72,15.9,2.85,925.2
2023-07-16,24.7,13.9,75,13.8,2.95,925.8
2023-07-17,26.9,13.4,68,11.4,3.3,926.0
2023-07-18,27.5,14.3,65,8.6,3.48,927.8
2023-07-19,26.1,15.4,68,14.6,3.41,930.8
2023-07-20,23.9,16.9,68,22.7,3.44,932.5
2023-07-21,22.5,15.4,69,17.4,2.9,932.0
2023-07-22,22.0,14.2,69,18.0,2.71,930.6
2023-07-23,23.6,11.8,70,15.3,2.79,930.6
2023-07-24,23.5,15.0,75,14.8,2.9,929.8
2023-07-25,25.2,12.3,69,13.8,3.82,926.7
2023-07-26,25.0,15.0,72,16.2,3.38,926.6
2023-07-27,24.3,15.6,72,14.3,3.37,927.7
2023-07-28,25.4,14.7,66,11.1,3.53,928.0
2023-07-29,25.8,13.4,67,12.4,3.12,926.6
2023-07-30,23.1,15.5,76,14.6,2.87,928.9
2023-07-31,26.4,14.6,68,13.1,3.23,929.3
2023-08-01,24.5,12.4,68,11.6,3.78,928.5
2023-08-02,25.1,10.8,67,10.0,3.8,927.9
2023-08-03,27.3,10.1,63,10.2,3.81,925.8
2023-08-04,26.7,11.5,58,9.4,4.14,925.1
2023-08-05,27.5,12.4,53,11.9,4.38,926.5
2023-08-06,25.8,13.1,58,16.5,4.33,927.9
2023-08-07,26.9,10.7,52,8.4,4.13,927.6
2023-08-08,27.8,11.9,48,16.0,4.86,927.4
2023-08-09,24.8,14.8,70,22.0,3.0,928.5
2023-08-10,26.3,16.0,67,18.0,3.99,927.4
2023-08-11,28.1,14.5,64,11.0,4.01,926.3
2023-08-12,28.8,13.9,59,15.1,4.5,925.7
2023-08-13,27.2,15.6,63,13.9,4.02,926.1
2023-08-14,26.3,16.0,66,16.8,3.72,927.0
2023-08-15,25.9,16.5,67,14.8,3.6,927.2
2023-08-16,24.3,16.3,70,17.2,3.0,928.1
2023-08-17,25.2,16.5,68,15.0,3.15,926.5
2023-08-18,27.2,13.1,61,16.6,4.11,922.6
2023-08-19,29.4,13.3,58,18.5,4.5,920.2
2023-08-20,29.3,16.7,57,18.1,4.35,920.7
2023-08-21,23.5,14.8,71,13.7,2.81,921.7
2023-08-22,27.3,12.9,61,10.0,4.21,921.1
2023-08-23,30.2,12.4,56,8.0,4.5,920.1
2023-08-24,31.0,14.7,54,14.1,4.65,920.1
2023-08-25,30.0,17.3,53,13.8,3.98,919.6
2023-08-26,29.9,17.2,62,14.8,4.3,920.1
2023-08-27,19.8,16.3,79,16.5,2.04,923.5
2023-08-28,20.7,14.9,82,14.7,1.93,925.2
2023-08-29,25.0,16.1,78,15.2,2.87,925.9
2023-08-30,26.7,14.5,80,12.3,3.39,923.3
2023-08-31,27.8,15.4,75,11.9,4.05,924.3
2023-09-01,26.4,18.0,72,16.7,4.21,925.7
2023-09-02,26.5,17.1,73,18.0,3.85,925.7
2023-09-03,27.6,16.6,74,15.2,4.18,925.1
2023-09-04,28.4,16.8,70,13.8,4.56,925.0
2023-09-05,28.7,17.3,76,11.8,3.96,926.0
2023-09-06,25.1,19.0,73,20.6,3.63,927.8
2023-09-07,25.1,17.7,64,21.2,4.05,928.5
2023-09-08,25.1,15.6,64,17.0,4.7,927.0
2023-09-09,26.0,13.8,59,14.0,4.79,926.4
2023-09-10,25.8,15.5,59,15.1,4.78,926.6
2023-09-11,25.9,15.7,61,21.2,4.72,926.2
2023-09-12,27.7,15.4,55,17.3,5.37,925.7
2023-09-13,30.0,17.0,63,22.0,5.02,923.8
2023-09-14,31.7,16.7,58,16.6,5.47,922.7
2023-09-15,27.2,18.4,68,18.2,3.22,924.6
2023-09-16,28.2,18.0,66,17.9,4.88,925.7
2023-09-17,28.8,17.4,64,16.6,5.24,926.2
2023-09-18,28.7,16.8,62,14.4,5.12,925.8
2023-09-19,29.7,16.6,55,14.8,5.57,924.3
2023-09-20,28.9,17.4,62,14.8,5.36,924.8
2023-09-21,27.5,16.7,59,17.7,5.17,924.6
2023-09-22,29.2,15.7,54,14.1,5.34,923.2
2023-09-23,31.5,17.2,50,14.4,5.3,921.9
2023-09-24,33.1,19.0,50,13.1,5.6,921.1
2023-09-25,35.2,19.9,46,13.2,5.81,920.6
2023-09-26,33.7,22.4,45,17.9,5.5,920.0
2023-09-27,33.3,21.5,52,13.0,4.13,919.1
2023-09-28,34.2,20.6,64,17.9,4.6,921.1
2023-09-29,26.6,18.7,69,17.2,3.72,925.0
2023-09-30,27.0,18.4,68,17.9,4.5,924.4
2023-10-01,24.2,17.4,80,15.3,2.09,922.0
2023-10-02,28.8,18.6,83,16.7,3.64,920.3
2023-10-03,29.1,19.0,80,14.4,3.91,920.2
2023-10-04,31.3,18.7,71,9.7,5.19,919.8
2023-10-05,30.8,20.2,74,12.7,4.31,920.6
2023-10-06,29.7,20.1,75,11.6,3.81,923.0
2023-10-07,32.3,20.7,61,12.1,5.81,923.8
2023-10-08,30.6,21.5,54,18.9,6.13,923.3
2023-10-09,30.6,20.4,60,18.5,5.2,923.3
2023-10-10,29.5,20.4,72,17.1,4.93,924.2
2023-10-11,28.5,20.3,69,17.3,4.77,923.9
2023-10-12,31.9,18.8,63,12.1,5.18,921.3
2023-10-13,31.7,21.2,64,17.1,5.37,922.7
2023-10-14,28.2,20.6,74,18.0,4.59,925.6
2023-10-15,27.4,19.9,69,17.8,3.89,927.4
2023-10-16,29.4,19.4,65,15.6,5.14,925.8
2023-10-17,30.1,19.5,55,13.7,5.92,924.3
2023-10-18,30.8,20.0,59,16.7,5.23,923.3
2023-10-19,28.5,20.2,74,17.7,4.11,924.2
2023-10-20,27.4,19.1,73,16.3,4.05,924.1
2023-10-21,26.0,19.1,73,15.5,3.54,924.4
2023-10-22,28.2,18.1,67,16.4,4.63,924.3
2023-10-23,29.7,17.8,62,18.2,5.94,923.0
2023-10-24,32.1,16.4,54,10.9,5.85,919.6
2023-10-25,31.2,21.1,59,20.5,4.68,917.4
2023-10-26,31.7,19.6,76,14.3,5.15,917.7
2023-10-27,28.8,19.7,81,13.0,4.03,920.2
2023-10-28,27.7,20.4,83,13.7,3.47,921.5
2023-10-29,31.2,21.1,72,13.0,5.49,921.3
2023-10-30,30.2,21.3,75,11.9,4.77,920.8
2023-10-31,30.3,20.9,79,16.5,4.6,920.1
2023-11-01,28.4,20.7,81,12.2,4.03,919.8
2023-11-02,28.5,20.0,78,16.4,4.46,920.3
2023-11-03,29.5,20.5,75,15.3,4.83,920.1
2023-11-04,28.5,20.3,81,14.8,4.3,919.1
2023-11-05,29.9,18.3,71,16.0,5.96,920.7
2023-11-06,27.6,17.5,64,14.6,5.9,923.8
2023-11-07,26.7,15.4,61,14.2,6.17,924.5
2023-11-08,27.6,14.9,62,13.6,5.94,924.7
2023-11-09,30.2,14.8,53,9.0,6.33,923.1
2023-11-10,31.5,16.0,50,12.9,6.63,922.7
2023-11-11,32.8,18.1,45,14.2,6.94,921.3
2023-11-12,34.4,17.7,44,13.1,6.88,920.2
2023-11-13,35.4,20.5,43,11.8,6.69,920.5
2023-11-14,37.0,23.0,40,15.5,7.47,919.9
2023-11-15,35.5,24.1,42,15.0,7.42,920.2
2023-11-16,36.4,21.7,48,13.0,6.79,919.6
2023-11-17,34.9,21.9,53,7.1,6.19,919.0
2023-11-18,35.2,22.9,45,13.5,6.84,919.5
2023-11-19,34.5,22.0,61,17.6,5.34,920.9
2023-11-20,26.0,21.2,83,14.9,2.41,921.9
2023-11-21,27.1,20.8,80,12.1,3.56,921.4
2023-11-22,29.4,20.6,67,11.1,6.0,920.7
2023-11-23,30.8,20.6,60,12.2,6.08,921.8
2023-11-24,30.6,21.2,72,17.6,5.33,923.5
2023-11-25,27.3,18.1,68,17.8,4.87,924.1
2023-11-26,26.2,17.5,67,16.2,5.04,924.0
2023-11-27,29.1,18.4,65,14.5,5.06,924.9
2023-11-28,29.8,20.2,65,11.4,5.74,923.5
2023-11-29,28.6,21.0,71,10.0,3.62,922.0
2023-11-30,29.5,20.0,73,14.6,4.76,921.5
2023-12-01,30.8,20.4,72,9.4,4.8,921.4
2023-12-02,30.1,19.9,81,11.0,5.03,920.8
2023-12-03,28.2,19.3,80,11.5,4.57,920.3
2023-12-04,29.2,20.1,75,11.9,5.17,921.9
2023-12-05,30.2,18.8,73,12.4,5.64,923.6
2023-12-06,29.1,19.9,71,15.1,5.94,923.5
2023-12-07,30.5,18.6,60,13.6,6.41,922.4
2023-12-08,30.5,18.9,61,9.8,5.78,921.8
2023-12-09,30.1,20.8,70,16.5,5.66,921.9
2023-12-10,28.5,19.9,69,17.6,5.23,922.0
2023-12-11,29.5,19.4,68,17.4,4.96,921.0
2023-12-12,28.7,19.7,75,13.3,5.3,922.9
2023-12-13,28.4,19.4,72,19.1,5.27,922.6
2023-12-14,29.4,19.7,66,17.7,6.34,922.2
2023-12-15,29.8,18.7,59,15.3,6.63,922.9
2023-12-16,30.4,18.9,57,15.4,6.69,923.0
2023-12-17,30.5,19.1,57,15.4,6.69,921.7
2023-12-18,30.5,19.5,59,11.5,6.14,918.6
2023-12-19,29.7,20.3,64,14.8,5.61,917.3
2023-12-20,28.7,18.9,68,14.3,5.7,919.1
2023-12-21,27.8,19.7,74,15.5,4.63,921.8
2023-12-22,27.3,19.2,82,14.9,3.04,922.7
2023-12-23,25.3,20.4,88,12.4,2.7,922.8
2023-12-24,26.9,20.1,81,17.1,3.68,922.7
2023-12-25,30.8,19.8,74,16.6,5.74,922.7
2023-12-26,30.0,20.3,80,15.3,4.93,922.1
2023-12-27,30.2,20.1,80,13.5,4.65,922.4
2023-12-28,27.1,19.8,77,16.4,4.63,923.1
2023-12-29,30.2,18.9,72,11.0,5.72,921.6
2023-12-30,29.6,20.7,80,13.1,4.73,921.2
2023-12-31,26.4,20.2,79,15.8,4.09,922.0
2024-01-01,22.8,19.3,87,12.9,1.77,921.7
2024-01-02,25.6,19.0,84,16.0,2.91,920.6
2024-01-03,23.3,20.1,91,9.8,1.75,920.4
2024-01-04,22.5,20.2,93,12.8,1.25,919.5
2024-01-05,27.2,19.6,83,6.7,3.75,919.5
2024-01-06,28.3,17.8,79,12.8,5.17,920.6
2024-01-07,29.0,19.7,77,12.2,5.09,921.6
2024-01-08,28.5,20.3,79,13.5,4.83,922.4
2024-01-09,27.1,20.8,82,4.8,3.18,923.0
2024-01-10,29.0,20.1,80,16.1,4.39,922.8
2024-01-11,28.7,20.8,79,10.1,5.29,922.1
2024-01-12,28.5,19.1,81,10.2,4.4,920.6
2024-01-13,28.3,19.9,83,8.6,4.28,922.1
2024-01-14,27.3,19.8,84,7.9,3.3,923.5
2024-01-15,28.3,20.5,81,9.5,4.59,924.5
2024-01-16,29.5,18.9,75,8.9,5.65,923.9
2024-01-17,30.3,20.2,71,14.4,5.78,923.7
2024-01-18,30.5,20.1,68,6.1,5.95,922.7
2024-01-19,30.6,20.3,72,8.1,4.56,921.8
2024-01-20,29.8,20.8,75,11.9,4.93,920.1
2024-01-21,27.5,20.5,82,15.3,3.96,920.2
2024-01-22,29.0,19.1,75,14.3,5.35,921.0
2024-01-23,29.0,20.3,78,16.8,4.42,920.0
2024-01-24,24.8,18.9,85,10.9,2.78,917.6
2024-01-25,26.2,20.0,85,9.3,4.07,917.3
2024-01-26,27.9,18.8,81,6.6,4.99,919.0
2024-01-27,26.2,19.8,84,9.0,3.17,920.8
2024-01-28,26.5,19.8,84,10.7,3.65,922.2
2024-01-29,27.4,19.6,81,12.6,3.89,922.8
2024-01-30,28.5,19.4,78,11.7,4.86,922.4
2024-01-31,27.1,19.0,84,11.8,2.98,923.1
2024-02-01,26.6,17.1,85,6.6,3.52,923.8
2024-02-02,27.9,19.2,73,13.4,4.61,925.2
2024-02-03,27.9,19.4,73,17.6,5.15,925.4
2024-02-04,28.5,20.4,74,11.7,5.19,924.7
2024-02-05,27.5,19.2,77,9.3,3.55,924.0
2024-02-06,28.2,19.3,82,11.7,4.38,924.6
2024-02-07,28.0,19.3,80,11.1,4.88,923.3
2024-02-08,26.5,19.8,83,10.5,3.5,922.3
2024-02-09,27.4,17.0,73,15.8,5.18,923.3
2024-02-10,27.5,18.5,72,16.9,4.57,924.9
2024-02-11,25.8,20.0,77,15.7,4.08,926.5
2024-02-12,28.3,18.2,71,11.6,5.69,926.6
2024-02-13,30.0,17.9,69,8.0,5.86,925.7
2024-02-14,30.2,17.9,70,14.1,5.49,924.4
2024-02-15,25.9,20.5,84,15.2,2.4,923.6
2024-02-16,27.0,19.3,87,8.1,3.88,922.3
2024-02-17,27.7,18.1,86,14.5,4.02,920.9
2024-02-18,26.0,19.0,86,11.0,3.3,919.8
2024-02-19,24.8,18.1,89,8.4,2.67,918.8
2024-02-20,23.8,19.8,92,15.4,1.88,917.6
2024-02-21,24.7,19.3,90,13.6,2.46,918.5
2024-02-22,25.2,20.2,86,14.8,2.81,920.9
2024-02-23,24.6,19.5,85,12.3,2.94,924.3
2024-02-24,29.0,20.1,79,10.1,5.2,926.2
2024-02-25,29.2,18.9,76,10.1,5.23,925.9
2024-02-26,28.7,17.9,72,10.4,5.64,924.4
2024-02-27,28.6,17.3,71,9.0,5.41,922.2
2024-02-28,29.5,17.0,72,7.9,4.51,921.6
2024-02-29,30.2,20.8,78,10.3,4.37,922.2
2024-03-01,29.6,19.8,82,15.0,4.62,921.4
2024-03-02,28.4,19.6,78,12.5,4.41,921.5
2024-03-03,27.8,18.9,77,13.4,4.44,922.0
2024-03-04,28.6,18.0,75,9.3,4.84,922.7
2024-03-05,28.6,18.3,81,9.7,4.14,923.2
2024-03-06,29.0,19.7,80,10.8,4.58,923.5
2024-03-07,27.8,20.1,80,10.0,4.41,925.1
2024-03-08,28.1,20.1,76,13.0,4.32,924.4
2024-03-09,28.7,20.0,72,7.7,4.78,923.0
2024-03-10,27.6,20.0,83,11.5,3.02,922.1
2024-03-11,28.7,20.1,81,10.3,4.38,923.3
2024-03-12,28.5,20.7,77,13.4,3.96,924.7
2024-03-13,30.3,19.7,73,11.2,4.94,924.2
2024-03-14,30.0,18.2,69,11.1,5.37,923.5
2024-03-15,30.3,17.9,67,9.4,5.52,921.7
2024-03-16,31.0,19.0,66,8.4,5.34,920.7
2024-03-17,30.9,18.9,68,8.9,4.92,921.5
2024-03-18,30.9,20.9,71,8.9,4.9,921.5
2024-03-19,30.8,20.9,82,12.7,4.53,920.6
2024-03-20,30.1,20.6,74,9.7,4.55,920.2
2024-03-21,29.2,20.7,75,13.5,3.73,921.1
2024-03-22,28.9,19.9,80,18.5,3.7,921.9
2024-03-23,24.3,19.0,80,18.4,2.28,923.6
2024-03-24,26.8,16.2,79,11.2,4.04,923.2
2024-03-25,26.6,19.7,81,8.5,3.34,921.9
2024-03-26,24.7,18.9,85,7.7,1.9,922.8
2024-03-27,26.0,18.0,81,14.5,3.63,924.2
2024-03-28,25.8,20.0,79,17.3,2.86,925.7
2024-03-29,27.4,18.1,77,8.9,3.93,925.2
2024-03-30,29.0,18.3,81,11.6,4.15,923.0
2024-03-31,27.7,18.0,84,14.9,3.65,922.0
2024-04-01,28.4,16.7,74,12.1,4.62,921.6
2024-04-02,28.5,18.7,81,10.8,3.98,921.7
2024-04-03,27.4,20.4,80,8.7,3.34,922.3
2024-04-04,28.3,18.7,78,9.2,4.42,923.5
2024-04-05,29.4,18.0,72,13.4,4.76,923.1
2024-04-06,27.9,16.6,71,10.7,4.69,922.7
2024-04-07,27.0,16.8,69,14.3,3.99,924.3
2024-04-08,26.1,16.2,70,12.6,4.21,923.5
2024-04-09,27.2,16.0,72,11.2,3.59,922.7
2024-04-10,28.6,16.8,70,8.7,4.41,921.3
2024-04-11,28.6,18.4,71,9.8,4.4,922.7
2024-04-12,28.2,18.8,71,12.1,4.36,924.2
2024-04-13,27.0,18.7,72,12.7,3.67,924.5
2024-04-14,27.5,17.3,68,14.3,4.45,923.8
2024-04-15,27.3,18.7,67,17.0,4.26,924.6
2024-04-16,27.1,17.7,71,16.9,3.42,925.3
2024-04-17,28.4,16.4,69,11.4,3.98,923.4
2024-04-18,27.2,17.6,77,8.7,3.35,922.4
2024-04-19,25.8,17.0,77,11.7,3.22,924.2
2024-04-20,25.2,15.6,75,12.4,3.12,925.7
2024-04-21,26.2,14.5,73,9.8,4.11,924.8
2024-04-22,27.5,15.5,71,7.8,3.69,923.8
2024-04-23,27.1,16.2,74,7.8,3.76,923.5
2024-04-24,28.5,16.6,71,7.8,4.0,923.2
2024-04-25,28.6,17.3,68,11.9,4.31,923.4
2024-04-26,28.1,18.0,69,13.3,4.11,924.3
2024-04-27,26.3,19.2,74,14.0,2.78,923.8
2024-04-28,28.2,15.7,71,7.4,3.93,922.6
2024-04-29,28.3,16.0,69,11.6,4.24,923.6
2024-04-30,29.1,15.8,67,9.2,4.14,923.9
2024-05-01,29.3,16.2,67,7.9,4.13,923.0
2024-05-02,29.1,16.6,68,9.1,4.14,921.4
2024-05-03,29.7,15.8,66,8.3,4.23,922.1
2024-05-04,28.2,15.0,66,11.5,4.27,924.6
2024-05-05,27.5,14.4,71,12.6,4.04,925.9
2024-05-06,25.8,15.6,77,19.2,3.09,925.1
2024-05-07,26.3,16.3,71,15.5,3.96,924.5
2024-05-08,26.7,15.6,71,16.6,3.62,925.0
2024-05-09,27.6,14.8,71,9.0,3.86,925.2
2024-05-10,27.5,15.4,72,12.4,3.35,923.9
2024-05-11,28.1,17.2,73,7.2,3.47,923.3
2024-05-12,28.8,16.8,69,9.7,3.67,922.3
2024-05-13,29.5,15.6,62,15.0,4.24,922.2
2024-05-14,29.2,13.9,58,9.0,4.13,922.2
2024-05-15,28.1,14.5,59,9.2,3.95,923.4
2024-05-16,26.3,17.0,70,12.2,3.73,924.9
2024-05-17,27.7,15.1,68,10.7,3.55,925.7
2024-05-18,27.3,14.8,67,7.5,3.62,925.2
2024-05-19,27.3,14.4,64,8.9,3.67,924.9
2024-05-20,26.8,14.4,68,8.0,3.61,925.1
2024-05-21,25.8,14.2,70,17.3,3.3,926.8
2024-05-22,25.2,14.4,70,14.9,3.48,927.3
2024-05-23,26.4,14.3,68,10.0,3.52,925.4
2024-05-24,27.1,13.0,67,13.7,3.37,923.7
2024-05-25,26.8,14.8,68,11.0,2.84,924.2
2024-05-26,24.9,17.0,73,15.6,2.8,926.3
2024-05-27,25.1,16.4,74,13.6,2.75,926.4
2024-05-28,26.0,15.1,72,7.4,3.2,925.3
2024-05-29,26.3,15.4,73,9.8,3.2,924.9
2024-05-30,25.6,13.7,72,10.6,3.25,925.9
2024-05-31,23.6,11.5,66,14.2,3.56,927.7
2024-06-01,22.9,10.9,65,13.3,3.48,929.2
2024-06-02,23.9,12.5,72,13.5,3.18,929.3
2024-06-03,25.8,12.3,67,10.8,3.27,929.0
2024-06-04,26.2,12.6,60,14.6,3.78,927.1
2024-06-05,24.5,13.5,66,12.1,3.47,927.8
2024-06-06,24.8,13.0,67,10.4,3.23,927.8
2024-06-07,25.0,13.9,66,9.8,3.34,928.2
2024-06-08,24.8,12.3,71,9.8,3.22,928.2
2024-06-09,24.1,12.6,72,12.3,3.21,927.3
2024-06-10,26.0,11.6,69,9.4,3.27,926.0
2024-06-11,26.8,12.1,67,11.2,3.57,926.6
2024-06-12,25.2,11.8,65,10.7,3.49,926.6
2024-06-13,24.6,11.2,65,12.6,3.49,926.9
2024-06-14,24.2,11.9,68,13.1,3.45,927.7
2024-06-15,25.5,10.9,65,9.7,3.33,928.0
2024-06-16,25.2,12.5,67,11.7,3.53,926.5
2024-06-17,24.5,12.0,68,8.3,3.13,924.7
2024-06-18,25.1,11.2,63,9.8,3.43,924.0
2024-06-19,25.7,12.3,60,9.0,3.43,925.3
2024-06-20,24.8,11.3,60,8.9,3.49,925.7
2024-06-21,25.3,11.7,65,14.5,3.63,925.6
2024-06-22,25.3,15.0,64,13.2,3.35,926.0
2024-06-23,25.5,13.2,68,13.0,3.08,925.0
2024-06-24,27.1,14.0,67,11.5,3.38,924.7
2024-06-25,28.4,12.9,63,13.2,3.38,924.9
2024-06-26,26.8,13.9,64,11.9,3.22,924.5
2024-06-27,27.1,13.4,57,8.8,3.52,922.2
2024-06-28,26.7,13.9,52,9.4,3.62,922.2
2024-06-29,27.0,12.9,53,12.3,3.71,923.0
2024-06-30,27.4,12.5,55,12.2,3.5,923.4
2024-07-01,24.9,15.5,70,15.5,3.03,926.4
2024-07-02,25.3,14.7,72,12.3,3.13,927.2
2024-07-03,24.8,12.8,68,10.0,3.33,925.6
2024-07-04,24.6,11.6,63,8.9,3.42,924.6
2024-07-05,24.7,10.8,60,8.9,3.43,925.8
2024-07-06,25.2,11.4,65,8.1,3.34,926.8
2024-07-07,26.2,12.4,65,12.3,3.45,925.6
2024-07-08,27.5,12.2,64,8.0,3.33,923.7
2024-07-09,27.5,14.6,62,18.0,3.7,922.9
2024-07-10,27.6,13.6,63,13.8,3.62,923.1
2024-07-11,27.5,15.5,61,13.6,3.83,926.4
2024-07-12,25.9,13.0,66,13.1,3.65,929.0
2024-07-13,24.4,14.4,70,18.1,3.05,929.4
2024-07-14,24.4,12.8,65,13.7,3.22,928.2
2024-07-15,24.4,11.4,59,9.1,3.53,928.7
2024-07-16,24.3,11.5,57,14.1,3.53,929.5
2024-07-17,25.4,11.7,61,9.4,3.22,929.1
2024-07-18,25.6,12.3,58,12.3,3.47,927.7
2024-07-19,24.7,11.7,60,12.2,3.7,929.0
2024-07-20,24.2,10.4,66,13.1,3.66,928.3
2024-07-21,25.2,10.5,63,12.2,3.68,928.1
2024-07-22,26.0,10.6,61,11.5,3.71,928.2
2024-07-23,25.2,10.7,60,12.6,4.02,928.7
2024-07-24,23.8,10.9,64,12.3,3.5,929.5
2024-07-25,24.2,10.9,60,10.5,3.61,928.3
2024-07-26,24.9,10.1,56,10.1,3.73,926.6
2024-07-27,26.4,12.2,61,12.0,3.58,927.2
2024-07-28,27.8,14.2,58,14.8,3.93,928.0
2024-07-29,27.1,12.5,55,10.1,3.9,927.1
2024-07-30,26.8,13.5,56,16.4,3.97,927.4
2024-07-31,23.8,14.4,68,16.3,3.42,929.7
2024-08-01,24.0,13.2,67,14.0,3.61,929.9
2024-08-02,24.7,12.9,60,15.8,3.97,929.1
2024-08-03,24.0,12.6,68,16.6,2.45,928.5
2024-08-04,25.6,16.7,66,16.6,3.46,929.0
2024-08-05,25.7,15.9,63,13.9,3.93,928.8
2024-08-06,26.2,15.1,61,13.7,4.22,927.1
2024-08-07,27.5,12.7,55,13.7,4.23,924.7
2024-08-08,26.3,12.7,62,11.2,3.38,923.5
2024-08-09,28.1,13.3,53,8.2,3.43,922.7
2024-08-10,26.6,14.7,58,23.0,4.03,921.8
2024-08-11,26.1,11.1,66,11.7,3.98,923.9
2024-08-12,27.6,10.5,48,18.8,4.97,923.7
2024-08-13,24.2,9.6,36,14.5,4.81,926.3
2024-08-14,24.9,12.8,56,18.2,4.53,928.1
2024-08-15,28.2,11.9,57,14.2,4.42,927.8
2024-08-16,30.0,14.1,52,13.9,4.64,927.0
2024-08-17,30.5,13.1,45,14.1,4.95,926.0
2024-08-18,29.6,14.1,40,12.2,5.3,926.3
2024-08-19,28.7,14.4,42,14.4,5.32,926.6
2024-08-20,29.5,12.3,47,11.0,4.61,926.5
2024-08-21,29.0,14.3,46,14.4,5.18,926.1
2024-08-22,28.1,15.6,51,15.5,5.19,926.0
2024-08-23,30.7,14.2,52,13.0,5.11,924.1
2024-08-24,31.6,14.9,45,15.2,5.29,924.1
2024-08-25,29.7,16.7,45,13.4,5.34,925.5
2024-08-26,27.1,15.5,64,16.2,3.05,925.9
2024-08-27,24.9,13.8,66,17.8,3.97,928.4
2024-08-28,26.1,14.3,58,15.6,4.77,930.2
2024-08-29,24.9,13.3,60,15.9,4.03,930.5
2024-08-30,27.3,11.1,53,11.4,4.87,928.5
2024-08-31,29.6,11.2,40,10.9,5.5,927.0
2024-09-01,30.8,13.3,35,10.6,5.38,925.9
2024-09-02,32.2,12.4,36,10.5,5.35,922.9
2024-09-03,33.2,14.6,33,15.3,5.61,923.1
2024-09-04,32.8,18.0,42,14.0,6.0,924.9
2024-09-05,33.0,17.5,42,12.0,5.51,924.8
2024-09-06,31.4,19.1,46,14.8,5.84,924.4
2024-09-07,31.2,17.9,48,16.2,5.92,926.8
2024-09-08,31.0,16.5,47,15.5,5.76,927.8
2024-09-09,29.2,15.0,52,13.4,5.46,926.9
2024-09-10,29.8,15.1,46,15.4,5.81,925.5
2024-09-11,30.3,15.2,40,14.5,6.07,925.6
2024-09-12,30.4,16.0,46,16.4,6.06,926.3
2024-09-13,29.9,17.5,46,16.6,6.13,926.0
2024-09-14,30.7,16.5,41,11.2,5.66,925.4
2024-09-15,30.6,16.9,36,14.9,6.3,925.4
2024-09-16,32.1,17.6,45,18.5,5.36,924.9
2024-09-17,28.8,17.5,57,18.4,5.19,925.4
2024-09-18,29.4,16.3,55,17.6,5.45,926.4
2024-09-19,29.0,16.0,53,17.7,5.58,925.4
2024-09-20,30.0,17.3,52,15.9,5.67,924.3
2024-09-21,32.4,18.4,49,15.6,5.68,923.3
2024-09-22,30.0,19.3,56,16.4,5.04,923.8
2024-09-23,31.3,19.2,44,13.4,6.03,923.7
2024-09-24,31.3,18.0,42,16.2,6.53,924.2
2024-09-25,31.3,17.2,43,16.4,6.5,923.8
2024-09-26,30.8,17.9,47,17.4,6.14,923.5
2024-09-27,34.1,18.1,37,16.0,5.97,921.9
2024-09-28,32.8,19.7,48,18.8,6.57,923.5
2024-09-29,28.3,20.0,58,18.6,4.4,926.0
2024-09-30,29.3,18.0,53,19.0,5.83,925.8
2024-10-01,30.8,18.1,52,17.2,6.27,923.8
2024-10-02,33.4,17.7,40,10.8,6.41,921.3
2024-10-03,33.8,18.9,35,19.1,6.85,922.2
2024-10-04,32.1,19.9,53,18.9,6.18,923.8
2024-10-05,28.0,18.4,61,18.2,4.8,924.4
2024-10-06,31.8,17.2,51,17.4,6.17,922.9
2024-10-07,31.7,17.6,51,17.3,6.35,921.7
2024-10-08,35.8,19.2,46,15.6,6.41,921.4
2024-10-09,35.7,21.4,56,15.5,5.69,921.5
2024-10-10,25.0,20.4,80,18.5,2.17,923.3
2024-10-11,29.6,19.1,72,17.2,4.91,922.5
2024-10-12,27.3,20.2,78,15.0,2.84,924.2
2024-10-13,28.8,18.9,70,17.0,5.14,927.5
2024-10-14,28.0,19.1,62,16.4,5.27,928.3
2024-10-15,28.3,17.1,57,16.0,5.37,925.5
2024-10-16,29.1,17.8,57,9.7,4.85,922.6
2024-10-17,31.7,16.7,59,13.2,5.66,921.7
2024-10-18,31.5,20.2,59,12.8,4.99,921.6
2024-10-19,27.0,19.7,76,16.8,2.98,920.2
2024-10-20,23.4,19.8,85,15.2,1.55,920.6
2024-10-21,25.2,19.2,83,18.1,2.69,924.2
2024-10-22,27.6,18.7,71,17.2,3.82,925.5
2024-10-23,28.9,17.9,67,8.3,4.59,922.5
2024-10-24,28.7,19.5,75,8.9,3.56,920.4
2024-10-25,29.4,19.0,78,15.2,3.73,920.9
2024-10-26,30.6,19.1,75,13.4,4.61,921.9
2024-10-27,27.8,20.6,78,16.4,4.42,924.4
2024-10-28,22.1,18.4,87,12.3,1.68,924.9
2024-10-29,25.7,17.7,81,9.7,3.16,923.2
2024-10-30,26.7,17.6,78,13.5,4.33,922.2
2024-10-31,26.5,18.0,68,15.6,5.05,922.7
2024-11-01,27.6,18.3,69,14.6,4.67,923.4
2024-11-02,28.5,19.2,69,14.3,4.58,923.5
2024-11-03,27.7,20.3,76,14.7,3.55,922.5
2024-11-04,26.1,19.4,75,20.9,3.65,922.8
2024-11-05,22.7,19.3,83,12.2,1.7,923.5
2024-11-06,26.4,18.4,71,14.3,4.16,922.7
2024-11-07,27.9,18.9,75,17.8,4.43,921.1
2024-11-08,26.1,19.0,78,19.8,3.42,919.4
2024-11-09,22.4,18.9,92,17.2,1.44,919.6
2024-11-10,25.9,18.3,75,15.0,4.44,920.6
2024-11-11,27.4,16.9,71,13.1,4.47,920.1
2024-11-12,29.4,16.9,72,13.9,5.15,918.7
2024-11-13,24.2,19.3,84,14.7,1.99,918.9
2024-11-14,25.0,18.4,82,15.1,3.26,920.8
2024-11-15,25.0,17.8,83,16.8,2.95,922.8
2024-11-16,22.9,18.4,88,13.7,1.64,923.1
2024-11-17,25.7,17.8,83,10.0,3.86,922.7
2024-11-18,27.4,17.0,76,10.0,4.98,921.2
2024-11-19,28.9,18.7,75,7.4,5.13,921.0
2024-11-20,29.9,19.5,74,15.2,5.49,921.6
2024-11-21,27.2,20.2,83,12.5,3.53,921.4
2024-11-22,25.8,19.6,78,12.6,3.13,921.3
2024-11-23,24.7,17.9,82,14.4,3.14,921.1
2024-11-24,25.2,15.0,69,13.5,4.9,923.2
2024-11-25,26.2,16.6,67,15.1,4.49,924.7
2024-11-26,29.0,16.0,60,15.3,5.95,923.7
2024-11-27,31.6,16.3,55,11.9,5.85,921.7
2024-11-28,32.7,18.2,49,11.6,5.42,920.7
2024-11-29,32.9,19.6,63,15.0,5.73,921.4
2024-11-30,31.2,19.8,75,18.8,4.67,920.9
2024-12-01,28.0,19.4,81,10.3,3.94,920.8
2024-12-02,28.8,19.9,82,13.4,4.16,920.2
2024-12-03,28.3,19.6,83,11.9,3.77,920.0
2024-12-04,27.4,20.5,85,8.3,3.62,920.7
2024-12-05,29.0,19.8,75,11.9,5.1,921.9
2024-12-06,30.7,18.8,55,11.0,6.89,922.2
2024-12-07,33.0,15.5,55,11.2,6.75,921.4
2024-12-08,35.2,17.6,51,11.9,6.06,921.6
2024-12-09,34.9,20.3,48,10.5,6.85,921.2
2024-12-10,29.9,21.4,66,12.7,4.45,919.9
2024-12-11,26.4,19.7,81,13.0,3.15,919.4
2024-12-12,25.1,18.5,76,14.3,3.8,921.5
2024-12-13,28.1,18.3,79,11.9,4.13,920.9
2024-12-14,28.8,19.3,80,14.8,4.4,919.9
2024-12-15,24.1,18.5,89,17.1,2.33,920.4
2024-12-16,26.0,17.6,83,14.0,3.51,922.1
2024-12-17,28.0,19.0,84,12.2,4.24,922.8
2024-12-18,29.5,18.0,74,15.5,5.69,922.9
2024-12-19,29.8,18.3,72,11.0,4.89,923.1
2024-12-20,31.2,19.9,77,14.9,4.69,921.7
2024-12-21,24.7,20.0,86,12.9,2.65,922.1
2024-12-22,24.6,19.9,86,15.1,2.96,922.7
2024-12-23,26.7,19.4,86,11.0,3.4,921.1
2024-12-24,27.0,18.6,81,12.8,4.07,920.9
2024-12-25,26.6,19.9,86,14.3,3.58,920.8
2024-12-26,26.6,19.2,86,15.1,4.07,921.1
2024-12-27,23.3,19.7,91,9.5,1.62,922.3
2024-12-28,26.3,19.3,85,15.0,3.55,922.2
2024-12-29,22.1,18.5,92,9.1,1.82,920.6
2024-12-30,24.2,17.5,84,13.3,3.17,920.4
2024-12-31,25.1,17.1,84,10.3,4.2,921.8
2025-01-01,26.5,18.4,84,12.9,4.66,921.9
2025-01-02,26.1,16.9,83,12.9,4.15,921.3
2025-01-03,26.0,18.3,88,14.4,2.97,920.6
2025-01-04,25.3,19.1,90,14.8,3.36,919.8
2025-01-05,27.3,18.4,88,22.0,3.84,919.9
2025-01-06,26.7,17.7,86,11.6,3.92,920.1
2025-01-07,25.7,19.1,90,11.0,3.04,919.6
2025-01-08,26.4,18.6,87,15.2,4.23,919.0
2025-01-09,25.8,18.6,90,12.0,3.17,918.1
2025-01-10,26.2,18.2,83,9.5,4.03,918.1
2025-01-11,27.8,17.7,78,9.2,4.99,918.4
2025-01-12,28.1,19.1,81,10.4,4.94,918.3
2025-01-13,24.9,19.2,85,12.9,3.03,918.0
2025-01-14,25.2,19.8,82,14.5,3.25,918.2
2025-01-15,24.5,19.0,86,17.0,2.43,919.9
2025-01-16,27.1,19.6,81,16.9,4.11,922.2
2025-01-17,30.0,20.1,73,12.8,5.75,923.7
2025-01-18,29.8,19.4,71,10.7,5.79,923.4
2025-01-19,29.7,19.3,69,8.1,5.65,921.6
2025-01-20,32.7,19.2,64,12.6,6.4,921.2
2025-01-21,32.7,20.6,63,15.5,5.89,922.3
2025-01-22,34.3,19.8,70,15.9,5.25,923.5
2025-01-23,32.7,20.4,69,15.3,6.14,923.5
2025-01-24,31.8,19.7,65,12.0,5.99,923.4
2025-01-25,32.3,20.3,62,13.0,5.92,923.6
2025-01-26,31.4,20.3,63,9.8,5.27,923.0
2025-01-27,29.9,20.2,78,13.2,4.19,922.1
2025-01-28,31.0,19.3,74,10.8,4.75,921.9
2025-01-29,28.5,20.4,83,12.6,4.04,921.7
2025-01-30,26.4,19.6,85,12.4,2.76,921.5
2025-01-31,27.3,20.2,84,18.2,3.89,920.9
2025-02-01,26.5,19.1,85,14.9,3.85,920.1
2025-02-02,25.4,20.0,88,13.2,2.66,920.6
2025-02-03,27.8,18.0,77,11.5,5.04,921.6
2025-02-04,29.0,18.3,70,8.6,5.47,922.2
2025-02-05,29.4,18.6,63,10.8,5.91,922.7
2025-02-06,30.6,16.6,60,10.6,6.17,922.9
2025-02-07,30.4,17.1,60,12.3,5.89,922.3
2025-02-08,27.7,18.4,70,13.6,4.23,922.8
2025-02-09,29.7,17.9,69,12.8,5.1,924.1
2025-02-10,27.9,19.4,70,12.5,4.51,923.5
2025-02-11,29.2,18.2,65,11.6,5.64,922.5
2025-02-12,29.7,19.0,65,10.7,5.49,922.9
2025-02-13,28.8,19.7,68,9.6,4.2,923.3
2025-02-14,31.2,18.4,61,14.3,6.03,921.8
2025-02-15,30.0,18.9,63,10.5,5.64,921.5
2025-02-16,30.8,18.6,60,13.8,6.29,923.1
2025-02-17,32.2,18.4,56,11.2,6.26,923.4
2025-02-18,34.6,17.3,54,18.4,6.4,922.0
2025-02-19,32.2,18.5,55,15.6,6.43,922.7
2025-02-20,32.6,18.9,55,15.7,6.38,924.2
2025-02-21,32.2,20.0,60,15.8,6.21,924.6
2025-02-22,32.5,19.8,58,18.4,6.23,924.5
2025-02-23,29.0,19.6,66,15.6,5.36,924.2
2025-02-24,29.0,18.0,70,17.6,5.02,924.6
2025-02-25,30.1,19.5,68,16.6,5.42,925.7
2025-02-26,31.3,18.5,60,12.5,6.05,925.6
2025-02-27,30.5,19.4,62,13.1,5.7,924.6
2025-02-28,31.6,19.8,60,16.8,6.07,924.8
2025-03-01,28.6,18.5,65,15.7,4.37,925.5
2025-03-02,30.5,18.7,63,15.7,5.06,925.5
2025-03-03,30.4,19.4,63,20.3,5.96,925.3
2025-03-04,28.8,20.0,68,17.6,5.29,924.8
2025-03-05,30.0,19.3,63,16.6,5.89,925.3
2025-03-06,30.0,17.7,56,15.8,5.98,926.3
2025-03-07,29.3,16.9,62,16.6,5.08,926.3
2025-03-08,30.8,18.2,59,12.9,5.87,924.9
2025-03-09,32.9,18.1,52,17.5,6.0,922.9
2025-03-10,33.4,18.9,54,15.2,5.79,922.2
2025-03-11,32.6,20.0,61,12.5,5.27,924.3
2025-03-12,32.2,20.8,59,11.2,5.64,925.0
2025-03-13,32.4,20.6,65,10.8,4.74,923.1
2025-03-14,32.6,20.2,71,9.7,4.95,921.7
2025-03-15,30.6,20.3,72,10.4,4.39,922.2
2025-03-16,30.6,21.2,72,13.1,4.58,924.3
2025-03-17,30.0,20.6,74,12.3,3.32,925.0
2025-03-18,29.8,19.9,73,11.3,3.45,923.3
2025-03-19,26.5,20.4,87,6.6,2.57,922.2
2025-03-20,28.1,19.3,77,10.8,4.4,923.4
2025-03-21,27.2,18.9,81,12.9,3.47,924.8
2025-03-22,26.9,18.8,83,10.3,3.41,924.6
2025-03-23,27.3,19.6,81,14.1,3.62,923.4
2025-03-24,27.6,19.3,86,11.8,3.34,922.4
2025-03-25,28.2,18.0,83,9.8,4.14,922.8
2025-03-26,28.6,17.8,85,7.9,4.0,922.8
2025-03-27,26.6,18.8,82,10.8,3.4,922.6
2025-03-28,28.0,17.7,74,9.1,4.58,921.9
2025-03-29,28.7,17.2,70,7.6,4.65,921.4
2025-03-30,28.8,19.1,77,15.7,4.23,921.7
2025-03-31,28.9,19.2,76,10.1,3.75,923.5
2025-04-01,29.4,19.7,72,9.2,4.49,924.0
2025-04-02,28.5,20.0,75,12.7,3.97,923.4
2025-04-03,29.8,19.1,71,9.9,4.55,922.7
2025-04-04,29.2,19.3,75,13.2,3.96,923.2
2025-04-05,24.8,18.7,86,17.8,2.13,925.9
2025-04-06,25.8,17.3,71,16.8,4.25,927.0
2025-04-07,25.3,16.1,68,14.1,3.81,925.3
2025-04-08,27.9,14.3,64,11.3,4.51,924.6
2025-04-09,28.4,16.5,70,7.8,4.29,923.7
2025-04-10,27.7,18.3,81,12.6,3.27,921.8
2025-04-11,28.6,15.6,73,11.5,4.44,920.8
2025-04-12,28.3,15.4,68,11.9,4.37,922.4
2025-04-13,27.8,16.4,67,11.0,3.93,923.1
2025-04-14,27.2,19.0,74,11.3,2.68,922.2
2025-04-15,27.9,17.1,79,14.5,3.8,922.7
2025-04-16,22.6,18.6,93,9.3,1.14,922.0
2025-04-17,26.7,17.0,83,9.7,3.5,923.0
2025-04-18,26.9,19.2,83,12.6,3.21,923.5
2025-04-19,26.5,18.6,83,9.4,3.14,922.0
2025-04-20,27.5,17.9,81,10.5,3.72,920.1
2025-04-21,26.6,16.7,76,10.1,3.8,920.5
2025-04-22,24.1,17.3,80,12.6,3.23,921.9
2025-04-23,23.9,16.9,81,13.2,2.03,922.9
2025-04-24,26.4,17.0,77,6.8,2.92,921.9
2025-04-25,26.6,17.8,82,18.4,2.9,920.1
2025-04-26,27.5,17.8,82,10.2,3.32,920.4
2025-04-27,27.4,18.0,81,7.9,3.14,920.7
2025-04-28,27.7,18.8,80,14.8,3.17,920.1
2025-04-29,26.9,18.3,80,8.8,3.4,920.3
2025-04-30,24.1,17.6,81,13.5,2.66,922.3
2025-05-01,25.0,15.9,76,11.8,2.91,924.1
2025-05-02,25.0,14.8,72,11.7,3.48,925.2
2025-05-03,24.6,13.6,70,9.8,3.16,925.5
2025-05-04,24.1,12.5,72,12.4,3.15,925.2
2025-05-05,23.7,13.5,75,13.5,2.82,925.8
2025-05-06,24.9,14.4,73,12.9,2.92,924.8
2025-05-07,26.0,14.9,74,10.5,3.41,925.1
2025-05-08,27.0,14.9,74,11.9,3.64,924.9
2025-05-09,27.0,16.4,78,13.1,3.19,924.8
2025-05-10,28.0,15.8,75,6.4,3.59,925.5
2025-05-11,27.4,18.5,77,12.7,3.57,926.5
2025-05-12,24.0,16.1,74,13.7,3.28,928.0
2025-05-13,23.2,14.4,76,11.1,2.66,927.2
2025-05-14,23.4,13.2,74,11.8,3.14,926.8
2025-05-15,22.3,14.4,75,16.8,2.67,927.4
2025-05-16,24.5,12.6,72,11.5,3.33,927.6
2025-05-17,24.3,14.2,72,11.3,3.4,927.2
2025-05-18,24.4,13.3,73,14.9,3.17,927.1
2025-05-19,23.9,12.0,73,12.5,3.28,926.5
2025-05-20,24.8,11.3,70,6.8,3.38,925.5
2025-05-21,25.6,11.4,70,7.9,3.33,924.8
2025-05-22,25.3,13.3,72,8.1,3.27,925.2
2025-05-23,26.4,13.9,69,12.1,3.44,925.7
2025-05-24,25.5,14.6,72,10.7,3.35,927.3
2025-05-25,24.8,12.9,71,9.7,3.06,927.7
2025-05-26,24.8,12.6,72,12.2,3.24,926.9
2025-05-27,25.8,15.3,74,14.8,2.84,926.9
2025-05-28,26.0,14.4,74,12.4,3.13,926.6
2025-05-29,26.7,14.3,66,10.9,3.14,925.7
2025-05-30,25.6,14.8,75,8.7,2.33,925.6
2025-05-31,25.8,16.3,75,12.9,2.65,926.4
2025-06-01,26.7,16.4,74,9.2,3.13,927.6
2025-06-02,25.1,15.7,73,12.3,3.0,928.9
2025-06-03,24.7,14.6,79,14.6,2.48,927.7
2025-06-04,25.2,12.9,80,7.9,3.07,925.6
2025-06-05,26.0,14.1,72,8.1,3.27,924.9
2025-06-06,25.8,13.8,71,9.6,3.07,924.4
2025-06-07,25.1,15.4,77,7.5,2.83,924.3
2025-06-08,25.9,15.8,72,12.7,3.04,923.2
2025-06-09,25.7,14.0,66,16.0,2.83,922.0
2025-06-10,24.6,14.0,75,9.3,2.94,923.3
2025-06-11,24.3,12.9,76,11.6,2.91,924.1
2025-06-12,20.8,9.8,65,14.9,3.26,925.7
2025-06-13,20.3,9.4,68,13.4,3.08,928.1
2025-06-14,20.4,10.7,69,18.9,2.9,929.6
2025-06-15,21.6,9.3,66,8.6,3.02,928.6
2025-06-16,22.7,9.9,71,9.8,3.04,928.7
2025-06-17,22.4,10.8,72,13.6,3.07,928.9
2025-06-18,23.7,11.9,76,13.0,3.09,929.0
2025-06-19,24.1,13.8,69,10.9,3.23,928.6
2025-06-20,24.3,11.9,69,10.8,3.14,926.4
2025-06-21,25.6,12.6,66,12.1,3.07,923.8
2025-06-22,26.7,11.6,63,11.6,3.47,922.4
2025-06-23,27.3,13.9,63,11.4,3.59,922.2
2025-06-24,26.7,13.4,69,17.1,3.25,923.6
2025-06-25,23.5,12.9,72,14.3,3.02,926.9
2025-06-26,24.5,15.0,72,13.0,3.18,927.6
2025-06-27,27.0,12.2,66,10.6,3.42,926.9
2025-06-28,25.3,12.5,68,13.6,3.48,927.4
2025-06-29,26.9,13.5,64,8.0,3.35,926.6
2025-06-30,27.3,12.0,59,9.7,3.71,926.4
2025-07-01,25.7,11.4,58,10.7,3.66,927.6
2025-07-02,23.4,12.4,67,11.6,3.17,929.4
2025-07-03,23.1,12.7,72,12.2,2.97,929.8
2025-07-04,21.3,12.5,75,11.0,2.4,929.4
2025-07-05,23.8,9.8,69,12.2,3.04,928.4
2025-07-06,23.2,9.8,65,8.7,3.1,926.8
2025-07-07,21.8,10.2,67,12.3,2.96,928.4
2025-07-08,22.1,9.3,61,8.8,3.17,927.9
2025-07-09,22.5,9.5,64,11.3,3.27,928.3
2025-07-10,22.3,11.7,68,14.4,2.65,930.4
2025-07-11,22.3,10.7,71,13.8,2.61,930.8
2025-07-12,22.1,13.2,75,14.6,2.65,930.2
2025-07-13,22.4,13.0,62,10.6,3.05,930.3
2025-07-14,22.0,9.7,60,10.1,2.57,929.6
2025-07-15,23.4,9.7,57,11.3,3.31,927.6
2025-07-16,23.1,9.7,60,8.7,3.44,926.6
2025-07-17,23.9,9.6,60,13.7,3.49,926.0
2025-07-18,25.7,9.6,54,10.2,3.61,925.3
2025-07-19,26.7,11.4,53,12.2,3.74,925.8
2025-07-20,24.5,13.2,65,13.3,3.41,926.6
2025-07-21,24.4,12.9,65,12.6,3.38,925.8
2025-07-22,26.6,12.1,61,13.7,3.63,925.3
2025-07-23,27.5,12.4,59,13.0,3.77,926.2
2025-07-24,26.2,14.1,62,15.1,3.62,926.4
2025-07-25,25.0,15.0,66,20.5,3.57,925.9
2025-07-26,25.4,12.7,69,10.6,3.36,925.4
2025-07-27,25.2,13.9,66,14.2,3.66,925.4
2025-07-28,27.2,12.4,60,12.1,3.73,924.4
2025-07-29,24.8,14.2,67,15.1,3.19,923.6
2025-07-30,24.4,8.8,55,15.0,3.92,925.6
2025-07-31,22.3,9.8,58,13.2,3.77,929.0
2025-08-01,23.3,11.3,65,11.6,3.73,930.7
2025-08-02,23.3,10.5,61,11.4,3.76,929.8
2025-08-03,23.6,10.2,61,14.4,3.9,928.7
2025-08-04,25.0,11.7,61,14.1,3.62,928.0
2025-08-05,21.5,12.1,64,10.8,2.38,927.4
2025-08-06,24.6,11.6,63,12.2,3.7,926.5
2025-08-07,27.4,13.2,57,13.7,4.03,924.8
2025-08-08,29.4,13.7,52,15.2,4.2,922.7
2025-08-09,28.0,14.7,51,20.7,4.46,922.1
2025-08-10,26.0,12.3,47,12.6,4.19,923.5
2025-08-11,24.6,9.9,59,14.5,3.94,923.5
2025-08-12,23.4,12.4,68,15.7,3.07,923.9
2025-08-13,26.6,14.3,63,14.2,3.88,925.4
2025-08-14,29.3,12.4,62,20.2,4.35,926.1
2025-08-15,24.7,13.3,64,15.2,3.69,928.1
2025-08-16,24.9,13.0,64,13.0,4.05,927.3
2025-08-17,27.0,12.8,58,16.0,4.18,926.0
2025-08-18,25.5,13.8,60,15.7,4.06,926.4
2025-08-19,25.0,14.6,63,17.9,3.8,927.2
2025-08-20,26.1,13.0,57,11.6,4.45,926.9
2025-08-21,28.4,13.5,51,14.4,4.75,926.2
2025-08-22,26.3,13.7,57,15.9,4.6,925.7
2025-08-23,27.6,14.4,55,15.7,4.77,926.2
2025-08-24,29.6,13.5,53,12.7,4.95,926.3
2025-08-25,27.8,14.8,53,13.2,4.91,927.6
2025-08-26,27.7,14.8,55,12.8,4.76,927.8
2025-08-27,27.1,14.6,54,12.4,4.69,928.2
2025-08-28,27.0,15.4,55,12.7,4.45,927.8
2025-08-29,24.8,15.3,68,14.8,3.35,926.2
2025-08-30,23.2,14.2,80,14.8,2.73,926.7
2025-08-31,23.9,14.4,71,16.1,3.19,928.0
2025-09-01,25.3,15.6,72,18.2,3.88,929.6
2025-09-02,24.8,14.8,69,19.8,3.42,929.9
2025-09-03,24.1,14.3,61,18.6,4.2,929.3
2025-09-04,25.0,13.2,59,15.9,4.67,927.8
2025-09-05,26.1,13.7,55,11.3,4.72,926.1
2025-09-06,28.9,13.6,48,15.2,5.31,925.7
2025-09-07,30.0,15.3,57,18.0,4.92,927.8
2025-09-08,26.1,16.4,62,18.8,4.27,927.9
2025-09-09,30.4,15.9,49,13.0,5.31,925.6
2025-09-10,32.5,16.3,45,16.3,5.54,924.5
2025-09-11,31.6,16.6,44,12.5,5.6,926.1
2025-09-12,30.5,16.9,51,16.4,5.64,924.3
2025-09-13,28.6,17.3,63,16.1,4.64,924.9
2025-09-14,26.5,16.8,65,16.9,3.93,925.8
2025-09-15,26.8,16.7,64,14.5,4.06,925.3
2025-09-16,28.6,15.7,57,14.9,5.13,923.7
2025-09-17,29.9,17.3,55,13.4,4.67,923.0
2025-09-18,29.7,16.6,59,15.5,5.09,924.1
2025-09-19,29.4,17.7,56,16.7,5.47,925.6
2025-09-20,29.9,18.1,61,14.4,4.87,924.8
2025-09-21,31.8,17.7,53,15.0,5.58,921.9
2025-09-22,33.2,19.6,60,24.8,5.47,921.1
2025-09-23,27.4,19.6,75,13.6,3.67,924.8
2025-09-24,26.3,17.7,69,17.2,4.37,929.2
2025-09-25,23.3,14.9,69,17.2,3.65,929.5
2025-09-26,21.8,12.6,61,16.7,3.92,928.4
2025-09-27,24.2,12.0,57,14.8,4.82,927.6
2025-09-28,26.2,12.1,50,13.3,5.51,926.7
2025-09-29,31.3,14.7,45,20.7,5.91,926.0
2025-09-30,30.2,16.1,44,16.4,6.21,926.5
2025-10-01,29.2,15.1,51,15.9,5.97,927.0
2025-10-02,28.1,15.7,53,16.9,5.29,927.5
2025-10-03,27.4,16.3,53,18.3,5.04,927.5
2025-10-04,25.9,16.3,61,19.7,4.16,927.7
2025-10-05,27.2,16.7,60,16.3,4.31,926.2
2025-10-06,30.7,16.9,55,15.0,5.64,923.0
2025-10-07,34.0,18.4,44,13.4,6.04,921.9
2025-10-08,28.8,19.6,62,17.6,4.88,923.9
2025-10-09,25.6,18.4,65,17.2,3.65,926.2
2025-10-10,27.4,18.0,60,16.5,4.09,925.9
2025-10-11,29.6,18.4,70,17.5,3.62,923.5
2025-10-12,28.8,17.9,67,15.6,4.86,921.6
2025-10-13,26.8,18.9,75,12.2,3.17,921.5
2025-10-14,26.7,19.4,83,11.7,2.94,922.9
2025-10-15,28.3,18.9,72,15.5,5.03,924.3
2025-10-16,29.2,19.2,68,15.7,5.17,923.8
2025-10-17,30.2,18.8,63,13.1,5.25,922.1
2025-10-18,32.5,19.1,59,17.9,5.03,920.3
2025-10-19,26.1,15.6,73,19.0,3.41,921.4
2025-10-20,21.1,13.4,63,16.7,3.43,926.3
2025-10-21,23.0,11.1,56,16.3,4.82,928.8
2025-10-22,22.2,12.9,57,17.7,4.01,929.6
2025-10-23,23.5,11.7,57,18.9,4.68,929.0
2025-10-24,23.1,14.8,62,16.6,3.66,928.1
2025-10-25,27.0,15.8,60,15.7,5.15,925.6
2025-10-26,30.3,16.9,59,15.9,5.95,923.4
2025-10-27,30.8,18.3,55,16.5,6.34,924.0
2025-10-28,29.4,19.8,51,15.9,4.98,925.3
2025-10-29,31.8,19.1,57,15.3,5.59,924.0
2025-10-30,28.9,18.9,81,9.8,2.97,923.1
2025-10-31,25.9,18.8,87,14.6,3.01,923.2
2025-11-01,30.2,18.3,73,11.8,4.9,923.3
2025-11-02,29.3,19.8,75,12.1,3.93,922.1
2025-11-03,24.7,18.8,82,15.3,2.83,921.7
2025-11-04,29.3,18.0,73,11.7,4.89,921.7
2025-11-05,32.5,19.0,70,8.7,5.73,921.7
2025-11-06,34.0,20.4,61,16.9,6.11,920.5
2025-11-07,28.2,18.5,70,17.2,4.1,920.2
2025-11-08,24.4,19.0,91,13.9,1.79,919.0
2025-11-09,24.5,18.9,85,13.9,2.48,921.2
2025-11-10,25.2,16.6,73,14.8,4.26,924.5
2025-11-11,25.6,16.7,72,13.7,4.46,925.1
2025-11-12,27.9,15.8,63,16.4,6.01,924.6
2025-11-13,29.9,15.6,59,15.3,5.86,924.3
2025-11-14,30.8,17.2,55,15.2,6.09,924.4
2025-11-15,30.2,19.2,75,14.4,4.11,923.1
2025-11-16,28.0,19.0,80,13.9,3.91,921.9
2025-11-17,22.5,18.3,89,7.6,2.0,921.6
2025-11-18,28.6,18.7,75,13.0,5.26,919.1
2025-11-19,27.2,18.3,66,14.8,6.06,918.0
2025-11-20,27.7,14.8,57,19.4,6.46,920.5
2025-11-21,28.1,16.3,62,13.0,5.72,922.4
2025-11-22,28.9,16.5,62,13.2,5.13,921.6
2025-11-23,25.9,17.7,87,10.0,2.12,921.4
2025-11-24,26.0,15.9,78,13.0,4.4,919.9
2025-11-25,27.3,16.9,77,14.2,3.91,919.0
2025-11-26,28.7,15.3,66,17.3,6.07,920.6
2025-11-27,28.0,17.4,67,16.4,5.6,922.4
2025-11-28,28.6,18.1,70,10.9,4.8,921.5
2025-11-29,28.6,17.2,74,11.8,4.59,919.4
2025-11-30,29.2,18.1,69,13.8,5.1,919.3
2025-12-01,31.6,19.5,62,11.4,4.96,919.3
2025-12-02,29.3,18.7,75,16.1,4.93,918.9
2025-12-03,26.9,19.5,88,12.9,3.1,919.0
2025-12-04,23.5,18.9,91,9.8,2.33,919.1
2025-12-05,26.3,18.4,80,13.5,4.46,921.0
2025-12-06,27.9,18.4,71,12.4,5.43,922.5
2025-12-07,28.8,18.8,73,13.2,5.55,922.7
2025-12-08,26.3,18.3,80,8.6,4.26,922.0
2025-12-09,25.1,18.4,88,19.1,2.56,920.2
2025-12-10,25.7,18.8,89,23.0,3.21,918.4
2025-12-11,29.9,19.3,75,18.8,5.51,917.8
2025-12-12,30.5,19.1,79,11.4,5.47,918.2
2025-12-13,27.3,19.9,81,13.7,3.93,919.7
2025-12-14,30.0,19.6,78,9.5,4.77,920.0
2025-12-15,28.4,19.9,87,13.8,4.04,919.7
2025-12-16,25.0,19.8,93,12.6,2.25,919.4
2025-12-17,23.6,18.4,92,12.7,1.67,919.5
2025-12-18,24.3,17.3,83,15.4,3.47,921.0
2025-12-19,25.0,19.2,79,14.1,3.52,921.7
2025-12-20,26.6,18.7,81,9.4,3.91,922.3
2025-12-21,26.8,18.3,75,16.2,5.04,922.7
2025-12-22,26.7,18.0,71,18.8,5.34,922.6
2025-12-23,28.0,17.6,71,10.6,5.71,923.2
2025-12-24,29.7,18.8,71,9.7,5.93,922.3
2025-12-25,30.0,17.3,67,7.8,6.02,921.5
2025-12-26,32.2,19.0,70,17.7,5.55,921.8
2025-12-27,31.6,19.5,67,13.7,5.66,921.6
2025-12-28,32.2,20.8,63,7.3,6.07,920.4
2025-12-29,32.3,20.0,67,10.3,5.72,920.2
2025-12-30,31.5,21.0,72,18.2,5.31,921.5
2025-12-31,30.6,20.6,71,10.8,5.3,922.8
